ticker,company_name,first_year,last_year,years_tracked,total_actions,unique_managers,currently_held,total_buys,total_sells,total_adds,total_reduces,first_buy_period,complete_exit_count,accumulation_score,life_cycle_score,_analysis_type,_generated,_periods,_window_quarters
MSFT,Microsoft Corp.,2013,2026,14,548,48,True,25,16,209,298,Q1 2013,16,-80,100.0,stock_life_cycles,2026-09-03,Q1 2007 to Q2 2026,78
AMZN,Amazon.com Inc.,2018,2026,9,392,45,True,33,24,155,180,Q1 2019,24,-16,97.9,stock_life_cycles,2026-09-03,Q1 2007 to Q2 2026,78
GOOGL,Alphabet Inc.,2012,2026,15,469,47,True,36,26,142,265,Q4 2017,26,-113,95.2,stock_life_cycles,2026-09-03,Q1 2007 to Q2 2026,78
META,Meta Platforms Inc.,2017,2026,10,498,43,True,35,32,173,258,Q1 2018,32,-82,87.8,stock_life_cycles,2026-09-03,Q1 2007 to Q2 2026,78
GOOG,Alphabet Inc. CL C,2014,2026,13,459,45,True,19,13,137,290,Q4 2014,13,-147,86.8,stock_life_cycles,2026-09-03,Q1 2007 to Q2 2026,78
UNH,United Health Group Inc.,2008,2026,19,282,38,True,29,34,87,132,Q3 2008,34,-50,85.5,stock_life_cycles,2026-09-03,Q1 2007 to Q2 2026,78
DIS,Walt Disney Co.,2008,2026,19,277,34,True,19,16,112,130,Q4 2016,16,-15,81.0,stock_life_cycles,2026-09-03,Q1 2007 to Q2 2026,78
AAPL,Apple Inc.,2012,2026,15,265,35,True,24,16,97,128,Q3 2013,16,-23,80.2,stock_life_cycles,2026-09-03,Q1 2007 to Q2 2026,78
V,Visa Inc.,2008,2026,19,395,35,True,17,13,147,218,Q3 2008,13,-67,77.8,stock_life_cycles,2026-09-03,Q1 2007 to Q2 2026,78
ADBE,Adobe Inc.,2012,2026,15,180,29,True,18,21,69,72,Q1 2019,21,-6,69.9,stock_life_cycles,2026-09-03,Q1 2007 to Q2 2026,78
BABA,Alibaba Group Holdings,2018,2026,9,191,31,True,23,29,61,78,Q2 2019,29,-23,69.2,stock_life_cycles,2026-09-03,Q1 2007 to Q2 2026,78
BRK.B,Berkshire Hathaway CL B,2007,2026,20,450,33,True,12,14,135,289,Q3 2009,14,-156,65.4,stock_life_cycles,2026-09-03,Q1 2007 to Q2 2026,78
CMCSA,Comcast Corp.,2007,2026,20,163,25,True,13,13,69,68,Q4 2007,13,1,65.1,stock_life_cycles,2026-09-03,Q1 2007 to Q2 2026,78
BAC,Bank of America Corp.,2010,2026,17,224,29,True,14,17,64,129,Q1 2010,17,-68,64.7,stock_life_cycles,2026-09-03,Q1 2007 to Q2 2026,78
MA,Mastercard Inc.,2008,2026,19,288,28,True,16,14,98,160,Q3 2008,14,-60,64.5,stock_life_cycles,2026-09-03,Q1 2007 to Q2 2026,78
TSM,Taiwan Semiconductor S.A.,2017,2026,10,216,28,True,20,7,71,118,Q3 2017,7,-34,62.6,stock_life_cycles,2026-09-03,Q1 2007 to Q2 2026,78
FISV,Fiserv Inc.,2010,2026,17,161,24,True,18,20,56,67,Q2 2010,20,-13,60.2,stock_life_cycles,2026-09-03,Q1 2007 to Q2 2026,78
NVDA,NVIDIA Corp.,2019,2026,8,121,24,True,22,8,48,43,Q3 2019,8,19,58.9,stock_life_cycles,2026-09-03,Q1 2007 to Q2 2026,78
WFC,Wells Fargo,2009,2026,18,201,27,True,12,14,39,136,Q1 2009,14,-99,58.1,stock_life_cycles,2026-09-03,Q1 2007 to Q2 2026,78
TMO,Thermo Fisher Scientific,2017,2026,10,160,23,True,16,16,60,68,Q1 2017,16,-8,55.2,stock_life_cycles,2026-09-03,Q1 2007 to Q2 2026,78
C,Citigroup Inc.,2009,2026,18,205,22,True,14,19,67,105,Q4 2009,19,-43,53.7,stock_life_cycles,2026-09-03,Q1 2007 to Q2 2026,78
MCO,Moody's Corp.,2009,2026,18,242,21,True,7,5,101,129,Q1 2016,5,-26,53.4,stock_life_cycles,2026-09-03,Q1 2007 to Q2 2026,78
COF,Capital One Financial,2019,2026,8,165,25,True,14,10,38,103,Q2 2020,10,-61,52.9,stock_life_cycles,2026-09-03,Q1 2007 to Q2 2026,78
ELV,Elevance Health Inc.,2008,2026,19,132,19,True,10,8,57,57,Q2 2008,8,2,52.7,stock_life_cycles,2026-09-03,Q1 2007 to Q2 2026,78
XOM,ExxonMobil Holdings Corp.,2007,2026,20,149,19,True,10,11,60,68,Q2 2013,11,-9,52.1,stock_life_cycles,2026-09-03,Q1 2007 to Q2 2026,78
BMY,Bristol-Myers Squibb,2008,2026,19,119,20,True,13,14,33,59,Q1 2008,14,-27,51.8,stock_life_cycles,2026-09-03,Q1 2007 to Q2 2026,78
JPM,JPMorgan Chase & Co.,2014,2026,13,229,23,True,8,7,70,144,Q3 2014,7,-73,50.2,stock_life_cycles,2026-09-03,Q1 2007 to Q2 2026,78
CRM,Salesforce.com,2018,2026,9,130,20,True,18,17,48,47,Q4 2018,17,2,49.7,stock_life_cycles,2026-09-03,Q1 2007 to Q2 2026,78
CVS,CVS Health Corp.,2011,2026,16,102,19,True,14,12,30,46,Q3 2011,12,-14,49.6,stock_life_cycles,2026-09-03,Q1 2007 to Q2 2026,78
GE,GE Aerospace,2010,2026,17,118,18,True,10,7,48,53,Q3 2010,7,-2,49.3,stock_life_cycles,2026-09-03,Q1 2007 to Q2 2026,78
AXP,American Express,2009,2026,18,124,22,True,7,9,11,97,Q1 2009,9,-88,49.2,stock_life_cycles,2026-09-03,Q1 2007 to Q2 2026,78
AON,Aon Plc,2007,2026,20,112,16,True,11,8,53,40,Q3 2020,8,16,48.6,stock_life_cycles,2026-09-03,Q1 2007 to Q2 2026,78
INTU,Intuit Inc.,2018,2026,9,173,21,True,15,13,54,91,Q3 2021,13,-35,48.0,stock_life_cycles,2026-09-03,Q1 2007 to Q2 2026,78
ORCL,Oracle Corp.,2012,2026,15,138,20,True,9,8,37,84,Q3 2018,8,-46,47.9,stock_life_cycles,2026-09-03,Q1 2007 to Q2 2026,78
FDX,FedEx Corp.,2007,2026,20,110,17,True,12,10,37,51,Q2 2019,10,-12,47.8,stock_life_cycles,2026-09-03,Q1 2007 to Q2 2026,78
PYPL,PayPal Holdings Inc.,2015,2026,12,190,20,True,13,17,61,99,Q3 2015,17,-42,46.8,stock_life_cycles,2026-09-03,Q1 2007 to Q2 2026,78
UBER,Uber Technologies Inc.,2019,2026,8,129,18,True,14,9,57,49,Q2 2019,9,13,46.3,stock_life_cycles,2026-09-03,Q1 2007 to Q2 2026,78
CHTR,Charter Communications,2014,2026,13,177,19,True,10,15,61,91,Q2 2014,15,-35,46.0,stock_life_cycles,2026-09-03,Q1 2007 to Q2 2026,78
GM,General Motors,2010,2026,17,143,16,True,12,12,60,59,Q4 2010,12,1,45.6,stock_life_cycles,2026-09-03,Q1 2007 to Q2 2026,78
KMX,CarMax Inc.,2009,2026,18,152,16,True,4,12,69,67,Q4 2013,12,-6,45.4,stock_life_cycles,2026-09-03,Q1 2007 to Q2 2026,78
INTC,Intel Corp.,2011,2026,16,84,17,True,14,15,19,36,Q3 2011,15,-18,45.2,stock_life_cycles,2026-09-03,Q1 2007 to Q2 2026,78
DG,Dollar General,2011,2026,16,98,15,True,14,11,42,31,Q2 2011,11,14,44.4,stock_life_cycles,2026-09-03,Q1 2007 to Q2 2026,78
NKE,NIKE Inc.,2010,2026,17,124,15,True,9,11,55,49,Q4 2017,11,4,43.9,stock_life_cycles,2026-09-03,Q1 2007 to Q2 2026,78
BN,Brookfield Corp.,2011,2026,16,147,17,True,11,9,47,80,Q1 2011,9,-31,43.9,stock_life_cycles,2026-09-03,Q1 2007 to Q2 2026,78
SPGI,S&P Global Inc.,2013,2026,14,139,17,True,13,11,46,69,Q1 2013,11,-21,43.9,stock_life_cycles,2026-09-03,Q1 2007 to Q2 2026,78
PG,Procter & Gamble,2009,2026,18,169,17,True,9,8,54,98,Q2 2012,8,-43,43.7,stock_life_cycles,2026-09-03,Q1 2007 to Q2 2026,78
BRK.A,Berkshire Hathaway CL A,2007,2026,20,116,17,True,4,6,26,80,Q3 2009,6,-56,43.4,stock_life_cycles,2026-09-03,Q1 2007 to Q2 2026,78
DHR,Danaher Corp.,2013,2026,14,97,16,True,10,9,34,44,Q4 2013,9,-9,43.1,stock_life_cycles,2026-09-03,Q1 2007 to Q2 2026,78
MCD,McDonald's Corp.,2007,2026,20,73,13,True,10,7,36,20,Q2 2009,7,19,42.9,stock_life_cycles,2026-09-03,Q1 2007 to Q2 2026,78
MU,Micron Technology Inc.,2017,2026,10,101,16,True,11,16,43,31,Q1 2017,16,7,42.7,stock_life_cycles,2026-09-03,Q1 2007 to Q2 2026,78
GS,Goldman Sachs Group,2010,2026,17,117,17,True,7,13,26,71,Q2 2010,13,-51,42.4,stock_life_cycles,2026-09-03,Q1 2007 to Q2 2026,78
JNJ,Johnson & Johnson,2007,2026,20,130,16,True,3,6,37,84,Q2 2020,6,-50,42.0,stock_life_cycles,2026-09-03,Q1 2007 to Q2 2026,78
SPY,SPDR S&P 500 ETF Trust,2019,2026,8,80,16,True,16,13,29,22,Q4 2019,13,10,42.0,stock_life_cycles,2026-09-03,Q1 2007 to Q2 2026,78
LLY,Eli Lilly & Co.,2009,2026,18,54,14,True,10,8,17,19,Q2 2023,8,0,42.0,stock_life_cycles,2026-09-03,Q1 2007 to Q2 2026,78
UNP,Union Pacific,2017,2026,10,106,15,True,9,8,53,36,Q2 2017,8,18,41.8,stock_life_cycles,2026-09-03,Q1 2007 to Q2 2026,78
NFLX,Netflix Inc.,2013,2026,14,104,16,True,14,14,27,49,Q3 2019,14,-22,41.8,stock_life_cycles,2026-09-03,Q1 2007 to Q2 2026,78
SCHW,Charles Schwab Corp.,2012,2026,15,179,16,True,6,6,69,98,Q3 2012,6,-29,41.6,stock_life_cycles,2026-09-03,Q1 2007 to Q2 2026,78
CP,Canadian Pacific Kansas City,2011,2026,16,114,14,True,10,8,50,46,Q3 2011,8,6,41.6,stock_life_cycles,2026-09-03,Q1 2007 to Q2 2026,78
FERG,Ferguson Enterprises Inc.,2021,2026,6,98,16,True,15,7,41,35,Q1 2021,7,14,41.4,stock_life_cycles,2026-09-03,Q1 2007 to Q2 2026,78
PGR,Progressive Corp.,2007,2026,20,104,13,True,10,9,43,42,Q4 2019,9,2,41.2,stock_life_cycles,2026-09-03,Q1 2007 to Q2 2026,78
PFE,Pfizer Inc.,2008,2026,19,121,14,True,8,8,46,59,Q2 2008,8,-13,41.2,stock_life_cycles,2026-09-03,Q1 2007 to Q2 2026,78
AMAT,Applied Materials,2019,2026,8,103,17,True,17,11,25,50,Q1 2020,11,-19,41.1,stock_life_cycles,2026-09-03,Q1 2007 to Q2 2026,78
HD,Home Depot,2010,2026,17,85,14,True,6,7,34,38,Q1 2021,7,-5,41.0,stock_life_cycles,2026-09-03,Q1 2007 to Q2 2026,78
AVGO,Broadcom Inc.,2019,2026,8,99,17,True,14,8,25,52,Q3 2019,8,-21,40.9,stock_life_cycles,2026-09-03,Q1 2007 to Q2 2026,78
MHK,Mohawk Industries,2007,2026,20,56,13,True,7,13,20,16,Q3 2019,13,-2,40.8,stock_life_cycles,2026-09-03,Q1 2007 to Q2 2026,78
MRSH,Marsh,2007,2026,20,72,12,True,6,4,39,23,Q3 2020,4,18,40.8,stock_life_cycles,2026-09-03,Q1 2007 to Q2 2026,78
PEP,PepsiCo Inc.,2016,2026,11,145,17,True,10,9,41,85,Q3 2019,9,-43,40.2,stock_life_cycles,2026-09-03,Q1 2007 to Q2 2026,78
EFX,Equifax Inc.,2017,2026,10,141,15,True,12,11,59,59,Q3 2017,11,1,40.1,stock_life_cycles,2026-09-03,Q1 2007 to Q2 2026,78
USB,U.S. Bancorp,2012,2026,15,120,15,True,4,10,43,63,Q4 2012,10,-26,39.9,stock_life_cycles,2026-09-03,Q1 2007 to Q2 2026,78
MRK,Merck & Co.,2007,2026,20,117,14,True,7,8,33,69,Q3 2020,8,-37,39.3,stock_life_cycles,2026-09-03,Q1 2007 to Q2 2026,78
BKNG,Booking Holdings Inc.,2017,2026,10,165,17,True,18,16,41,90,Q4 2018,16,-47,39.3,stock_life_cycles,2026-09-03,Q1 2007 to Q2 2026,78
CSX,CSX Corp.,2009,2026,18,75,13,True,13,14,20,28,Q2 2009,14,-9,39.1,stock_life_cycles,2026-09-03,Q1 2007 to Q2 2026,78
CVX,Chevron Corp.,2019,2026,8,106,15,True,11,6,42,47,Q4 2019,6,0,39.0,stock_life_cycles,2026-09-03,Q1 2007 to Q2 2026,78
SBUX,Starbucks Corp.,2018,2026,9,122,15,True,7,9,51,55,Q4 2018,9,-6,38.9,stock_life_cycles,2026-09-03,Q1 2007 to Q2 2026,78
LPLA,LPL Financial Holdings Inc.,2012,2026,15,78,13,True,9,10,31,28,Q1 2022,10,2,38.7,stock_life_cycles,2026-09-03,Q1 2007 to Q2 2026,78
VZ,Verizon Communications,2014,2026,13,103,15,True,9,9,28,57,Q1 2014,9,-29,38.6,stock_life_cycles,2026-09-03,Q1 2007 to Q2 2026,78
BA,Boeing Co.,2008,2026,19,60,12,True,12,11,18,19,Q4 2008,11,0,38.5,stock_life_cycles,2026-09-03,Q1 2007 to Q2 2026,78
WTW,Willis Towers Watson plc,2012,2026,15,89,13,True,8,7,34,40,Q4 2012,7,-5,38.0,stock_life_cycles,2026-09-03,Q1 2007 to Q2 2026,78
UPS,United Parcel Service,2012,2026,15,52,13,True,8,6,15,23,Q4 2014,6,-6,37.9,stock_life_cycles,2026-09-03,Q1 2007 to Q2 2026,78
WBD,Warner Bros. Discovery Inc.,2013,2026,14,73,13,True,14,14,20,25,Q1 2013,14,-5,37.5,stock_life_cycles,2026-09-03,Q1 2007 to Q2 2026,78
JD,JD.com Inc.,2019,2026,8,100,15,True,11,13,31,45,Q1 2019,13,-16,37.4,stock_life_cycles,2026-09-03,Q1 2007 to Q2 2026,78
KKR,KKR & Co. L.P.,2017,2026,10,136,15,True,11,10,44,71,Q2 2017,10,-26,37.4,stock_life_cycles,2026-09-03,Q1 2007 to Q2 2026,78
MSCI,MSCI Inc.,2012,2026,15,67,12,True,8,6,30,23,Q4 2012,6,9,37.4,stock_life_cycles,2026-09-03,Q1 2007 to Q2 2026,78
T,AT&T Inc.,2015,2026,12,77,13,True,9,11,28,29,Q3 2015,11,-3,36.7,stock_life_cycles,2026-09-03,Q1 2007 to Q2 2026,78
AIG,American International Group,2007,2026,20,61,11,True,9,9,19,24,Q3 2007,9,-5,36.5,stock_life_cycles,2026-09-03,Q1 2007 to Q2 2026,78
HUM,Humana Inc.,2008,2026,19,55,11,True,8,10,19,18,Q4 2008,10,-1,36.4,stock_life_cycles,2026-09-03,Q1 2007 to Q2 2026,78
BP,BP plc,2010,2026,17,92,12,True,8,10,32,42,Q3 2013,10,-12,36.3,stock_life_cycles,2026-09-03,Q1 2007 to Q2 2026,78
KHC,Kraft Heinz Co.,2013,2026,14,65,12,True,10,7,24,24,Q3 2019,7,3,36.3,stock_life_cycles,2026-09-03,Q1 2007 to Q2 2026,78
OXY,Occidental Petroleum,2019,2026,8,77,13,True,15,12,30,20,Q2 2019,12,13,36.3,stock_life_cycles,2026-09-03,Q1 2007 to Q2 2026,78
MELI,Mercadolibre Inc.,2019,2026,8,41,13,True,10,6,17,8,Q3 2020,6,13,36.3,stock_life_cycles,2026-09-03,Q1 2007 to Q2 2026,78
BDX,Becton Dickinson,2009,2026,18,76,12,True,3,5,26,42,Q4 2024,5,-18,36.2,stock_life_cycles,2026-09-03,Q1 2007 to Q2 2026,78
EPD,Enterprise Products Partners LP,2012,2026,15,54,11,True,9,6,26,13,Q3 2020,6,16,36.1,stock_life_cycles,2026-09-03,Q1 2007 to Q2 2026,78
WMT,Walmart Inc.,2007,2026,20,63,11,True,3,5,23,32,Q3 2021,5,-11,35.9,stock_life_cycles,2026-09-03,Q1 2007 to Q2 2026,78
PPLI,People Inc.,2007,2026,20,75,10,True,3,8,39,25,Q4 2019,8,9,35.9,stock_life_cycles,2026-09-03,Q1 2007 to Q2 2026,78
ACN,Accenture,2021,2026,6,70,14,True,8,4,26,32,Q3 2021,4,-2,35.8,stock_life_cycles,2026-09-03,Q1 2007 to Q2 2026,78
BNY,Bank of New York Mellon Corp.,2010,2026,17,112,13,True,3,3,33,73,Q3 2010,3,-40,35.5,stock_life_cycles,2026-09-03,Q1 2007 to Q2 2026,78
CVNA,Carvana Co.,2018,2026,9,99,13,True,13,9,36,41,Q1 2018,9,-1,35.4,stock_life_cycles,2026-09-03,Q1 2007 to Q2 2026,78
EBAY,eBay Inc.,2014,2026,13,114,13,True,9,12,36,57,Q1 2014,12,-24,35.1,stock_life_cycles,2026-09-03,Q1 2007 to Q2 2026,78
BIDU,Baidu Inc.,2016,2026,11,52,13,True,7,11,12,22,Q1 2021,11,-14,35.1,stock_life_cycles,2026-09-03,Q1 2007 to Q2 2026,78
ZTS,Zoetis Inc.,2014,2026,13,104,12,True,8,6,42,48,Q3 2014,6,-4,35.1,stock_life_cycles,2026-09-03,Q1 2007 to Q2 2026,78
DEO,Diageo ADR,2021,2026,6,60,13,True,6,5,29,20,Q1 2021,5,10,35.0,stock_life_cycles,2026-09-03,Q1 2007 to Q2 2026,78
LYV,Live Nation Inc.,2013,2026,14,71,12,True,11,6,18,36,Q2 2013,6,-13,34.7,stock_life_cycles,2026-09-03,Q1 2007 to Q2 2026,78
TEVA,Teva Pharmaceutical Industries Ltd.,2007,2026,20,74,11,True,8,10,17,39,Q3 2007,10,-24,34.6,stock_life_cycles,2026-09-03,Q1 2007 to Q2 2026,78
GD,General Dynamics,2008,2026,19,39,10,True,5,8,15,11,Q4 2008,8,1,34.6,stock_life_cycles,2026-09-03,Q1 2007 to Q2 2026,78
CSCO,Cisco Systems,2011,2026,16,71,12,True,5,6,18,42,Q2 2011,6,-25,34.5,stock_life_cycles,2026-09-03,Q1 2007 to Q2 2026,78
ABT,Abbott Labs,2009,2026,18,36,11,True,4,5,6,21,Q3 2024,5,-16,34.4,stock_life_cycles,2026-09-03,Q1 2007 to Q2 2026,78
BAX,Baxter International Inc.,2009,2026,18,46,10,True,3,3,22,18,Q4 2024,3,4,34.4,stock_life_cycles,2026-09-03,Q1 2007 to Q2 2026,78
VRSK,Verisk Analytics Inc.,2011,2026,16,132,11,True,4,6,57,65,Q2 2011,6,-10,34.0,stock_life_cycles,2026-09-03,Q1 2007 to Q2 2026,78
RTX,RTX Corp.,2018,2026,9,59,13,True,7,7,14,31,Q1 2018,7,-17,33.8,stock_life_cycles,2026-09-03,Q1 2007 to Q2 2026,78
MO,Altria Group Inc.,2019,2026,8,54,13,True,7,8,14,25,Q4 2019,8,-12,33.8,stock_life_cycles,2026-09-03,Q1 2007 to Q2 2026,78
SE,Sea Ltd,2019,2026,8,81,12,True,10,8,34,29,Q1 2021,8,7,33.7,stock_life_cycles,2026-09-03,Q1 2007 to Q2 2026,78
APD,Air Products & Chemicals,2013,2026,14,50,10,True,8,4,25,13,Q2 2013,4,16,33.6,stock_life_cycles,2026-09-03,Q1 2007 to Q2 2026,78
EXE,Expand Energy Corp.,2012,2026,15,59,11,True,7,8,18,26,Q2 2012,8,-9,33.6,stock_life_cycles,2026-09-03,Q1 2007 to Q2 2026,78
IQV,IQVIA Holdings Inc.,2017,2026,10,66,12,True,9,8,21,28,Q2 2017,8,-6,33.4,stock_life_cycles,2026-09-03,Q1 2007 to Q2 2026,78
KO,Coca Cola Co.,2007,2026,20,76,11,True,4,3,16,53,Q2 2020,3,-36,33.4,stock_life_cycles,2026-09-03,Q1 2007 to Q2 2026,78
LBRDK,Liberty Broadband Corp. CL C,2018,2026,9,62,13,True,6,11,14,31,Q1 2018,11,-22,33.3,stock_life_cycles,2026-09-03,Q1 2007 to Q2 2026,78
PM,Philip Morris Intl.,2019,2026,8,94,14,True,4,5,24,61,Q4 2020,5,-38,33.2,stock_life_cycles,2026-09-03,Q1 2007 to Q2 2026,78
FLUT,Flutter Entertainment Plc,2024,2026,3,65,13,True,11,10,25,19,Q1 2024,10,7,33.2,stock_life_cycles,2026-09-03,Q1 2007 to Q2 2026,78
ADSK,Autodesk Inc.,2012,2026,15,57,11,True,6,11,16,24,Q2 2012,11,-13,33.2,stock_life_cycles,2026-09-03,Q1 2007 to Q2 2026,78
NOV,Nov Inc.,2012,2026,15,50,10,True,8,7,20,15,Q2 2012,7,6,33.1,stock_life_cycles,2026-09-03,Q1 2007 to Q2 2026,78
LOW,Lowe's Cos.,2010,2026,17,89,10,True,8,9,33,39,Q3 2011,9,-7,32.8,stock_life_cycles,2026-09-03,Q1 2007 to Q2 2026,78
URI,United Rentals,2008,2026,19,55,9,True,7,5,22,21,Q2 2008,5,3,32.8,stock_life_cycles,2026-09-03,Q1 2007 to Q2 2026,78
DE,Deere & Co.,2012,2026,15,45,10,True,5,3,19,18,Q3 2012,3,3,32.8,stock_life_cycles,2026-09-03,Q1 2007 to Q2 2026,78
TGT,Target Corp.,2007,2026,20,48,9,True,6,4,17,21,Q4 2022,4,-2,32.8,stock_life_cycles,2026-09-03,Q1 2007 to Q2 2026,78
CPNG,Coupang Inc.,2021,2026,6,64,12,True,10,7,25,22,Q1 2021,7,6,32.6,stock_life_cycles,2026-09-03,Q1 2007 to Q2 2026,78
CI,Cigna Group,2018,2026,9,66,11,True,9,6,29,22,Q2 2018,6,10,32.5,stock_life_cycles,2026-09-03,Q1 2007 to Q2 2026,78
LBTYA,Liberty Global Ltd CL A,2011,2026,16,66,10,True,8,8,21,29,Q2 2011,8,-8,32.2,stock_life_cycles,2026-09-03,Q1 2007 to Q2 2026,78
COST,Costco Co.,2007,2026,20,71,10,True,4,5,17,45,Q1 2022,5,-29,32.1,stock_life_cycles,2026-09-03,Q1 2007 to Q2 2026,78
CCK,Crown Holdings,2012,2026,15,54,10,True,6,7,19,22,Q1 2018,7,-4,32.1,stock_life_cycles,2026-09-03,Q1 2007 to Q2 2026,78
CNI,Canadian Natl Railway Co.,2007,2026,20,58,8,True,6,2,28,22,Q3 2018,2,10,32.0,stock_life_cycles,2026-09-03,Q1 2007 to Q2 2026,78
CROX,Crocs Inc.,2008,2026,19,35,8,True,9,3,16,7,Q2 2008,3,15,32.0,stock_life_cycles,2026-09-03,Q1 2007 to Q2 2026,78
ICLR,ICON plc,2023,2026,4,45,12,True,12,7,15,11,Q2 2023,7,9,31.9,stock_life_cycles,2026-09-03,Q1 2007 to Q2 2026,78
TSLA,Tesla Inc.,2018,2026,9,43,11,True,14,8,9,12,Q3 2018,8,3,31.8,stock_life_cycles,2026-09-03,Q1 2007 to Q2 2026,78
ADI,Analog Devices,2020,2026,7,116,12,True,7,3,47,59,Q1 2020,3,-8,31.7,stock_life_cycles,2026-09-03,Q1 2007 to Q2 2026,78
IFF,International Flavors & Fragrances Inc.,2021,2026,6,57,12,True,6,8,21,22,Q1 2021,8,-3,31.7,stock_life_cycles,2026-09-03,Q1 2007 to Q2 2026,78
AVTR,Avantor Inc.,2019,2026,8,43,11,True,10,7,14,12,Q2 2019,7,5,31.5,stock_life_cycles,2026-09-03,Q1 2007 to Q2 2026,78
ICE,Intercontinental Exchange Inc.,2012,2026,15,104,10,True,7,6,40,51,Q4 2012,6,-10,31.5,stock_life_cycles,2026-09-03,Q1 2007 to Q2 2026,78
JEF,Jefferies Financial Group Inc.,2007,2026,20,48,8,True,4,4,22,18,Q1 2016,4,4,31.4,stock_life_cycles,2026-09-03,Q1 2007 to Q2 2026,78
TDG,TransDigm Group Inc.,2012,2026,15,107,11,True,8,9,30,60,Q4 2012,9,-31,31.4,stock_life_cycles,2026-09-03,Q1 2007 to Q2 2026,78
PDD,Pinduoduo Inc.,2020,2026,7,67,11,True,14,10,23,20,Q4 2020,10,7,31.2,stock_life_cycles,2026-09-03,Q1 2007 to Q2 2026,78
MSI,Motorola Solutions Inc.,2012,2026,15,66,10,True,7,4,19,36,Q1 2012,4,-14,31.1,stock_life_cycles,2026-09-03,Q1 2007 to Q2 2026,78
NSC,Norfolk Southern Corp.,2007,2026,20,31,8,True,5,5,11,10,Q3 2015,5,1,31.1,stock_life_cycles,2026-09-03,Q1 2007 to Q2 2026,78
IBM,International Business Machines,2011,2026,16,66,9,True,8,6,25,27,Q1 2011,6,0,31.0,stock_life_cycles,2026-09-03,Q1 2007 to Q2 2026,78
HCA,HCA Healthcare Inc.,2016,2026,11,95,11,True,12,9,28,46,Q3 2016,9,-15,31.0,stock_life_cycles,2026-09-03,Q1 2007 to Q2 2026,78
HDB,HDFC Bank Ltd.,2019,2026,8,66,11,True,7,6,26,27,Q4 2019,6,0,31.0,stock_life_cycles,2026-09-03,Q1 2007 to Q2 2026,78
WCC,WESCO International Inc.,2015,2026,12,53,9,True,7,5,28,13,Q1 2015,5,17,30.7,stock_life_cycles,2026-09-03,Q1 2007 to Q2 2026,78
TXN,Texas Instruments,2022,2026,5,78,12,True,5,3,29,41,Q1 2024,3,-10,30.5,stock_life_cycles,2026-09-03,Q1 2007 to Q2 2026,78
SPOT,Spotify Technology S.A.,2019,2026,8,59,11,True,10,6,17,26,Q3 2021,6,-5,30.5,stock_life_cycles,2026-09-03,Q1 2007 to Q2 2026,78
DHI,D.R. Horton,2018,2026,9,113,12,True,12,11,29,61,Q3 2018,11,-31,30.4,stock_life_cycles,2026-09-03,Q1 2007 to Q2 2026,78
CSGP,CoStar Group Inc.,2019,2026,8,72,10,True,9,6,33,24,Q4 2019,6,12,30.2,stock_life_cycles,2026-09-03,Q1 2007 to Q2 2026,78
ASML,ASML Holding NV,2022,2026,5,53,11,True,12,4,18,19,Q4 2022,4,7,30.2,stock_life_cycles,2026-09-03,Q1 2007 to Q2 2026,78
SLB,Schlumberger Ltd.,2017,2026,10,62,11,True,6,5,16,35,Q4 2022,5,-18,30.2,stock_life_cycles,2026-09-03,Q1 2007 to Q2 2026,78
QCOM,QUALCOMM Inc.,2017,2026,10,73,11,True,8,8,19,38,Q1 2017,8,-19,30.1,stock_life_cycles,2026-09-03,Q1 2007 to Q2 2026,78
DVN,Devon Energy Corp.,2009,2026,18,42,8,True,7,4,14,17,Q2 2009,4,0,30.0,stock_life_cycles,2026-09-03,Q1 2007 to Q2 2026,78
COP,ConocoPhillips,2010,2026,17,69,9,True,1,1,26,41,Q2 2024,1,-15,30.0,stock_life_cycles,2026-09-03,Q1 2007 to Q2 2026,78
HLF,Herbalife Nutrition Ltd.,2014,2026,13,43,9,True,5,8,19,11,Q3 2019,8,5,30.0,stock_life_cycles,2026-09-03,Q1 2007 to Q2 2026,78
LAD,Lithia Motors Inc.,2018,2026,9,57,10,True,9,5,22,21,Q2 2018,5,5,30.0,stock_life_cycles,2026-09-03,Q1 2007 to Q2 2026,78
EXPE,Expedia Group Inc.,2010,2026,17,46,9,True,10,9,5,22,Q1 2010,9,-16,29.9,stock_life_cycles,2026-09-03,Q1 2007 to Q2 2026,78
ADP,Automatic Data Processing Inc.,2009,2026,18,77,9,True,7,6,20,44,Q2 2009,6,-23,29.7,stock_life_cycles,2026-09-03,Q1 2007 to Q2 2026,78
ROP,Roper Technologies Inc.,2014,2026,13,84,10,True,5,7,28,44,Q1 2014,7,-18,29.7,stock_life_cycles,2026-09-03,Q1 2007 to Q2 2026,78
MS,Morgan Stanley,2010,2026,17,74,9,True,7,7,21,39,Q2 2010,7,-18,29.7,stock_life_cycles,2026-09-03,Q1 2007 to Q2 2026,78
CAT,Caterpillar Inc.,2007,2026,20,44,7,True,1,0,24,19,Q3 2025,0,6,29.6,stock_life_cycles,2026-09-03,Q1 2007 to Q2 2026,78
CBRE,CBRE Group,2012,2026,15,119,10,True,4,5,41,69,Q1 2020,5,-29,29.6,stock_life_cycles,2026-09-03,Q1 2007 to Q2 2026,78
SNY,Sanofi Aventis,2010,2026,17,36,8,True,4,5,14,13,Q1 2021,5,0,29.5,stock_life_cycles,2026-09-03,Q1 2007 to Q2 2026,78
STLA,Stellantis N.V.,2014,2026,13,65,10,True,8,9,14,34,Q4 2014,9,-21,29.4,stock_life_cycles,2026-09-03,Q1 2007 to Q2 2026,78
LBTYK,Liberty Global Ltd CL C,2011,2026,16,56,9,True,4,7,16,29,Q2 2011,7,-16,29.4,stock_life_cycles,2026-09-03,Q1 2007 to Q2 2026,78
LEN,Lennar Corp.,2017,2026,10,106,10,True,8,7,41,50,Q4 2017,7,-8,29.2,stock_life_cycles,2026-09-03,Q1 2007 to Q2 2026,78
MTB,M&T Bank Corp.,2009,2026,18,59,7,True,4,4,31,20,Q2 2009,4,11,29.1,stock_life_cycles,2026-09-03,Q1 2007 to Q2 2026,78
DLTR,Dollar Tree Inc.,2012,2026,15,86,8,True,8,9,38,31,Q2 2018,9,6,29.1,stock_life_cycles,2026-09-03,Q1 2007 to Q2 2026,78
VOO,Vanguard S&P 500 ETF,2019,2026,8,53,10,True,10,8,17,18,Q4 2019,8,1,29.1,stock_life_cycles,2026-09-03,Q1 2007 to Q2 2026,78
TSN,Tyson Foods,2022,2026,5,69,9,True,4,3,48,14,Q1 2024,3,35,29.0,stock_life_cycles,2026-09-03,Q1 2007 to Q2 2026,78
ABBV,AbbVie Inc.,2020,2026,7,57,11,True,4,4,17,32,Q3 2020,4,-15,29.0,stock_life_cycles,2026-09-03,Q1 2007 to Q2 2026,78
CB,Chubb Limited,2019,2026,8,44,10,True,8,7,14,15,Q2 2020,7,0,29.0,stock_life_cycles,2026-09-03,Q1 2007 to Q2 2026,78
TJX,TJX Companies Inc.,2012,2026,15,38,9,True,5,7,6,20,Q2 2018,7,-16,28.9,stock_life_cycles,2026-09-03,Q1 2007 to Q2 2026,78
MKL,Markel Group Inc.,2012,2026,15,112,8,True,2,3,56,51,Q1 2022,3,4,28.9,stock_life_cycles,2026-09-03,Q1 2007 to Q2 2026,78
ADT,ADT Inc.,2016,2026,11,49,10,True,7,9,9,24,Q1 2016,9,-17,28.8,stock_life_cycles,2026-09-03,Q1 2007 to Q2 2026,78
REGN,Regeneron Pharmaceuticals,2009,2026,18,28,7,True,6,5,12,5,Q1 2009,5,8,28.8,stock_life_cycles,2026-09-03,Q1 2007 to Q2 2026,78
MDLZ,Mondelez International,2010,2026,17,111,9,True,7,9,35,60,Q1 2010,9,-27,28.8,stock_life_cycles,2026-09-03,Q1 2007 to Q2 2026,78
SUNB,Sunbelt Rentals Holdings Inc,2026,2026,1,12,11,True,11,0,1,0,Q1 2026,0,12,28.7,stock_life_cycles,2026-09-03,Q1 2007 to Q2 2026,78
TECK,Teck Resources,2009,2026,18,52,8,True,6,8,13,25,Q3 2010,8,-14,28.6,stock_life_cycles,2026-09-03,Q1 2007 to Q2 2026,78
FNF,Fidelity National Financial Inc.,2012,2026,15,61,9,True,5,6,16,34,Q2 2020,6,-19,28.6,stock_life_cycles,2026-09-03,Q1 2007 to Q2 2026,78
TEL,TE Connectivity plc,2007,2026,20,45,8,True,1,2,9,33,Q3 2007,2,-25,28.5,stock_life_cycles,2026-09-03,Q1 2007 to Q2 2026,78
PNC,PNC Financial Services,2018,2026,9,61,10,True,5,4,20,32,Q3 2018,4,-11,28.4,stock_life_cycles,2026-09-03,Q1 2007 to Q2 2026,78
HPQ,HP Inc.,2012,2026,15,33,8,True,8,7,7,11,Q4 2012,7,-3,28.2,stock_life_cycles,2026-09-03,Q1 2007 to Q2 2026,78
DAL,Delta Air Lines Inc.,2016,2026,11,56,9,True,5,5,21,25,Q3 2016,5,-4,28.1,stock_life_cycles,2026-09-03,Q1 2007 to Q2 2026,78
ZBH,Zimmer Biomet Holdings,2021,2026,6,61,10,True,3,3,28,27,Q2 2021,3,1,28.1,stock_life_cycles,2026-09-03,Q1 2007 to Q2 2026,78
KMI,Kinder Morgan,2013,2026,14,53,8,True,7,6,20,20,Q4 2013,6,1,28.1,stock_life_cycles,2026-09-03,Q1 2007 to Q2 2026,78
NYT,New York Times CL A,2012,2026,15,30,8,True,6,6,7,11,Q1 2021,6,-4,28.1,stock_life_cycles,2026-09-03,Q1 2007 to Q2 2026,78
AR,Antero Resources,2015,2026,12,61,9,True,7,8,19,27,Q2 2015,8,-9,28.1,stock_life_cycles,2026-09-03,Q1 2007 to Q2 2026,78
CL,Colgate-Palmolive,2019,2026,8,58,10,True,7,8,17,26,Q2 2020,8,-10,28.0,stock_life_cycles,2026-09-03,Q1 2007 to Q2 2026,78
PCG,PG&E Corp.,2017,2026,10,78,10,True,7,10,22,39,Q4 2017,10,-20,28.0,stock_life_cycles,2026-09-03,Q1 2007 to Q2 2026,78
SHW,Sherwin-Williams,2017,2026,10,46,9,True,5,3,18,20,Q1 2017,3,0,28.0,stock_life_cycles,2026-09-03,Q1 2007 to Q2 2026,78
ET,Energy Transfer LP,2019,2026,8,87,9,True,7,6,40,34,Q1 2019,6,7,27.7,stock_life_cycles,2026-09-03,Q1 2007 to Q2 2026,78
NRG,NRG Energy Inc.,2010,2026,17,24,7,True,6,5,5,8,Q1 2021,5,-2,27.3,stock_life_cycles,2026-09-03,Q1 2007 to Q2 2026,78
MAR,Marriott Int'l.,2018,2026,9,82,9,True,8,9,32,33,Q1 2020,9,-2,27.3,stock_life_cycles,2026-09-03,Q1 2007 to Q2 2026,78
TECH,Bio-Techne Corp.,2013,2026,14,31,7,True,6,2,16,7,Q2 2013,2,13,27.3,stock_life_cycles,2026-09-03,Q1 2007 to Q2 2026,78
VRSN,Verisign Inc.,2012,2026,15,72,8,True,4,5,26,37,Q4 2012,5,-12,27.3,stock_life_cycles,2026-09-03,Q1 2007 to Q2 2026,78
BHC,Bausch Health,2012,2026,15,75,10,False,6,10,30,29,Q1 2015,10,-3,27.2,stock_life_cycles,2026-09-03,Q1 2007 to Q2 2026,78
FBIN,Fortune Brands Innovations Inc.,2011,2026,16,44,6,True,4,2,29,9,Q4 2011,2,22,27.2,stock_life_cycles,2026-09-03,Q1 2007 to Q2 2026,78
MDT,Medtronic plc,2019,2026,8,46,9,True,2,2,22,20,Q1 2025,2,2,27.2,stock_life_cycles,2026-09-03,Q1 2007 to Q2 2026,78
CACC,Credit Acceptance Corp.,2016,2026,11,90,9,True,2,7,36,45,Q3 2020,7,-14,27.1,stock_life_cycles,2026-09-03,Q1 2007 to Q2 2026,78
SHOP,Shopify Inc.,2019,2026,8,59,9,True,7,6,23,23,Q1 2019,6,1,27.1,stock_life_cycles,2026-09-03,Q1 2007 to Q2 2026,78
TRV,Travelers Companies Inc.,2010,2026,17,24,7,True,4,3,6,11,Q3 2018,3,-4,27.1,stock_life_cycles,2026-09-03,Q1 2007 to Q2 2026,78
NTES,NetEase.com Inc.,2016,2026,11,36,8,True,7,7,13,9,Q3 2016,7,4,26.9,stock_life_cycles,2026-09-03,Q1 2007 to Q2 2026,78
GEHC,GE HealthCare Technologies Inc.,2023,2026,4,45,9,True,6,2,26,11,Q1 2023,2,19,26.9,stock_life_cycles,2026-09-03,Q1 2007 to Q2 2026,78
LAMR,Lamar Advertising Co.,2012,2026,15,50,7,True,4,5,23,18,Q4 2013,5,4,26.9,stock_life_cycles,2026-09-03,Q1 2007 to Q2 2026,78
MTCH,Match Group Inc.,2019,2026,8,38,9,True,9,9,9,11,Q4 2019,9,-2,26.8,stock_life_cycles,2026-09-03,Q1 2007 to Q2 2026,78
STZ,Constellation Brands,2018,2026,9,31,8,True,7,2,15,7,Q4 2024,2,13,26.8,stock_life_cycles,2026-09-03,Q1 2007 to Q2 2026,78
FWONK,Liberty Media Corp Formula One Series C,2014,2026,13,37,8,True,7,6,8,16,Q3 2014,6,-7,26.8,stock_life_cycles,2026-09-03,Q1 2007 to Q2 2026,78
ALLY,Ally Financial Inc.,2020,2026,7,31,9,True,6,5,11,9,Q1 2020,5,3,26.8,stock_life_cycles,2026-09-03,Q1 2007 to Q2 2026,78
RSP,Invesco S&P  500 Equal Weight,2019,2026,8,21,9,True,8,5,1,7,Q2 2019,5,-3,26.7,stock_life_cycles,2026-09-03,Q1 2007 to Q2 2026,78
IBKR,Interactive Brokers Group Inc.,2009,2026,18,62,7,True,4,2,20,36,Q3 2009,2,-14,26.6,stock_life_cycles,2026-09-03,Q1 2007 to Q2 2026,78
LIN,Linde plc,2019,2026,8,76,9,True,6,4,30,36,Q1 2020,4,-4,26.6,stock_life_cycles,2026-09-03,Q1 2007 to Q2 2026,78
PVH,PVH Corp.,2018,2026,9,45,9,True,6,7,12,20,Q2 2020,7,-9,26.6,stock_life_cycles,2026-09-03,Q1 2007 to Q2 2026,78
LRCX,Lam Research,2020,2026,7,45,9,True,10,7,13,15,Q1 2020,7,1,26.6,stock_life_cycles,2026-09-03,Q1 2007 to Q2 2026,78
MCK,McKesson Corp.,2016,2026,11,40,8,True,6,8,14,12,Q4 2016,8,0,26.5,stock_life_cycles,2026-09-03,Q1 2007 to Q2 2026,78
GPC,Genuine Parts,2020,2026,7,39,9,True,6,5,13,15,Q1 2020,5,-1,26.4,stock_life_cycles,2026-09-03,Q1 2007 to Q2 2026,78
FCX,Freeport-McMoran Inc.,2007,2026,20,44,6,True,4,5,15,20,Q2 2007,5,-6,26.4,stock_life_cycles,2026-09-03,Q1 2007 to Q2 2026,78
AXTA,Axalta Coating Systems Ltd.,2015,2026,12,36,8,True,5,8,9,14,Q2 2015,8,-8,26.2,stock_life_cycles,2026-09-03,Q1 2007 to Q2 2026,78
AMT,American Tower Corp.,2012,2026,15,111,8,True,2,5,42,62,Q3 2023,5,-23,26.2,stock_life_cycles,2026-09-03,Q1 2007 to Q2 2026,78
ILMN,Illumina Inc.,2019,2026,8,36,9,True,6,6,8,16,Q4 2019,6,-8,26.2,stock_life_cycles,2026-09-03,Q1 2007 to Q2 2026,78
GSK,GSK plc,2013,2026,14,68,8,True,2,2,22,42,Q4 2013,2,-20,26.0,stock_life_cycles,2026-09-03,Q1 2007 to Q2 2026,78
BX,Blackstone Group,2017,2026,10,53,8,True,6,5,20,22,Q3 2019,5,-1,25.9,stock_life_cycles,2026-09-03,Q1 2007 to Q2 2026,78
VST,Vistra Corp.,2018,2026,9,65,9,True,9,8,15,33,Q1 2018,8,-17,25.8,stock_life_cycles,2026-09-03,Q1 2007 to Q2 2026,78
MOS,Mosaic Co.,2013,2026,14,28,7,True,7,6,6,9,Q3 2013,6,-2,25.8,stock_life_cycles,2026-09-03,Q1 2007 to Q2 2026,78
DNOW,NOW Inc.,2014,2026,13,19,7,True,7,4,4,4,Q2 2014,4,3,25.8,stock_life_cycles,2026-09-03,Q1 2007 to Q2 2026,78
MMM,3M Co.,2019,2026,8,42,9,True,2,5,12,23,Q2 2024,5,-14,25.6,stock_life_cycles,2026-09-03,Q1 2007 to Q2 2026,78
FOXA,Fox Corporation,2014,2026,13,49,8,True,4,6,11,28,Q3 2014,6,-19,25.6,stock_life_cycles,2026-09-03,Q1 2007 to Q2 2026,78
WIX,Wix.com Ltd.,2018,2026,9,59,8,True,8,8,22,21,Q3 2018,8,1,25.6,stock_life_cycles,2026-09-03,Q1 2007 to Q2 2026,78
BFH,Bread Financial Holdings Inc.,2016,2026,11,50,7,True,5,4,25,16,Q1 2016,4,10,25.5,stock_life_cycles,2026-09-03,Q1 2007 to Q2 2026,78
CAH,Cardinal Health Inc.,2013,2026,14,30,7,True,5,4,7,14,Q1 2013,4,-6,25.4,stock_life_cycles,2026-09-03,Q1 2007 to Q2 2026,78
HHH,Howard Hughes Holdings Inc.,2010,2026,17,33,6,True,5,5,11,12,Q4 2010,5,-1,25.4,stock_life_cycles,2026-09-03,Q1 2007 to Q2 2026,78
ECHO,EchoStar Corp.,2008,2026,19,35,6,True,6,6,6,17,Q4 2018,6,-11,25.4,stock_life_cycles,2026-09-03,Q1 2007 to Q2 2026,78
EL,Estee Lauder Cos.,2019,2026,8,70,8,True,4,6,33,27,Q2 2020,6,4,25.4,stock_life_cycles,2026-09-03,Q1 2007 to Q2 2026,78
DOW,Dow Inc.,2019,2026,8,38,8,True,3,6,18,11,Q2 2019,6,4,25.4,stock_life_cycles,2026-09-03,Q1 2007 to Q2 2026,78
ROST,Ross Stores Inc.,2012,2026,15,38,7,True,3,3,10,22,Q4 2024,3,-12,25.3,stock_life_cycles,2026-09-03,Q1 2007 to Q2 2026,78
WDAY,Workday Inc.,2019,2026,8,57,9,True,5,8,15,29,Q4 2019,8,-17,25.3,stock_life_cycles,2026-09-03,Q1 2007 to Q2 2026,78
XYZ,Block Inc.,2019,2026,8,64,8,True,12,13,21,18,Q1 2019,13,2,25.2,stock_life_cycles,2026-09-03,Q1 2007 to Q2 2026,78
FICO,Fair Isaac Corp.,2019,2026,8,86,9,True,6,2,28,50,Q1 2022,2,-18,25.2,stock_life_cycles,2026-09-03,Q1 2007 to Q2 2026,78
AN,AutoNation Inc.,2008,2026,19,33,5,True,4,4,16,9,Q1 2008,4,7,25.2,stock_life_cycles,2026-09-03,Q1 2007 to Q2 2026,78
BMRN,BioMarin Pharmaceutical Inc.,2009,2026,18,28,5,True,3,3,16,6,Q1 2009,3,10,25.0,stock_life_cycles,2026-09-03,Q1 2007 to Q2 2026,78
CTRA-OLD,Coterra Energy Inc.,2009,2026,18,38,6,True,6,4,8,20,Q2 2009,4,-10,25.0,stock_life_cycles,2026-09-03,Q1 2007 to Q2 2026,78
ECL,Ecolab Inc.,2010,2026,17,54,7,True,2,2,12,38,Q2 2010,2,-26,24.9,stock_life_cycles,2026-09-03,Q1 2007 to Q2 2026,78
IR,Ingersoll Rand Inc.,2010,2026,17,18,6,True,3,5,3,7,Q1 2022,5,-6,24.9,stock_life_cycles,2026-09-03,Q1 2007 to Q2 2026,78
EMN,Eastman Chemical,2007,2025,19,47,5,True,4,5,21,17,Q2 2007,5,3,24.8,stock_life_cycles,2026-09-03,Q1 2007 to Q2 2026,78
WAT,Waters Corp.,2019,2026,8,58,8,True,6,0,22,30,Q3 2023,0,-2,24.8,stock_life_cycles,2026-09-03,Q1 2007 to Q2 2026,78
ENOV,Enovis Corp.,2012,2026,15,39,6,True,4,6,17,12,Q3 2012,6,3,24.8,stock_life_cycles,2026-09-03,Q1 2007 to Q2 2026,78
HTZ,Hertz Global Hldgs Inc.,2008,2025,18,34,5,True,4,4,17,9,Q4 2008,4,8,24.8,stock_life_cycles,2026-09-03,Q1 2007 to Q2 2026,78
GLD,SPDR Gold Trust,2020,2026,7,48,8,True,5,0,20,23,Q2 2020,0,2,24.7,stock_life_cycles,2026-09-03,Q1 2007 to Q2 2026,78
DKS,Dick's Sporting Goods Inc.,2008,2026,19,18,5,True,5,3,5,5,Q2 2008,3,2,24.7,stock_life_cycles,2026-09-03,Q1 2007 to Q2 2026,78
ADM,Archer-Daniels-Midland,2008,2026,19,14,5,True,3,3,5,3,Q4 2012,3,2,24.7,stock_life_cycles,2026-09-03,Q1 2007 to Q2 2026,78
ABNB,Airbnb Inc.,2022,2026,5,31,8,True,7,5,14,5,Q1 2023,5,11,24.6,stock_life_cycles,2026-09-03,Q1 2007 to Q2 2026,78
PHM,PulteGroup Inc.,2019,2026,8,49,8,True,6,6,16,21,Q2 2021,6,-5,24.5,stock_life_cycles,2026-09-03,Q1 2007 to Q2 2026,78
SNPS,Synopsys Inc.,2019,2026,8,26,8,True,6,5,4,11,Q2 2023,5,-6,24.4,stock_life_cycles,2026-09-03,Q1 2007 to Q2 2026,78
BSX,Boston Scientific,2020,2026,7,33,8,True,7,4,9,13,Q1 2020,4,-1,24.4,stock_life_cycles,2026-09-03,Q1 2007 to Q2 2026,78
BLK,BlackRock Inc.,2021,2026,6,45,8,True,7,4,17,17,Q4 2021,4,3,24.3,stock_life_cycles,2026-09-03,Q1 2007 to Q2 2026,78
CPRT,Copart Inc.,2019,2026,8,75,8,True,5,2,29,39,Q4 2019,2,-7,24.3,stock_life_cycles,2026-09-03,Q1 2007 to Q2 2026,78
GNRC,Generac Holdings Inc.,2023,2026,4,33,9,True,4,2,9,18,Q2 2023,2,-7,24.3,stock_life_cycles,2026-09-03,Q1 2007 to Q2 2026,78
HAL,Halliburton Co.,2012,2026,15,43,6,True,6,7,14,16,Q1 2012,7,-3,24.2,stock_life_cycles,2026-09-03,Q1 2007 to Q2 2026,78
SHEL,Shell plc,2020,2026,7,33,8,True,3,4,12,14,Q1 2021,4,-3,24.2,stock_life_cycles,2026-09-03,Q1 2007 to Q2 2026,78
GPN,Global Payments Inc.,2019,2026,8,48,7,True,6,5,24,13,Q3 2019,5,12,24.2,stock_life_cycles,2026-09-03,Q1 2007 to Q2 2026,78
TRU,TransUnion,2018,2026,9,23,7,True,5,5,10,3,Q3 2024,5,7,24.2,stock_life_cycles,2026-09-03,Q1 2007 to Q2 2026,78
FANG,Diamondback Energy Inc.,2018,2026,9,43,8,True,4,6,11,22,Q4 2018,6,-13,24.2,stock_life_cycles,2026-09-03,Q1 2007 to Q2 2026,78
LKQ,LKQ Corp.,2015,2026,12,36,6,True,4,2,20,10,Q2 2015,2,12,24.2,stock_life_cycles,2026-09-03,Q1 2007 to Q2 2026,78
ENTG,Entegris Inc.,2019,2026,8,60,7,True,4,1,32,23,Q2 2023,1,12,24.2,stock_life_cycles,2026-09-03,Q1 2007 to Q2 2026,78
ALL,Allstate Corp.,2020,2026,7,37,8,True,6,5,11,15,Q3 2020,5,-3,24.2,stock_life_cycles,2026-09-03,Q1 2007 to Q2 2026,78
ANSS-OLD,ANSYS Inc.,2008,2025,18,65,7,False,4,8,34,19,Q1 2008,8,11,24.1,stock_life_cycles,2026-09-03,Q1 2007 to Q2 2026,78
WEN,Wendy's Co.,2008,2026,19,38,5,True,4,3,13,18,Q1 2008,3,-4,24.1,stock_life_cycles,2026-09-03,Q1 2007 to Q2 2026,78
CNQ,Canadian Natural Resources,2007,2026,20,37,5,True,5,5,9,18,Q3 2015,5,-9,24.1,stock_life_cycles,2026-09-03,Q1 2007 to Q2 2026,78
NOW,ServiceNow Inc.,2018,2026,9,51,8,True,4,3,14,30,Q3 2025,3,-15,24.0,stock_life_cycles,2026-09-03,Q1 2007 to Q2 2026,78
BLDR,Builders FirstSource Inc.,2020,2026,7,33,8,True,8,6,6,13,Q3 2021,6,-5,24.0,stock_life_cycles,2026-09-03,Q1 2007 to Q2 2026,78
ST,Sensata Technologies Holding,2016,2026,11,30,7,True,2,5,10,13,Q3 2016,5,-6,23.9,stock_life_cycles,2026-09-03,Q1 2007 to Q2 2026,78
APTV,Aptiv PLC,2020,2026,7,48,8,True,8,9,13,18,Q1 2020,9,-6,23.9,stock_life_cycles,2026-09-03,Q1 2007 to Q2 2026,78
EXPD,Expeditors Int'l,2008,2026,19,16,5,True,2,4,3,7,Q1 2014,4,-6,23.9,stock_life_cycles,2026-09-03,Q1 2007 to Q2 2026,78
TROW,T. Rowe Price Group,2012,2026,15,21,6,True,2,4,5,10,Q2 2020,4,-7,23.8,stock_life_cycles,2026-09-03,Q1 2007 to Q2 2026,78
PSX,Phillips 66,2012,2026,15,51,6,True,4,3,18,26,Q2 2012,3,-7,23.8,stock_life_cycles,2026-09-03,Q1 2007 to Q2 2026,78
TMUS,T-Mobile US Inc.,2020,2026,7,46,8,True,7,6,12,21,Q2 2020,6,-8,23.7,stock_life_cycles,2026-09-03,Q1 2007 to Q2 2026,78
CSL,Carlisle Companies,2017,2026,10,17,7,True,5,4,2,6,Q1 2017,4,-3,23.7,stock_life_cycles,2026-09-03,Q1 2007 to Q2 2026,78
SLM,SLM Corp.,2013,2026,14,26,6,True,4,3,7,12,Q1 2018,3,-4,23.6,stock_life_cycles,2026-09-03,Q1 2007 to Q2 2026,78
CLH,Clean Harbors Inc.,2007,2026,20,8,4,True,4,1,3,0,Q4 2007,1,6,23.6,stock_life_cycles,2026-09-03,Q1 2007 to Q2 2026,78
TDAY,Gannett Co.,2010,2026,17,47,4,True,2,2,32,11,Q2 2014,2,21,23.6,stock_life_cycles,2026-09-03,Q1 2007 to Q2 2026,78
HSY,Hershey Co.,2020,2026,7,33,7,True,4,2,18,9,Q2 2020,2,11,23.6,stock_life_cycles,2026-09-03,Q1 2007 to Q2 2026,78
RKT,Rocket Companies Inc.,2021,2026,6,42,8,True,6,5,13,18,Q1 2021,5,-4,23.6,stock_life_cycles,2026-09-03,Q1 2007 to Q2 2026,78
SIRI,SiriusXM Holdings Inc,2016,2026,11,38,6,True,7,1,17,13,Q4 2016,1,10,23.5,stock_life_cycles,2026-09-03,Q1 2007 to Q2 2026,78
RRC,Range Resources Corp.,2009,2026,18,13,5,True,4,3,0,6,Q2 2009,3,-5,23.5,stock_life_cycles,2026-09-03,Q1 2007 to Q2 2026,78
GEV,Ge Vernova Inc,2024,2026,3,30,9,True,7,3,3,17,Q2 2024,3,-10,23.5,stock_life_cycles,2026-09-03,Q1 2007 to Q2 2026,78
IDXX,IDEXX Laboratories,2019,2026,8,55,8,True,5,2,15,33,Q2 2024,2,-15,23.5,stock_life_cycles,2026-09-03,Q1 2007 to Q2 2026,78
CNC,Centene Corp.,2019,2026,8,33,7,True,6,5,13,9,Q1 2019,5,5,23.5,stock_life_cycles,2026-09-03,Q1 2007 to Q2 2026,78
DASH,DoorDash Inc.,2020,2026,7,47,7,True,8,7,20,12,Q4 2020,7,9,23.4,stock_life_cycles,2026-09-03,Q1 2007 to Q2 2026,78
CNH,CNH Industrial NV,2023,2026,4,42,9,True,4,4,9,25,Q1 2023,4,-16,23.4,stock_life_cycles,2026-09-03,Q1 2007 to Q2 2026,78
SD,SandRidge Energy Inc.,2012,2026,15,17,5,True,4,3,9,1,Q4 2016,3,9,23.4,stock_life_cycles,2026-09-03,Q1 2007 to Q2 2026,78
DD,DuPont de Nemours Inc.,2017,2026,10,46,7,True,2,5,18,21,Q3 2017,5,-6,23.4,stock_life_cycles,2026-09-03,Q1 2007 to Q2 2026,78
FTV,Fortive Corp.,2016,2026,11,28,6,True,4,2,14,8,Q2 2016,2,8,23.3,stock_life_cycles,2026-09-03,Q1 2007 to Q2 2026,78
IBN,ICICI Bank Ltd.,2016,2026,11,47,7,True,6,7,11,23,Q1 2016,7,-13,23.2,stock_life_cycles,2026-09-03,Q1 2007 to Q2 2026,78
OSK,Oshkosh Corp.,2015,2026,12,48,6,True,9,4,16,19,Q3 2015,4,2,23.2,stock_life_cycles,2026-09-03,Q1 2007 to Q2 2026,78
DELL,Dell Technologies Inc.,2018,2026,9,27,7,True,4,5,8,10,Q4 2018,5,-3,23.2,stock_life_cycles,2026-09-03,Q1 2007 to Q2 2026,78
CLX,Clorox Co.,2019,2026,8,32,7,True,7,3,10,12,Q4 2019,3,2,23.2,stock_life_cycles,2026-09-03,Q1 2007 to Q2 2026,78
BAM,Brookfield Asset Management,2022,2026,5,34,8,True,7,6,8,13,Q4 2022,6,-4,23.1,stock_life_cycles,2026-09-03,Q1 2007 to Q2 2026,78
LILAK,Liberty LiLAC Group C,2015,2026,12,25,6,True,6,6,7,6,Q3 2015,6,1,23.1,stock_life_cycles,2026-09-03,Q1 2007 to Q2 2026,78
CIGI,Colliers International Group Inc.,2019,2026,8,37,7,True,2,2,17,16,Q4 2019,2,1,23.1,stock_life_cycles,2026-09-03,Q1 2007 to Q2 2026,78
CLF,Cleveland-Cliffs Inc.,2019,2026,8,37,7,True,6,6,13,12,Q4 2021,6,1,23.1,stock_life_cycles,2026-09-03,Q1 2007 to Q2 2026,78
SGI,Somnigroup International Inc.,2018,2026,9,26,7,True,6,6,5,9,Q2 2020,6,-4,23.1,stock_life_cycles,2026-09-03,Q1 2007 to Q2 2026,78
TCOM,Trip.com Group Ltd,2020,2026,7,33,7,True,7,5,12,9,Q2 2020,5,5,23.0,stock_life_cycles,2026-09-03,Q1 2007 to Q2 2026,78
FIS,Fidelity National Information Services,2020,2026,7,67,8,True,6,8,20,33,Q4 2020,8,-15,23.0,stock_life_cycles,2026-09-03,Q1 2007 to Q2 2026,78
AYI,Acuity Brands Inc.,2019,2026,8,26,7,True,6,6,7,7,Q1 2019,6,0,23.0,stock_life_cycles,2026-09-03,Q1 2007 to Q2 2026,78
UL,Unilever PLC,2022,2026,5,50,9,True,4,5,8,33,Q3 2023,5,-26,22.9,stock_life_cycles,2026-09-03,Q1 2007 to Q2 2026,78
CEG,Constellation Energy Corp.,2022,2026,5,32,8,True,7,6,6,13,Q2 2022,6,-6,22.9,stock_life_cycles,2026-09-03,Q1 2007 to Q2 2026,78
SU,Suncor Energy Inc.,2013,2026,14,40,6,True,5,6,9,20,Q2 2013,6,-12,22.8,stock_life_cycles,2026-09-03,Q1 2007 to Q2 2026,78
KOF,Coca-Cola FEMSA S A CV,2007,2026,20,20,4,True,1,2,8,9,Q4 2024,2,-2,22.8,stock_life_cycles,2026-09-03,Q1 2007 to Q2 2026,78
QSR,Restaurant Brands International,2014,2026,13,43,6,True,5,3,13,22,Q4 2014,3,-7,22.8,stock_life_cycles,2026-09-03,Q1 2007 to Q2 2026,78
ODFL,Old Dominion Freight Line,2018,2026,9,60,6,True,6,2,30,22,Q3 2018,2,12,22.7,stock_life_cycles,2026-09-03,Q1 2007 to Q2 2026,78
YUM,Yum! Brands Inc.,2009,2026,18,25,4,True,5,3,11,6,Q1 2009,3,7,22.7,stock_life_cycles,2026-09-03,Q1 2007 to Q2 2026,78
NE,Noble Corp.,2021,2026,6,19,7,True,5,4,8,2,Q2 2021,4,7,22.7,stock_life_cycles,2026-09-03,Q1 2007 to Q2 2026,78
EFA,iShares MSCI EAFE ETF,2021,2026,6,43,7,True,5,3,20,15,Q2 2021,3,7,22.7,stock_life_cycles,2026-09-03,Q1 2007 to Q2 2026,78
DB,Deutsche Bank AG,2020,2026,7,35,7,True,10,6,8,11,Q3 2020,6,1,22.6,stock_life_cycles,2026-09-03,Q1 2007 to Q2 2026,78
TKR,Timken Co.,2015,2026,12,38,6,True,6,4,11,17,Q1 2015,4,-4,22.6,stock_life_cycles,2026-09-03,Q1 2007 to Q2 2026,78
SNOW,Snowflake Inc.,2020,2026,7,31,7,True,6,7,10,8,Q3 2020,7,1,22.6,stock_life_cycles,2026-09-03,Q1 2007 to Q2 2026,78
SYF,Synchrony Financial,2016,2026,11,25,6,True,6,4,7,8,Q3 2016,4,1,22.6,stock_life_cycles,2026-09-03,Q1 2007 to Q2 2026,78
TSCO,Tractor Supply,2010,2026,17,53,6,True,4,5,8,36,Q3 2018,5,-29,22.6,stock_life_cycles,2026-09-03,Q1 2007 to Q2 2026,78
MTW,Manitowoc Co.,2012,2026,15,15,5,True,4,3,4,4,Q2 2012,3,1,22.6,stock_life_cycles,2026-09-03,Q1 2007 to Q2 2026,78
XP,XP Inc.,2019,2026,8,30,7,True,8,10,5,7,Q4 2019,10,-4,22.6,stock_life_cycles,2026-09-03,Q1 2007 to Q2 2026,78
HOLX-OLD,Hologic Inc.,2013,2026,14,47,6,True,5,6,11,25,Q4 2013,6,-15,22.5,stock_life_cycles,2026-09-03,Q1 2007 to Q2 2026,78
SN,Sharkninja Inc,2024,2026,3,29,8,True,6,3,8,12,Q1 2024,3,-1,22.4,stock_life_cycles,2026-09-03,Q1 2007 to Q2 2026,78
AMD,Advanced Micro Devices,2022,2026,5,39,8,True,9,8,5,17,Q4 2022,8,-11,22.4,stock_life_cycles,2026-09-03,Q1 2007 to Q2 2026,78
CDW,CDW Corp.,2019,2026,8,59,7,True,6,3,20,30,Q3 2019,3,-7,22.3,stock_life_cycles,2026-09-03,Q1 2007 to Q2 2026,78
AZN,AstraZeneca PLC,2013,2026,14,21,5,True,3,2,9,7,Q4 2013,2,3,22.3,stock_life_cycles,2026-09-03,Q1 2007 to Q2 2026,78
G,Genpact Ltd.,2020,2026,7,45,7,True,2,2,19,22,Q3 2021,2,-3,22.2,stock_life_cycles,2026-09-03,Q1 2007 to Q2 2026,78
EQT,EQT Corp.,2019,2026,8,52,7,True,7,6,15,24,Q4 2020,6,-8,22.2,stock_life_cycles,2026-09-03,Q1 2007 to Q2 2026,78
KVUE,Kenvue Inc,2023,2026,4,38,8,True,5,6,10,17,Q3 2023,6,-8,22.2,stock_life_cycles,2026-09-03,Q1 2007 to Q2 2026,78
OVV,Ovintiv Inc.,2021,2026,6,38,8,True,7,9,3,19,Q2 2021,9,-18,22.2,stock_life_cycles,2026-09-03,Q1 2007 to Q2 2026,78
RMD,ResMed Inc.,2008,2026,19,13,4,True,3,4,2,4,Q3 2008,4,-3,22.2,stock_life_cycles,2026-09-03,Q1 2007 to Q2 2026,78
LH,Labcorp Holdings Inc.,2012,2026,15,38,6,True,2,2,5,29,Q4 2022,2,-24,22.1,stock_life_cycles,2026-09-03,Q1 2007 to Q2 2026,78
HRI,HERC Holdings Inc.,2016,2026,11,26,6,True,5,3,6,12,Q2 2016,3,-4,22.1,stock_life_cycles,2026-09-03,Q1 2007 to Q2 2026,78
MGM,MGM Resorts International,2022,2026,5,36,7,True,7,5,14,10,Q2 2022,5,6,22.1,stock_life_cycles,2026-09-03,Q1 2007 to Q2 2026,78
TWTR-OLD,Twitter Inc.,2018,2022,5,32,10,False,9,12,5,6,Q1 2020,12,-4,22.1,stock_life_cycles,2026-09-03,Q1 2007 to Q2 2026,78
B,Barrick Mining Corp.,2020,2026,7,32,7,True,5,2,9,16,Q2 2020,2,-4,22.1,stock_life_cycles,2026-09-03,Q1 2007 to Q2 2026,78
NEM,Newmont Corp.,2018,2026,9,47,5,True,2,1,34,10,Q2 2024,1,25,22.0,stock_life_cycles,2026-09-03,Q1 2007 to Q2 2026,78
FLS,Flowserve Corp.,2012,2026,15,19,5,True,5,5,2,7,Q3 2022,5,-5,22.0,stock_life_cycles,2026-09-03,Q1 2007 to Q2 2026,78
HEI.A,HEICO Corp. CL A,2020,2026,7,52,6,True,1,2,32,17,Q2 2024,2,14,21.9,stock_life_cycles,2026-09-03,Q1 2007 to Q2 2026,78
HLT,Hilton Worldwide Holdings,2018,2026,9,60,7,True,7,5,15,33,Q4 2018,5,-16,21.9,stock_life_cycles,2026-09-03,Q1 2007 to Q2 2026,78
EQIX,Equinix Inc.,2013,2026,14,27,5,True,3,3,10,11,Q3 2013,3,-1,21.9,stock_life_cycles,2026-09-03,Q1 2007 to Q2 2026,78
CME,CME Group,2019,2026,8,63,7,True,5,4,21,33,Q2 2020,4,-11,21.9,stock_life_cycles,2026-09-03,Q1 2007 to Q2 2026,78
VAL,Valaris plc,2017,2026,10,33,6,True,4,5,12,12,Q4 2017,5,-1,21.9,stock_life_cycles,2026-09-03,Q1 2007 to Q2 2026,78
BEKE,KE Holdings Inc.,2020,2025,6,34,7,True,6,7,10,11,Q3 2020,7,-2,21.8,stock_life_cycles,2026-09-03,Q1 2007 to Q2 2026,78
CCI,Crown Castle International Corp.,2008,2026,19,19,4,True,1,3,5,10,Q3 2020,3,-7,21.8,stock_life_cycles,2026-09-03,Q1 2007 to Q2 2026,78
PTON,Peloton Interactive Inc.,2021,2026,6,44,7,True,7,7,14,16,Q2 2021,7,-2,21.8,stock_life_cycles,2026-09-03,Q1 2007 to Q2 2026,78
FOX,Fox Corporation CL B,2014,2026,13,45,5,True,2,3,22,18,Q2 2014,3,3,21.8,stock_life_cycles,2026-09-03,Q1 2007 to Q2 2026,78
NU,Nu Holdings Ltd,2021,2026,6,31,7,True,5,3,9,14,Q4 2021,3,-3,21.7,stock_life_cycles,2026-09-03,Q1 2007 to Q2 2026,78
VRTX,Vertex Pharmaceuticals,2009,2026,18,23,4,True,3,2,7,11,Q1 2009,2,-3,21.7,stock_life_cycles,2026-09-03,Q1 2007 to Q2 2026,78
IWD,Ishares Russell 1000 Value E,2023,2026,4,25,7,True,7,5,9,4,Q4 2024,5,7,21.7,stock_life_cycles,2026-09-03,Q1 2007 to Q2 2026,78
ORLY,O'Reilly Automotive,2012,2026,15,90,7,True,4,3,17,66,Q3 2017,3,-48,21.7,stock_life_cycles,2026-09-03,Q1 2007 to Q2 2026,78
CRH,CRH plc,2022,2026,5,48,7,True,5,2,20,21,Q2 2022,2,2,21.7,stock_life_cycles,2026-09-03,Q1 2007 to Q2 2026,78
FDS,FactSet Research Systems,2014,2026,13,13,5,True,2,2,5,4,Q4 2025,2,1,21.6,stock_life_cycles,2026-09-03,Q1 2007 to Q2 2026,78
CCC,CCC Intelligent Solutions Hldgs Inc.,2021,2026,6,26,6,True,5,4,16,1,Q1 2021,4,16,21.6,stock_life_cycles,2026-09-03,Q1 2007 to Q2 2026,78
BC,Brunswick Corp.,2018,2026,9,35,6,True,3,3,15,14,Q1 2023,3,1,21.6,stock_life_cycles,2026-09-03,Q1 2007 to Q2 2026,78
LEN.B,Lennar Corp. CL B,2018,2026,9,66,7,True,3,3,20,40,Q4 2018,3,-20,21.5,stock_life_cycles,2026-09-03,Q1 2007 to Q2 2026,78
RDNT,RadNet Inc.,2007,2026,20,9,3,True,2,1,5,1,Q3 2007,1,5,21.5,stock_life_cycles,2026-09-03,Q1 2007 to Q2 2026,78
DPZ,Dominos Pizza Inc.,2019,2026,8,33,6,True,5,5,14,9,Q2 2019,5,5,21.5,stock_life_cycles,2026-09-03,Q1 2007 to Q2 2026,78
AMGN,Amgen,2023,2026,4,37,7,True,2,2,19,14,Q3 2023,2,5,21.5,stock_life_cycles,2026-09-03,Q1 2007 to Q2 2026,78
TRIP,TripAdvisor Inc.,2011,2026,16,11,4,True,4,2,4,1,Q4 2011,2,5,21.5,stock_life_cycles,2026-09-03,Q1 2007 to Q2 2026,78
FLG,Flagstar Financial Inc.,2015,2026,12,39,5,True,3,3,19,14,Q1 2023,3,5,21.5,stock_life_cycles,2026-09-03,Q1 2007 to Q2 2026,78
WMB,Williams Cos.,2013,2026,14,18,5,True,3,2,3,10,Q3 2013,2,-6,21.4,stock_life_cycles,2026-09-03,Q1 2007 to Q2 2026,78
LMT,Lockheed Martin Corp.,2021,2026,6,52,7,True,4,4,19,25,Q3 2021,4,-6,21.4,stock_life_cycles,2026-09-03,Q1 2007 to Q2 2026,78
VTI,Vanguard Total Stock Mkt ETF,2024,2026,3,29,7,True,4,3,15,7,Q3 2024,3,9,21.4,stock_life_cycles,2026-09-03,Q1 2007 to Q2 2026,78
UAL,United Airlines Holdings Inc.,2016,2026,11,38,6,True,5,5,8,20,Q3 2016,5,-12,21.3,stock_life_cycles,2026-09-03,Q1 2007 to Q2 2026,78
POOL,Pool Corp.,2022,2026,5,42,7,True,5,5,15,17,Q2 2022,5,-2,21.3,stock_life_cycles,2026-09-03,Q1 2007 to Q2 2026,78
RH,RH,2019,2026,8,39,8,False,4,9,22,4,Q3 2019,9,13,21.3,stock_life_cycles,2026-09-03,Q1 2007 to Q2 2026,78
DAR,Darling Ingredients Inc.,2018,2026,9,35,6,True,5,4,11,15,Q4 2018,4,-3,21.2,stock_life_cycles,2026-09-03,Q1 2007 to Q2 2026,78
NOC,Northrop Grumman Corp.,2008,2026,19,23,4,True,3,2,2,16,Q4 2008,2,-13,21.2,stock_life_cycles,2026-09-03,Q1 2007 to Q2 2026,78
RIG,Transocean Ltd.,2016,2026,11,19,5,True,2,3,11,3,Q1 2022,3,7,21.2,stock_life_cycles,2026-09-03,Q1 2007 to Q2 2026,78
PTEN,Patterson-UTI Energy Inc.,2012,2026,15,41,5,True,3,3,11,24,Q4 2023,3,-13,21.2,stock_life_cycles,2026-09-03,Q1 2007 to Q2 2026,78
H,Hyatt Hotels Corp.,2009,2026,18,14,4,True,3,3,0,8,Q4 2009,3,-8,21.2,stock_life_cycles,2026-09-03,Q1 2007 to Q2 2026,78
SYY,Sysco Corp.,2015,2026,12,70,6,True,5,3,21,41,Q2 2015,3,-18,21.2,stock_life_cycles,2026-09-03,Q1 2007 to Q2 2026,78
IT,Gartner Inc.,2022,2026,5,27,7,True,5,6,7,9,Q1 2022,6,-3,21.2,stock_life_cycles,2026-09-03,Q1 2007 to Q2 2026,78
FCNCA,First Citizens Bancshares,2021,2026,6,44,6,True,4,3,24,13,Q2 2021,3,12,21.2,stock_life_cycles,2026-09-03,Q1 2007 to Q2 2026,78
OLN,Olin Corp.,2016,2026,11,48,5,True,3,1,24,20,Q3 2019,1,6,21.1,stock_life_cycles,2026-09-03,Q1 2007 to Q2 2026,78
MBI,MBIA Inc.,2010,2026,17,44,4,True,4,5,16,19,Q2 2010,5,-4,21.1,stock_life_cycles,2026-09-03,Q1 2007 to Q2 2026,78
NVR,NVR Inc.,2020,2026,7,48,5,True,4,3,33,8,Q1 2020,3,26,21.1,stock_life_cycles,2026-09-03,Q1 2007 to Q2 2026,78
EDU,New Oriental Education & Technology,2013,2026,14,17,5,True,3,4,1,9,Q3 2021,4,-9,21.1,stock_life_cycles,2026-09-03,Q1 2007 to Q2 2026,78
EW,Edwards Lifesciences Corp.,2017,2026,10,64,6,True,4,4,23,33,Q3 2022,4,-10,21.0,stock_life_cycles,2026-09-03,Q1 2007 to Q2 2026,78
SOLV,Solventum Corp,2024,2026,3,29,7,True,6,3,11,9,Q2 2024,3,5,21.0,stock_life_cycles,2026-09-03,Q1 2007 to Q2 2026,78
CX,Cemex,2011,2026,16,22,4,True,2,2,9,9,Q2 2011,2,0,21.0,stock_life_cycles,2026-09-03,Q1 2007 to Q2 2026,78
LILA,Liberty LiLAC Group A,2015,2026,12,18,5,True,5,4,4,5,Q3 2015,4,0,21.0,stock_life_cycles,2026-09-03,Q1 2007 to Q2 2026,78
IVV,Ishares Core S&P  500 ETF,2021,2026,6,29,6,True,4,3,15,7,Q4 2021,3,9,20.9,stock_life_cycles,2026-09-03,Q1 2007 to Q2 2026,78
WFRD,Weatherford International plc,2012,2026,15,40,5,True,3,4,9,24,Q3 2012,4,-16,20.9,stock_life_cycles,2026-09-03,Q1 2007 to Q2 2026,78
LEA,Lear Corp.,2014,2026,13,62,5,True,5,4,23,30,Q4 2014,4,-6,20.9,stock_life_cycles,2026-09-03,Q1 2007 to Q2 2026,78
MGA,Magna International Inc.,2015,2026,12,33,5,True,4,4,12,13,Q1 2015,4,-1,20.9,stock_life_cycles,2026-09-03,Q1 2007 to Q2 2026,78
BRO,Brown & Brown Inc.,2012,2026,15,10,4,True,3,1,4,2,Q4 2024,1,4,20.9,stock_life_cycles,2026-09-03,Q1 2007 to Q2 2026,78
RHI,Robert Half International,2016,2026,11,18,5,True,5,4,6,3,Q2 2016,4,4,20.9,stock_life_cycles,2026-09-03,Q1 2007 to Q2 2026,78
GLW,Corning Inc.,2022,2026,5,25,7,True,4,1,5,15,Q3 2024,1,-7,20.8,stock_life_cycles,2026-09-03,Q1 2007 to Q2 2026,78
XPO,XPO Logistics,2019,2026,8,18,6,True,4,4,4,6,Q2 2019,4,-2,20.8,stock_life_cycles,2026-09-03,Q1 2007 to Q2 2026,78
WHR,Whirlpool Corp.,2019,2026,8,44,6,True,6,6,15,17,Q2 2020,6,-2,20.8,stock_life_cycles,2026-09-03,Q1 2007 to Q2 2026,78
AGCO,AGCO Corp.,2013,2026,14,20,4,True,4,1,10,5,Q1 2013,1,8,20.8,stock_life_cycles,2026-09-03,Q1 2007 to Q2 2026,78
MNRO,Monro Inc.,2012,2025,14,16,4,True,3,3,9,1,Q3 2012,3,8,20.8,stock_life_cycles,2026-09-03,Q1 2007 to Q2 2026,78
SONY,Sony Group Corp.,2008,2026,19,11,3,True,2,2,5,2,Q1 2022,2,3,20.8,stock_life_cycles,2026-09-03,Q1 2007 to Q2 2026,78
ZM,Zoom Video Communications Inc.,2020,2026,7,16,6,True,4,5,5,2,Q2 2020,5,2,20.7,stock_life_cycles,2026-09-03,Q1 2007 to Q2 2026,78
TFC,Truist Financial Corp.,2022,2026,5,44,7,True,1,3,17,23,Q3 2025,3,-8,20.7,stock_life_cycles,2026-09-03,Q1 2007 to Q2 2026,78
CPRI,Capri Holdings Ltd,2018,2026,9,32,5,True,7,6,15,4,Q3 2018,6,12,20.7,stock_life_cycles,2026-09-03,Q1 2007 to Q2 2026,78
LLYVK,Liberty Media Corp. Series C Live,2023,2026,4,23,7,True,6,5,4,8,Q3 2023,5,-3,20.7,stock_life_cycles,2026-09-03,Q1 2007 to Q2 2026,78
AWI,Armstrong World Industries Inc.,2014,2026,13,44,5,True,3,3,15,23,Q2 2014,3,-8,20.7,stock_life_cycles,2026-09-03,Q1 2007 to Q2 2026,78
CMPR,Cimpress plc,2012,2026,15,42,4,True,0,3,22,17,,3,2,20.7,stock_life_cycles,2026-09-03,Q1 2007 to Q2 2026,78
CDNS,Cadence Design Systems,2020,2026,7,38,7,True,6,7,4,21,Q1 2020,7,-18,20.7,stock_life_cycles,2026-09-03,Q1 2007 to Q2 2026,78
RACE,Ferrari NV,2016,2026,11,43,6,True,4,3,8,28,Q1 2016,3,-19,20.6,stock_life_cycles,2026-09-03,Q1 2007 to Q2 2026,78
ALK,Alaska Air Group,2014,2026,13,39,4,True,6,4,19,10,Q4 2014,4,11,20.6,stock_life_cycles,2026-09-03,Q1 2007 to Q2 2026,78
MCHP,Microchip Technology,2022,2026,5,35,7,True,3,5,10,17,Q3 2023,5,-9,20.6,stock_life_cycles,2026-09-03,Q1 2007 to Q2 2026,78
FLEX,Flex Ltd.,2015,2026,12,28,5,True,3,2,9,14,Q3 2015,2,-4,20.6,stock_life_cycles,2026-09-03,Q1 2007 to Q2 2026,78
FND,Floor & Decor Holdings,2021,2026,6,36,6,True,7,6,14,9,Q3 2021,6,6,20.6,stock_life_cycles,2026-09-03,Q1 2007 to Q2 2026,78
FITB,Fifth Third Bancorp,2020,2026,7,25,6,True,4,2,9,10,Q4 2020,2,1,20.6,stock_life_cycles,2026-09-03,Q1 2007 to Q2 2026,78
UHAL,U-Haul Holding Co.,2016,2026,11,53,6,True,4,3,13,33,Q4 2016,3,-19,20.6,stock_life_cycles,2026-09-03,Q1 2007 to Q2 2026,78
SDRL,Seadrill Ltd,2018,2026,9,25,5,True,4,4,14,3,Q3 2018,4,11,20.6,stock_life_cycles,2026-09-03,Q1 2007 to Q2 2026,78
FRFHF,Fairfax Financial Holdings Ltd.,2009,2026,18,9,3,True,2,1,5,1,Q1 2024,1,5,20.5,stock_life_cycles,2026-09-03,Q1 2007 to Q2 2026,78
SBAC,SBA Communications Corp.,2014,2026,13,32,4,True,2,4,19,7,Q1 2014,4,10,20.5,stock_life_cycles,2026-09-03,Q1 2007 to Q2 2026,78
OC,Owens Corning,2020,2026,7,29,6,True,6,4,8,11,Q1 2020,4,-1,20.4,stock_life_cycles,2026-09-03,Q1 2007 to Q2 2026,78
SPB,Spectrum Brands Holdings Inc.,2018,2026,9,17,5,True,3,1,10,3,Q2 2018,1,9,20.4,stock_life_cycles,2026-09-03,Q1 2007 to Q2 2026,78
DVA,DaVita HealthCare Partners,2011,2026,16,30,4,True,2,3,10,15,Q4 2011,3,-6,20.4,stock_life_cycles,2026-09-03,Q1 2007 to Q2 2026,78
MLM,Martin Marietta,2008,2026,19,35,4,True,3,4,4,24,Q1 2008,4,-21,20.4,stock_life_cycles,2026-09-03,Q1 2007 to Q2 2026,78
SHAK,Shake Shack Inc.,2019,2026,8,16,6,True,3,6,2,5,Q1 2023,6,-6,20.4,stock_life_cycles,2026-09-03,Q1 2007 to Q2 2026,78
TMHC-OLD,Taylor Morrison Home Corp.,2019,2026,8,38,6,True,2,6,14,16,Q3 2024,6,-6,20.4,stock_life_cycles,2026-09-03,Q1 2007 to Q2 2026,78
WM,Waste Management Inc.,2007,2026,20,28,3,True,0,0,11,17,,0,-6,20.4,stock_life_cycles,2026-09-03,Q1 2007 to Q2 2026,78
AFRM,Affirm Holdings Inc.,2021,2026,6,21,6,True,6,4,6,5,Q1 2021,4,3,20.3,stock_life_cycles,2026-09-03,Q1 2007 to Q2 2026,78
PR,Permian Resources Corp.,2016,2026,11,16,5,True,2,3,5,6,Q4 2016,3,-2,20.3,stock_life_cycles,2026-09-03,Q1 2007 to Q2 2026,78
LULU,Lululemon Athletica Inc.,2022,2026,5,30,6,True,5,4,14,7,Q4 2024,4,8,20.3,stock_life_cycles,2026-09-03,Q1 2007 to Q2 2026,78
APH,Amphenol Corp.,2022,2026,5,42,7,True,6,2,9,25,Q2 2024,2,-12,20.3,stock_life_cycles,2026-09-03,Q1 2007 to Q2 2026,78
TTWO,Take-Two Interactive Software,2013,2026,14,14,4,True,3,3,5,3,Q3 2022,3,2,20.2,stock_life_cycles,2026-09-03,Q1 2007 to Q2 2026,78
CW,Curtiss-Wright Corp.,2012,2026,15,14,4,True,3,1,2,8,Q3 2012,1,-4,20.1,stock_life_cycles,2026-09-03,Q1 2007 to Q2 2026,78
MSGS,Madison Square Garden Sports Corp.,2020,2026,7,18,6,True,4,2,3,9,Q2 2020,2,-4,20.1,stock_life_cycles,2026-09-03,Q1 2007 to Q2 2026,78
WAL,Western Alliance Bancorp,2023,2026,4,33,7,True,6,5,6,16,Q1 2023,5,-9,20.1,stock_life_cycles,2026-09-03,Q1 2007 to Q2 2026,78
APG,APi Group Corp.,2020,2026,7,26,6,True,5,2,6,13,Q2 2020,2,-4,20.1,stock_life_cycles,2026-09-03,Q1 2007 to Q2 2026,78
BIL,SPDR Bloomberg 1 3 Month T B,2022,2026,5,16,6,True,5,2,6,3,Q3 2022,2,6,20.1,stock_life_cycles,2026-09-03,Q1 2007 to Q2 2026,78
DINO,HF Sinclair Corp.,2020,2026,7,34,5,True,4,2,21,7,Q4 2020,2,16,20.1,stock_life_cycles,2026-09-03,Q1 2007 to Q2 2026,78
LUV,Southwest Airlines,2016,2026,11,20,5,True,4,3,4,9,Q3 2016,3,-4,20.1,stock_life_cycles,2026-09-03,Q1 2007 to Q2 2026,78
LYB,LyondellBasell Industries,2021,2026,6,19,6,True,5,3,5,6,Q4 2021,3,1,20.1,stock_life_cycles,2026-09-03,Q1 2007 to Q2 2026,78
ALSN,Allison Transmission Holdings,2013,2026,14,16,4,True,3,2,5,6,Q3 2013,2,0,20.0,stock_life_cycles,2026-09-03,Q1 2007 to Q2 2026,78
ETN,Eaton Corp.,2019,2026,8,24,6,True,3,5,4,12,Q3 2023,5,-10,20.0,stock_life_cycles,2026-09-03,Q1 2007 to Q2 2026,78
RYAAY,Ryanair Holdings PLC,2013,2026,14,30,5,True,2,3,3,22,Q2 2020,3,-20,20.0,stock_life_cycles,2026-09-03,Q1 2007 to Q2 2026,78
APP,Applovin Corp.,2021,2026,6,36,6,True,9,5,9,13,Q2 2021,5,0,20.0,stock_life_cycles,2026-09-03,Q1 2007 to Q2 2026,78
PARA-OLD,Paramount Global CL B,2019,2025,7,51,8,False,6,8,22,15,Q4 2019,8,5,20.0,stock_life_cycles,2026-09-03,Q1 2007 to Q2 2026,78
HPE,Hewlett Packard Enterprise,2016,2026,11,15,5,True,3,3,2,7,Q1 2016,3,-5,20.0,stock_life_cycles,2026-09-03,Q1 2007 to Q2 2026,78
FMX,Fomento Economico Mexicano,2010,2026,17,21,4,True,2,2,1,16,Q4 2010,2,-15,20.0,stock_life_cycles,2026-09-03,Q1 2007 to Q2 2026,78
XRAY,DENTSPLY SIRONA Inc.,2018,2026,9,15,5,True,4,2,6,3,Q3 2018,2,5,20.0,stock_life_cycles,2026-09-03,Q1 2007 to Q2 2026,78
ARCO,Arcos Dorados Holdings Inc.,2014,2026,13,11,4,True,4,2,4,1,Q1 2014,2,5,20.0,stock_life_cycles,2026-09-03,Q1 2007 to Q2 2026,78
GIL,Gildan Activewear Inc.,2020,2025,6,17,6,True,4,5,4,4,Q2 2020,5,-1,19.9,stock_life_cycles,2026-09-03,Q1 2007 to Q2 2026,78
AGX,Argan Inc.,2017,2026,10,21,5,True,4,2,6,9,Q3 2017,2,-1,19.9,stock_life_cycles,2026-09-03,Q1 2007 to Q2 2026,78
EMR,Emerson Electric,2020,2026,7,32,7,True,2,3,1,26,Q2 2020,3,-26,19.9,stock_life_cycles,2026-09-03,Q1 2007 to Q2 2026,78
AER,AerCap Holdings N.V.,2016,2026,11,38,5,True,4,3,12,19,Q2 2016,3,-6,19.9,stock_life_cycles,2026-09-03,Q1 2007 to Q2 2026,78
IWF,iShares Russell 1000 Growth ETF,2023,2026,4,29,6,True,4,3,15,7,Q3 2023,3,9,19.9,stock_life_cycles,2026-09-03,Q1 2007 to Q2 2026,78
EOG,EOG Resources,2020,2026,7,43,6,True,5,5,13,20,Q3 2020,5,-7,19.8,stock_life_cycles,2026-09-03,Q1 2007 to Q2 2026,78
NVO,Novo Nordisk A S,2023,2026,4,12,6,True,4,2,6,0,Q2 2023,2,8,19.8,stock_life_cycles,2026-09-03,Q1 2007 to Q2 2026,78
SYK,Stryker Corp.,2019,2026,8,52,6,True,3,2,17,30,Q4 2023,2,-12,19.8,stock_life_cycles,2026-09-03,Q1 2007 to Q2 2026,78
WU,Western Union Co.,2013,2026,14,18,4,True,2,3,6,7,Q1 2013,3,-2,19.8,stock_life_cycles,2026-09-03,Q1 2007 to Q2 2026,78
MPC,Marathon Petroleum Corp.,2018,2026,9,15,5,True,4,2,5,4,Q4 2020,2,3,19.8,stock_life_cycles,2026-09-03,Q1 2007 to Q2 2026,78
LFUS,Littelfuse Inc.,2021,2026,6,40,6,True,2,0,17,21,Q1 2026,0,-2,19.8,stock_life_cycles,2026-09-03,Q1 2007 to Q2 2026,78
RNR,RenaissanceRe Holdings Ltd.,2021,2026,6,31,5,True,6,3,18,4,Q2 2021,3,17,19.7,stock_life_cycles,2026-09-03,Q1 2007 to Q2 2026,78
EQH,Equitable Holdings Inc.,2020,2026,7,30,6,True,2,2,9,17,Q1 2024,2,-8,19.7,stock_life_cycles,2026-09-03,Q1 2007 to Q2 2026,78
VSXY,Victoria's Secret & Co.,2021,2026,6,27,6,True,6,6,6,9,Q3 2021,6,-3,19.7,stock_life_cycles,2026-09-03,Q1 2007 to Q2 2026,78
TDW,Tidewater Inc.,2013,2026,14,35,4,True,2,1,14,18,Q4 2013,1,-3,19.7,stock_life_cycles,2026-09-03,Q1 2007 to Q2 2026,78
ORI,Old Republic International,2012,2026,15,33,4,True,2,3,10,18,Q1 2020,3,-9,19.6,stock_life_cycles,2026-09-03,Q1 2007 to Q2 2026,78
MNDY,monday.com Ltd.,2021,2026,6,34,6,True,6,6,9,13,Q2 2021,6,-4,19.6,stock_life_cycles,2026-09-03,Q1 2007 to Q2 2026,78
NWSA,News Corp.,2013,2026,14,27,4,True,1,2,10,14,Q3 2013,2,-5,19.5,stock_life_cycles,2026-09-03,Q1 2007 to Q2 2026,78
INCY,Incyte Corp.,2009,2026,18,15,3,True,2,1,3,9,Q1 2009,1,-5,19.5,stock_life_cycles,2026-09-03,Q1 2007 to Q2 2026,78
KAR,KAR Auction Services,2012,2026,15,14,4,True,2,2,0,10,Q2 2019,2,-10,19.5,stock_life_cycles,2026-09-03,Q1 2007 to Q2 2026,78
VEA,Vanguard FTSE Developed ETF,2023,2026,4,41,6,True,3,3,20,15,Q2 2023,3,5,19.5,stock_life_cycles,2026-09-03,Q1 2007 to Q2 2026,78
TRUP,Trupanion Inc.,2019,2026,8,45,5,True,1,3,24,17,Q4 2021,3,5,19.5,stock_life_cycles,2026-09-03,Q1 2007 to Q2 2026,78
COHR,Coherent Corp.,2021,2026,6,31,6,True,3,2,10,16,Q3 2021,2,-5,19.5,stock_life_cycles,2026-09-03,Q1 2007 to Q2 2026,78
AJG,Arthur J. Gallagher & Co.,2023,2026,4,26,6,True,5,3,10,8,Q1 2025,3,4,19.4,stock_life_cycles,2026-09-03,Q1 2007 to Q2 2026,78
SGOV,Ishares 0 3 Month Treasury B,2023,2026,4,20,6,True,5,1,7,7,Q3 2023,1,4,19.4,stock_life_cycles,2026-09-03,Q1 2007 to Q2 2026,78
HII,Huntington Ingalls Industries,2015,2026,12,23,4,True,5,4,8,6,Q3 2015,4,3,19.3,stock_life_cycles,2026-09-03,Q1 2007 to Q2 2026,78
FMC,FMC Corp.,2014,2026,13,26,4,True,3,4,9,10,Q4 2014,4,-2,19.3,stock_life_cycles,2026-09-03,Q1 2007 to Q2 2026,78
MOH,Molina Healthcare Inc.,2023,2026,4,25,6,True,6,3,8,8,Q2 2024,3,3,19.3,stock_life_cycles,2026-09-03,Q1 2007 to Q2 2026,78
BUD,Anheuser-Busch InBev,2023,2026,4,31,6,True,3,2,14,12,Q2 2023,2,3,19.3,stock_life_cycles,2026-09-03,Q1 2007 to Q2 2026,78
ROL,Rollins Inc.,2021,2026,6,41,5,True,2,1,25,13,Q1 2021,1,13,19.3,stock_life_cycles,2026-09-03,Q1 2007 to Q2 2026,78
RPRX,Royalty Pharma plc,2021,2026,6,37,5,True,3,2,22,10,Q3 2021,2,13,19.3,stock_life_cycles,2026-09-03,Q1 2007 to Q2 2026,78
WRBY,Warby Parker Inc.,2021,2026,6,30,6,True,2,3,9,16,Q3 2021,3,-8,19.2,stock_life_cycles,2026-09-03,Q1 2007 to Q2 2026,78
ABG,Asbury Automotive Group Inc.,2016,2026,11,19,4,True,4,2,9,4,Q2 2016,2,7,19.2,stock_life_cycles,2026-09-03,Q1 2007 to Q2 2026,78
RF,Regions Financial Corp.,2010,2026,17,11,3,True,1,2,3,5,Q1 2010,2,-3,19.2,stock_life_cycles,2026-09-03,Q1 2007 to Q2 2026,78
ABEV,Ambev S.A.,2019,2026,8,26,5,True,1,2,13,10,Q4 2024,2,2,19.2,stock_life_cycles,2026-09-03,Q1 2007 to Q2 2026,78
EG,Everest Group Ltd,2022,2026,5,35,6,True,3,2,13,17,Q4 2022,2,-3,19.2,stock_life_cycles,2026-09-03,Q1 2007 to Q2 2026,78
HUN,Huntsman Corp.,2017,2026,10,36,5,True,5,3,9,19,Q2 2017,3,-8,19.2,stock_life_cycles,2026-09-03,Q1 2007 to Q2 2026,78
ATVI,Activision Blizzard Inc.,2018,2023,6,44,8,False,7,10,16,11,Q2 2019,10,2,19.2,stock_life_cycles,2026-09-03,Q1 2007 to Q2 2026,78
GHC,Graham Holdings Co.,2014,2026,13,19,4,True,1,3,7,8,Q3 2020,3,-3,19.2,stock_life_cycles,2026-09-03,Q1 2007 to Q2 2026,78
MBC,Masterbrand Inc,2022,2026,5,29,6,True,3,5,10,11,Q4 2022,5,-3,19.2,stock_life_cycles,2026-09-03,Q1 2007 to Q2 2026,78
COOP-OLD,Mr. Cooper Group Inc.,2015,2025,11,27,7,False,4,7,8,8,Q3 2015,7,-3,19.2,stock_life_cycles,2026-09-03,Q1 2007 to Q2 2026,78
ABM,ABM Industries,2024,2026,3,26,6,True,3,0,13,10,Q4 2025,0,6,19.1,stock_life_cycles,2026-09-03,Q1 2007 to Q2 2026,78
CTSH,Cognizant Technology Solutions,2017,2026,10,57,6,True,1,1,13,42,Q2 2024,1,-29,19.1,stock_life_cycles,2026-09-03,Q1 2007 to Q2 2026,78
VUG,Vanguard Growth ETF,2022,2026,5,26,6,True,2,1,9,14,Q1 2022,1,-4,19.1,stock_life_cycles,2026-09-03,Q1 2007 to Q2 2026,78
CE,Celanese Corp.,2021,2026,6,31,5,True,2,3,19,7,Q1 2022,3,11,19.1,stock_life_cycles,2026-09-03,Q1 2007 to Q2 2026,78
CFG,Citizens Financial Group Inc.,2023,2026,4,21,6,True,5,4,6,6,Q4 2024,4,1,19.1,stock_life_cycles,2026-09-03,Q1 2007 to Q2 2026,78
TAP,Molson Coors Beverage Co.,2020,2026,7,24,5,True,3,1,12,8,Q4 2020,1,6,19.1,stock_life_cycles,2026-09-03,Q1 2007 to Q2 2026,78
BIIB,Biogen Inc.,2019,2026,8,27,5,True,3,2,11,11,Q4 2019,2,1,19.1,stock_life_cycles,2026-09-03,Q1 2007 to Q2 2026,78
LLYVA,Liberty Media Corp. Series A Live,2023,2026,4,19,6,True,6,4,4,5,Q3 2023,4,1,19.1,stock_life_cycles,2026-09-03,Q1 2007 to Q2 2026,78
W,Wayfair Inc.,2019,2026,8,19,5,True,1,4,9,5,Q3 2021,4,1,19.1,stock_life_cycles,2026-09-03,Q1 2007 to Q2 2026,78
SSNC,SS&C Technologies Holdings Inc.,2020,2026,7,72,6,True,3,5,26,38,Q2 2020,5,-14,19.1,stock_life_cycles,2026-09-03,Q1 2007 to Q2 2026,78
GTX,Garrett Motion Inc.,2018,2026,9,27,5,True,4,4,7,12,Q4 2018,4,-5,19.0,stock_life_cycles,2026-09-03,Q1 2007 to Q2 2026,78
GPI,Group 1 Automotive,2016,2026,11,19,4,True,3,2,9,5,Q2 2016,2,5,19.0,stock_life_cycles,2026-09-03,Q1 2007 to Q2 2026,78
IWM,iShares Russell 2000 ETF,2020,2026,7,37,5,True,6,5,15,11,Q2 2020,5,5,19.0,stock_life_cycles,2026-09-03,Q1 2007 to Q2 2026,78
SEE-OLD,Sealed Air Corp.,2012,2026,15,23,4,True,0,2,4,17,,2,-15,19.0,stock_life_cycles,2026-09-03,Q1 2007 to Q2 2026,78
TWLO,Twilio Inc.,2019,2026,8,14,5,True,5,4,2,3,Q3 2019,4,0,19.0,stock_life_cycles,2026-09-03,Q1 2007 to Q2 2026,78
KEYS,Keysight Technologies Inc.,2020,2026,7,55,5,True,3,2,27,23,Q1 2020,2,5,19.0,stock_life_cycles,2026-09-03,Q1 2007 to Q2 2026,78
LAZ,Lazard Inc.,2020,2026,7,29,5,True,3,3,14,9,Q4 2020,3,5,19.0,stock_life_cycles,2026-09-03,Q1 2007 to Q2 2026,78
CVE,Cenovus Energy Inc.,2019,2026,8,21,5,True,5,5,5,6,Q4 2019,5,-1,18.9,stock_life_cycles,2026-09-03,Q1 2007 to Q2 2026,78
BXP,BXP Inc.,2020,2026,7,28,5,True,3,2,13,10,Q2 2020,2,4,18.9,stock_life_cycles,2026-09-03,Q1 2007 to Q2 2026,78
CHKP,Check Point Software Technologies,2019,2026,8,35,5,True,4,5,13,13,Q4 2019,5,-1,18.9,stock_life_cycles,2026-09-03,Q1 2007 to Q2 2026,78
THC,Tenet Healthcare Corp.,2022,2026,5,18,6,True,2,3,4,9,Q4 2022,3,-6,18.9,stock_life_cycles,2026-09-03,Q1 2007 to Q2 2026,78
TOL,Toll Brothers,2019,2026,8,37,5,True,3,2,15,17,Q2 2022,2,-1,18.9,stock_life_cycles,2026-09-03,Q1 2007 to Q2 2026,78
MICC,Magnum Ice Cream Co NV,2025,2026,2,10,6,True,6,0,3,1,Q4 2025,0,8,18.8,stock_life_cycles,2026-09-03,Q1 2007 to Q2 2026,78
ALV,Autoliv Inc.,2012,2026,15,27,4,True,3,3,2,19,Q4 2012,3,-17,18.8,stock_life_cycles,2026-09-03,Q1 2007 to Q2 2026,78
ANGI,Angi Inc.,2019,2025,7,23,5,True,5,4,8,6,Q2 2019,4,3,18.8,stock_life_cycles,2026-09-03,Q1 2007 to Q2 2026,78
CNR,Core Natural Resources Inc.,2018,2026,9,37,5,True,5,5,10,17,Q4 2018,5,-7,18.8,stock_life_cycles,2026-09-03,Q1 2007 to Q2 2026,78
PAYC,Paycom Software Inc.,2020,2026,7,32,5,True,2,1,15,14,Q4 2023,1,2,18.7,stock_life_cycles,2026-09-03,Q1 2007 to Q2 2026,78
KEY,KeyCorp,2019,2026,8,17,5,True,4,4,3,6,Q3 2019,4,-3,18.7,stock_life_cycles,2026-09-03,Q1 2007 to Q2 2026,78
OTIS,Otis Worldwide Corp.,2020,2026,7,44,6,True,2,2,11,29,Q2 2020,2,-18,18.7,stock_life_cycles,2026-09-03,Q1 2007 to Q2 2026,78
ACM,AECOM Technology Corp.,2012,2026,15,7,3,True,2,3,2,0,Q1 2015,3,1,18.6,stock_life_cycles,2026-09-03,Q1 2007 to Q2 2026,78
VLO,Valero Energy,2013,2026,14,26,3,True,3,2,13,8,Q3 2013,2,6,18.6,stock_life_cycles,2026-09-03,Q1 2007 to Q2 2026,78
APO,Apollo Global Management,2021,2026,6,52,6,True,8,7,11,26,Q3 2021,7,-14,18.6,stock_life_cycles,2026-09-03,Q1 2007 to Q2 2026,78
ALX,Alexander's Inc.,2008,2026,19,5,2,True,2,1,1,1,Q4 2008,1,1,18.6,stock_life_cycles,2026-09-03,Q1 2007 to Q2 2026,78
WTM,White Mountains Insurance,2007,2026,20,8,2,True,0,1,2,5,,1,-4,18.6,stock_life_cycles,2026-09-03,Q1 2007 to Q2 2026,78
FLR,Fluor Corp.,2017,2026,10,10,4,True,4,1,4,1,Q4 2017,1,6,18.6,stock_life_cycles,2026-09-03,Q1 2007 to Q2 2026,78
ALC,Alcon Inc.,2019,2026,8,52,5,True,5,4,19,24,Q2 2019,4,-4,18.6,stock_life_cycles,2026-09-03,Q1 2007 to Q2 2026,78
OGN,Organon & Co.,2021,2026,6,48,5,True,5,4,22,17,Q2 2021,4,6,18.6,stock_life_cycles,2026-09-03,Q1 2007 to Q2 2026,78
GPK,Graphic Packaging Hldg Co.,2018,2026,9,28,4,True,5,4,14,5,Q4 2018,4,10,18.5,stock_life_cycles,2026-09-03,Q1 2007 to Q2 2026,78
NVT,nVent Electric plc,2018,2026,9,24,5,True,1,2,6,15,Q2 2018,2,-10,18.5,stock_life_cycles,2026-09-03,Q1 2007 to Q2 2026,78
HSIC,Henry Schein Inc.,2020,2026,7,20,5,True,4,1,6,9,Q1 2020,1,0,18.5,stock_life_cycles,2026-09-03,Q1 2007 to Q2 2026,78
LBRDA,Liberty Broadband Corp. CL A,2021,2026,6,21,6,True,2,3,1,15,Q3 2021,3,-15,18.5,stock_life_cycles,2026-09-03,Q1 2007 to Q2 2026,78
WAB,WABTEC Corp.,2020,2026,7,30,5,True,2,1,13,14,Q2 2020,1,0,18.5,stock_life_cycles,2026-09-03,Q1 2007 to Q2 2026,78
CTVA,Corteva Inc.,2019,2026,8,27,5,True,1,3,10,13,Q2 2019,3,-5,18.5,stock_life_cycles,2026-09-03,Q1 2007 to Q2 2026,78
TRN,Trinity Industries,2016,2026,11,32,4,True,2,3,14,13,Q2 2016,3,0,18.5,stock_life_cycles,2026-09-03,Q1 2007 to Q2 2026,78
BB,BlackBerry Ltd.,2012,2025,14,36,4,True,1,3,9,23,Q4 2019,3,-16,18.4,stock_life_cycles,2026-09-03,Q1 2007 to Q2 2026,78
J,Jacobs Solutions Inc.,2017,2026,10,40,5,True,5,6,7,22,Q3 2017,6,-16,18.4,stock_life_cycles,2026-09-03,Q1 2007 to Q2 2026,78
ZBRA,Zebra Technologies Corp.,2020,2026,7,23,5,True,1,4,10,8,Q3 2020,4,-1,18.4,stock_life_cycles,2026-09-03,Q1 2007 to Q2 2026,78
RRX,Regal Rexnord Corp.,2022,2026,5,23,5,True,5,2,11,5,Q4 2022,2,9,18.4,stock_life_cycles,2026-09-03,Q1 2007 to Q2 2026,78
Z,Zillow Group Inc.,2021,2026,6,14,5,True,5,4,4,1,Q2 2022,4,4,18.4,stock_life_cycles,2026-09-03,Q1 2007 to Q2 2026,78
PINS,Pinterest Inc.,2021,2026,6,10,5,True,4,3,3,0,Q2 2021,3,4,18.4,stock_life_cycles,2026-09-03,Q1 2007 to Q2 2026,78
KSPI,Jsc Kaspi.kz ADR,2024,2026,3,25,5,True,3,0,19,3,Q2 2024,0,19,18.4,stock_life_cycles,2026-09-03,Q1 2007 to Q2 2026,78
TTE,TotalEnergies SE,2019,2026,8,25,5,True,4,4,5,12,Q4 2022,4,-7,18.3,stock_life_cycles,2026-09-03,Q1 2007 to Q2 2026,78
KDP,Keurig Dr Pepper Inc.,2018,2026,9,14,4,True,2,2,9,1,Q3 2023,2,8,18.3,stock_life_cycles,2026-09-03,Q1 2007 to Q2 2026,78
BKD,Brookdale Senior Living Inc.,2021,2026,6,11,5,True,2,2,5,2,Q2 2025,2,3,18.3,stock_life_cycles,2026-09-03,Q1 2007 to Q2 2026,78
LRN,Stride Inc.,2013,2026,14,7,3,True,4,2,1,0,Q3 2013,2,3,18.3,stock_life_cycles,2026-09-03,Q1 2007 to Q2 2026,78
DCH,Dauch Corp.,2014,2026,13,38,3,True,5,2,18,13,Q1 2014,2,8,18.3,stock_life_cycles,2026-09-03,Q1 2007 to Q2 2026,78
MRVL,Marvell Technology Inc.,2022,2026,5,13,5,True,4,3,6,0,Q2 2023,3,7,18.2,stock_life_cycles,2026-09-03,Q1 2007 to Q2 2026,78
REZI,Resideo Technologies Inc.,2020,2026,7,35,5,True,4,1,12,18,Q2 2020,1,-3,18.2,stock_life_cycles,2026-09-03,Q1 2007 to Q2 2026,78
HP,Helmerich & Payne,2015,2026,12,20,3,True,4,2,12,2,Q1 2015,2,12,18.2,stock_life_cycles,2026-09-03,Q1 2007 to Q2 2026,78
UPWK,Upwork Inc.,2020,2026,7,27,5,True,3,4,9,11,Q2 2020,4,-3,18.2,stock_life_cycles,2026-09-03,Q1 2007 to Q2 2026,78
NVS,Novartis AG,2020,2026,7,47,6,True,3,2,9,33,Q2 2025,2,-23,18.2,stock_life_cycles,2026-09-03,Q1 2007 to Q2 2026,78
SITE,SiteOne Landscape Supply Inc.,2017,2026,10,11,4,True,3,3,3,2,Q4 2017,3,1,18.1,stock_life_cycles,2026-09-03,Q1 2007 to Q2 2026,78
CARR,Carrier Global Corp.,2021,2026,6,17,5,True,1,2,8,6,Q3 2025,2,1,18.1,stock_life_cycles,2026-09-03,Q1 2007 to Q2 2026,78
PPG,PPG Industries,2018,2026,9,18,4,True,2,2,10,4,Q2 2018,2,6,18.1,stock_life_cycles,2026-09-03,Q1 2007 to Q2 2026,78
UBS,UBS AG,2023,2026,4,35,6,True,4,4,9,18,Q1 2023,4,-9,18.1,stock_life_cycles,2026-09-03,Q1 2007 to Q2 2026,78
FWONA,Liberty Media Corp Formula One Series A,2011,2026,16,24,3,True,1,2,6,15,Q4 2011,2,-10,18.0,stock_life_cycles,2026-09-03,Q1 2007 to Q2 2026,78
DOCU,DocuSign Inc.,2020,2025,6,16,5,True,4,5,4,3,Q3 2020,5,0,18.0,stock_life_cycles,2026-09-03,Q1 2007 to Q2 2026,78
CG,Carlyle Group,2021,2026,6,28,5,True,2,2,12,12,Q4 2024,2,0,18.0,stock_life_cycles,2026-09-03,Q1 2007 to Q2 2026,78
GWRE,Guidewire Software Inc.,2020,2026,7,29,5,True,4,4,8,13,Q1 2020,4,-5,18.0,stock_life_cycles,2026-09-03,Q1 2007 to Q2 2026,78
LEVI,Levi Strauss & Co.,2020,2026,7,21,5,True,3,3,5,10,Q1 2020,3,-5,18.0,stock_life_cycles,2026-09-03,Q1 2007 to Q2 2026,78
ACHC,Acadia Healthcare Co.,2023,2026,4,26,5,True,2,2,16,6,Q4 2024,2,10,18.0,stock_life_cycles,2026-09-03,Q1 2007 to Q2 2026,78
FTI,TechnipFMC plc,2019,2026,8,23,5,True,4,3,2,14,Q4 2019,3,-11,17.9,stock_life_cycles,2026-09-03,Q1 2007 to Q2 2026,78
BDC,Belden Inc.,2017,2026,10,11,4,True,2,4,3,2,Q1 2017,4,-1,17.9,stock_life_cycles,2026-09-03,Q1 2007 to Q2 2026,78
ULTA,Ulta Beauty Inc.,2018,2026,9,30,7,False,5,7,7,11,Q3 2018,7,-6,17.9,stock_life_cycles,2026-09-03,Q1 2007 to Q2 2026,78
KR,Kroger Co.,2019,2026,8,35,5,True,3,3,9,20,Q4 2019,3,-11,17.9,stock_life_cycles,2026-09-03,Q1 2007 to Q2 2026,78
AVT,Avnet Inc.,2017,2026,10,43,4,True,3,3,18,19,Q2 2017,3,-1,17.9,stock_life_cycles,2026-09-03,Q1 2007 to Q2 2026,78
M,Macy's Inc.,2020,2026,7,20,5,True,4,4,3,9,Q4 2020,4,-6,17.9,stock_life_cycles,2026-09-03,Q1 2007 to Q2 2026,78
CXT,Crane NXT Co.,2012,2026,15,14,3,True,3,4,1,6,Q3 2015,4,-6,17.9,stock_life_cycles,2026-09-03,Q1 2007 to Q2 2026,78
TME,Tencent Music Entertainment Grp,2021,2026,6,24,5,True,5,3,6,10,Q4 2021,3,-2,17.8,stock_life_cycles,2026-09-03,Q1 2007 to Q2 2026,78
NCLH,Norwegian Cruise Line Hlgs Ltd.,2021,2026,6,36,5,True,2,2,15,17,Q3 2025,2,-2,17.8,stock_life_cycles,2026-09-03,Q1 2007 to Q2 2026,78
DT,Dynatrace Inc.,2019,2026,8,18,4,True,2,3,11,2,Q3 2019,3,8,17.8,stock_life_cycles,2026-09-03,Q1 2007 to Q2 2026,78
MAS,Masco Corp.,2020,2026,7,29,5,True,3,2,8,16,Q1 2020,2,-7,17.8,stock_life_cycles,2026-09-03,Q1 2007 to Q2 2026,78
NVST,Envista Holdings Corp.,2024,2026,3,31,6,True,2,0,10,19,Q4 2024,0,-7,17.8,stock_life_cycles,2026-09-03,Q1 2007 to Q2 2026,78
VEEV,Veeva Systems Inc.,2023,2026,4,34,5,True,5,4,16,9,Q3 2023,4,8,17.8,stock_life_cycles,2026-09-03,Q1 2007 to Q2 2026,78
REAL,RealReal Inc.,2021,2026,6,18,5,True,3,4,5,6,Q1 2023,4,-2,17.8,stock_life_cycles,2026-09-03,Q1 2007 to Q2 2026,78
AAP,Advance Auto Parts,2023,2026,4,18,5,True,4,3,9,2,Q2 2023,3,8,17.8,stock_life_cycles,2026-09-03,Q1 2007 to Q2 2026,78
CCL,Carnival Corp.,2019,2026,8,19,4,True,5,4,8,2,Q2 2019,4,7,17.7,stock_life_cycles,2026-09-03,Q1 2007 to Q2 2026,78
BATRK,Atlanta Braves Holdings Inc. Series C,2017,2026,10,13,4,True,2,2,3,6,Q3 2023,2,-3,17.7,stock_life_cycles,2026-09-03,Q1 2007 to Q2 2026,78
TAC,TransAlta Corp.,2019,2026,8,10,4,True,3,2,5,0,Q4 2019,2,6,17.6,stock_life_cycles,2026-09-03,Q1 2007 to Q2 2026,78
LVS,Las Vegas Sands Corp.,2021,2025,5,23,5,True,5,6,7,5,Q3 2021,6,1,17.6,stock_life_cycles,2026-09-03,Q1 2007 to Q2 2026,78
EXP,Eagle Materials Inc.,2019,2026,8,22,4,True,3,1,11,7,Q1 2024,1,6,17.6,stock_life_cycles,2026-09-03,Q1 2007 to Q2 2026,78
LPX,Louisiana-Pacific Corp.,2022,2026,5,15,5,True,4,2,4,5,Q3 2022,2,1,17.6,stock_life_cycles,2026-09-03,Q1 2007 to Q2 2026,78
TX,Ternium S.A.,2009,2026,18,20,2,True,1,1,7,11,Q2 2022,1,-4,17.6,stock_life_cycles,2026-09-03,Q1 2007 to Q2 2026,78
ADNT,Adient plc,2017,2026,10,26,4,True,2,4,9,11,Q2 2017,4,-4,17.6,stock_life_cycles,2026-09-03,Q1 2007 to Q2 2026,78
MEDP,Medpace Holdings Inc.,2023,2026,4,30,5,True,2,1,16,11,Q3 2023,1,6,17.6,stock_life_cycles,2026-09-03,Q1 2007 to Q2 2026,78
VNT,Vontier Corp.,2021,2026,6,30,5,True,2,4,11,13,Q1 2021,4,-4,17.6,stock_life_cycles,2026-09-03,Q1 2007 to Q2 2026,78
BWXT,BWX Technologies Inc.,2014,2026,13,17,3,True,3,1,6,7,Q2 2014,1,1,17.6,stock_life_cycles,2026-09-03,Q1 2007 to Q2 2026,78
IEP,Icahn Enterprises,2013,2025,13,41,1,True,0,0,41,0,,0,41,17.6,stock_life_cycles,2026-09-03,Q1 2007 to Q2 2026,78
CIEN,Ciena Corp.,2021,2026,6,20,5,True,4,3,4,9,Q4 2021,3,-4,17.6,stock_life_cycles,2026-09-03,Q1 2007 to Q2 2026,78
VALE,Vale SA,2021,2026,6,30,5,True,2,3,11,14,Q1 2025,3,-4,17.6,stock_life_cycles,2026-09-03,Q1 2007 to Q2 2026,78
APA,APA Corp.,2021,2026,6,23,5,True,2,2,7,12,Q1 2021,2,-5,17.5,stock_life_cycles,2026-09-03,Q1 2007 to Q2 2026,78
SWKS,Skyworks Solutions Inc.,2019,2026,8,21,4,True,2,3,11,5,Q1 2019,3,5,17.5,stock_life_cycles,2026-09-03,Q1 2007 to Q2 2026,78
CPAY,Corpay Inc.,2019,2026,8,21,4,True,4,3,9,5,Q4 2019,3,5,17.5,stock_life_cycles,2026-09-03,Q1 2007 to Q2 2026,78
YETI,YETI Holdings Inc.,2021,2026,6,17,5,True,3,3,3,8,Q1 2025,3,-5,17.5,stock_life_cycles,2026-09-03,Q1 2007 to Q2 2026,78
OPTU,Optimum Communications Inc.,2018,2026,9,19,4,True,5,4,4,6,Q3 2018,4,-1,17.4,stock_life_cycles,2026-09-03,Q1 2007 to Q2 2026,78
MIDD,Middleby Corp.,2019,2026,8,18,4,True,3,2,8,5,Q4 2019,2,4,17.4,stock_life_cycles,2026-09-03,Q1 2007 to Q2 2026,78
GILD,Gilead Sciences,2023,2026,4,28,6,True,1,3,5,19,Q2 2025,3,-16,17.4,stock_life_cycles,2026-09-03,Q1 2007 to Q2 2026,78
IDT,IDT Corp. CL B,2007,2026,20,32,2,True,0,1,8,23,,1,-16,17.4,stock_life_cycles,2026-09-03,Q1 2007 to Q2 2026,78
STKL-OLD,SunOpta Inc.,2019,2026,8,36,3,True,1,2,29,4,Q3 2019,2,24,17.4,stock_life_cycles,2026-09-03,Q1 2007 to Q2 2026,78
TEX,Terex Corp.,2009,2026,18,40,4,False,7,6,15,12,Q2 2009,6,4,17.4,stock_life_cycles,2026-09-03,Q1 2007 to Q2 2026,78
IPGP,IPG Photonics Corp.,2016,2026,11,23,3,True,1,2,15,5,Q2 2016,2,9,17.4,stock_life_cycles,2026-09-03,Q1 2007 to Q2 2026,78
JLL,Jones Lang Lasalle Inc.,2023,2026,4,37,6,True,3,0,7,27,Q1 2023,0,-17,17.3,stock_life_cycles,2026-09-03,Q1 2007 to Q2 2026,78
DXC,DXC Technology Co.,2017,2025,9,32,7,False,4,8,6,14,Q2 2017,8,-12,17.3,stock_life_cycles,2026-09-03,Q1 2007 to Q2 2026,78
BAP,Credicorp Ltd.,2022,2026,5,36,5,True,1,1,16,18,Q2 2024,1,-2,17.3,stock_life_cycles,2026-09-03,Q1 2007 to Q2 2026,78
SABR,Sabre Corp.,2019,2026,8,26,4,True,1,3,13,9,Q2 2025,3,2,17.2,stock_life_cycles,2026-09-03,Q1 2007 to Q2 2026,78
UAA,Under Armour Inc.,2019,2026,8,12,4,True,3,3,4,2,Q4 2019,3,2,17.2,stock_life_cycles,2026-09-03,Q1 2007 to Q2 2026,78
UNF,UniFirst Corp.,2015,2026,12,10,3,True,2,1,4,3,Q4 2015,1,2,17.2,stock_life_cycles,2026-09-03,Q1 2007 to Q2 2026,78
KW-OLD,Kennedy-Wilson Holdings Inc.,2015,2026,12,14,3,True,1,2,7,4,Q3 2020,2,2,17.2,stock_life_cycles,2026-09-03,Q1 2007 to Q2 2026,78
MLKN,MillerKnoll Inc.,2022,2026,5,14,5,True,3,1,2,8,Q1 2026,1,-4,17.1,stock_life_cycles,2026-09-03,Q1 2007 to Q2 2026,78
PRM,Perimeter Solutions SA,2021,2026,6,19,5,True,3,3,2,11,Q4 2021,3,-9,17.1,stock_life_cycles,2026-09-03,Q1 2007 to Q2 2026,78
QRVO,Qorvo Inc.,2017,2026,10,39,4,True,2,3,13,21,Q1 2017,3,-9,17.1,stock_life_cycles,2026-09-03,Q1 2007 to Q2 2026,78
CNDT,Conduent Inc.,2017,2026,10,23,3,True,1,2,16,4,Q1 2017,2,11,17.1,stock_life_cycles,2026-09-03,Q1 2007 to Q2 2026,78
PRI,Primerica Inc.,2012,2026,15,67,3,True,1,2,25,39,Q1 2020,2,-15,17.0,stock_life_cycles,2026-09-03,Q1 2007 to Q2 2026,78
BBWI,Bath & Body Works Inc.,2020,2026,7,57,7,False,6,7,20,24,Q1 2020,7,-5,17.0,stock_life_cycles,2026-09-03,Q1 2007 to Q2 2026,78
UA,Under Armour CL C,2020,2026,7,12,4,True,4,4,4,0,Q1 2020,4,4,16.9,stock_life_cycles,2026-09-03,Q1 2007 to Q2 2026,78
MDLN,Medline Inc Cl A,2025,2026,2,9,5,True,5,0,4,0,Q4 2025,0,9,16.9,stock_life_cycles,2026-09-03,Q1 2007 to Q2 2026,78
FIX,Comfort Systems USA Inc.,2019,2026,8,16,4,True,3,2,4,7,Q4 2023,2,-2,16.8,stock_life_cycles,2026-09-03,Q1 2007 to Q2 2026,78
QLYS,Qualys Inc.,2020,2026,7,33,4,True,2,2,16,13,Q2 2020,2,3,16.8,stock_life_cycles,2026-09-03,Q1 2007 to Q2 2026,78
KLAC,KLA Corp.,2021,2026,6,30,5,True,5,3,4,18,Q1 2021,3,-12,16.8,stock_life_cycles,2026-09-03,Q1 2007 to Q2 2026,78
SPHR,Sphere Entertainment Co.,2020,2026,7,22,4,True,3,2,9,8,Q2 2020,2,2,16.7,stock_life_cycles,2026-09-03,Q1 2007 to Q2 2026,78
CF,CF Industries Holdings Inc.,2013,2026,14,21,5,False,5,5,4,7,Q2 2013,5,-3,16.7,stock_life_cycles,2026-09-03,Q1 2007 to Q2 2026,78
DGX,Quest Diagnostics,2023,2026,4,25,5,True,1,1,10,13,Q3 2025,1,-3,16.7,stock_life_cycles,2026-09-03,Q1 2007 to Q2 2026,78
LSXMK,Liberty SiriusXM Series C,2016,2024,9,34,6,False,3,6,15,10,Q2 2016,6,2,16.7,stock_life_cycles,2026-09-03,Q1 2007 to Q2 2026,78
WBS,Webster Financial Corp.,2022,2026,5,29,5,True,2,4,8,15,Q1 2022,4,-9,16.6,stock_life_cycles,2026-09-03,Q1 2007 to Q2 2026,78
TFX,Teleflex,2025,2026,2,12,5,True,4,2,5,1,Q2 2025,2,6,16.6,stock_life_cycles,2026-09-03,Q1 2007 to Q2 2026,78
OIS,Oil States International Inc.,2012,2026,15,15,2,True,1,1,7,6,Q2 2012,1,1,16.6,stock_life_cycles,2026-09-03,Q1 2007 to Q2 2026,78
VMC,Vulcan Materials,2019,2026,8,48,5,True,4,3,8,33,Q3 2020,3,-24,16.6,stock_life_cycles,2026-09-03,Q1 2007 to Q2 2026,78
SAP,SAP SE,2023,2026,4,26,5,True,2,0,9,15,Q3 2025,0,-4,16.6,stock_life_cycles,2026-09-03,Q1 2007 to Q2 2026,78
DOCS,Doximity Inc.,2021,2026,6,16,4,True,4,3,7,2,Q2 2021,3,6,16.6,stock_life_cycles,2026-09-03,Q1 2007 to Q2 2026,78
MANU,Manchester United plc,2018,2026,9,47,3,True,1,0,28,18,Q3 2023,0,11,16.6,stock_life_cycles,2026-09-03,Q1 2007 to Q2 2026,78
OMC,Omnicom Group,2022,2026,5,21,5,True,3,1,3,14,Q4 2025,1,-9,16.6,stock_life_cycles,2026-09-03,Q1 2007 to Q2 2026,78
EMBJ,Embraer SA,2024,2026,3,15,5,True,5,3,3,4,Q3 2024,3,1,16.6,stock_life_cycles,2026-09-03,Q1 2007 to Q2 2026,78
CAG,Conagra Brands Inc.,2019,2026,8,23,4,True,3,2,6,12,Q1 2019,2,-5,16.5,stock_life_cycles,2026-09-03,Q1 2007 to Q2 2026,78
GTN,Gray Television Inc.,2019,2026,8,23,3,True,3,2,16,2,Q3 2019,2,15,16.5,stock_life_cycles,2026-09-03,Q1 2007 to Q2 2026,78
CPA,Copa Holdings SA,2020,2026,7,8,4,True,3,2,1,2,Q2 2020,2,0,16.5,stock_life_cycles,2026-09-03,Q1 2007 to Q2 2026,78
FSLR,First Solar Inc.,2024,2026,3,16,5,True,5,3,3,5,Q1 2024,3,0,16.5,stock_life_cycles,2026-09-03,Q1 2007 to Q2 2026,78
TLN,Talen Energy Corp,2024,2026,3,24,5,True,5,1,7,11,Q3 2024,1,0,16.5,stock_life_cycles,2026-09-03,Q1 2007 to Q2 2026,78
NAVI,Navient Corp.,2014,2026,13,30,5,False,4,5,11,10,Q2 2014,5,0,16.5,stock_life_cycles,2026-09-03,Q1 2007 to Q2 2026,78
DECK,Deckers Outdoor,2025,2026,2,11,5,True,4,3,4,0,Q2 2025,3,5,16.5,stock_life_cycles,2026-09-03,Q1 2007 to Q2 2026,78
CXW,CoreCivic Inc.,2009,2025,17,15,4,False,3,5,4,3,Q3 2009,5,-1,16.4,stock_life_cycles,2026-09-03,Q1 2007 to Q2 2026,78
NOK,Nokia Corp.,2015,2026,12,16,3,True,1,1,4,10,Q1 2025,1,-6,16.4,stock_life_cycles,2026-09-03,Q1 2007 to Q2 2026,78
BF.B,Brown-Forman Corp.,2018,2026,9,53,4,True,2,1,19,31,Q3 2019,1,-11,16.4,stock_life_cycles,2026-09-03,Q1 2007 to Q2 2026,78
CHRW,C.H. Robinson Worldwide,2018,2026,9,19,4,True,1,2,3,13,Q3 2018,2,-11,16.4,stock_life_cycles,2026-09-03,Q1 2007 to Q2 2026,78
YOU,Clear Secure Inc.,2023,2026,4,30,5,True,4,4,8,14,Q1 2025,4,-6,16.4,stock_life_cycles,2026-09-03,Q1 2007 to Q2 2026,78
BBY,Best Buy Co. Inc.,2018,2026,9,21,4,True,2,2,3,14,Q2 2018,2,-11,16.4,stock_life_cycles,2026-09-03,Q1 2007 to Q2 2026,78
AZO,AutoZone Inc.,2018,2026,9,21,4,True,2,3,3,13,Q2 2018,3,-11,16.4,stock_life_cycles,2026-09-03,Q1 2007 to Q2 2026,78
FNV,Franco Nevada Corp.,2023,2026,4,16,4,True,3,1,12,0,Q4 2023,1,14,16.4,stock_life_cycles,2026-09-03,Q1 2007 to Q2 2026,78
ASH,Ashland Global Holdings Inc.,2012,2026,15,32,2,True,3,4,12,13,Q1 2016,4,-2,16.3,stock_life_cycles,2026-09-03,Q1 2007 to Q2 2026,78
DJCO,Daily Journal Corp.,2007,2021,15,6,2,True,1,1,1,3,Q2 2021,1,-2,16.3,stock_life_cycles,2026-09-03,Q1 2007 to Q2 2026,78
BHF,Brighthouse Financial Inc.,2018,2026,9,26,4,True,0,3,7,16,,3,-12,16.3,stock_life_cycles,2026-09-03,Q1 2007 to Q2 2026,78
UHAL.B,U Haul Holding Co Non Voting,2022,2026,5,42,5,True,4,1,11,26,Q4 2022,1,-12,16.3,stock_life_cycles,2026-09-03,Q1 2007 to Q2 2026,78
NBR,Nabors Industries Ltd.,2018,2026,9,28,3,True,1,2,17,8,Q3 2025,2,8,16.3,stock_life_cycles,2026-09-03,Q1 2007 to Q2 2026,78
PCOR,Procore Technologies Inc.,2021,2026,6,23,4,True,5,3,8,7,Q2 2021,3,3,16.3,stock_life_cycles,2026-09-03,Q1 2007 to Q2 2026,78
CHD,Church & Dwight,2019,2026,8,39,4,True,3,3,13,20,Q3 2019,3,-7,16.3,stock_life_cycles,2026-09-03,Q1 2007 to Q2 2026,78
IWR,Ishares Russell Mid Cap ETF,2023,2026,4,21,4,True,2,2,15,2,Q2 2025,2,13,16.3,stock_life_cycles,2026-09-03,Q1 2007 to Q2 2026,78
MDB,MongoDB Inc.,2020,2026,7,15,4,True,5,5,1,4,Q4 2020,5,-3,16.2,stock_life_cycles,2026-09-03,Q1 2007 to Q2 2026,78
NTR,Nutrien Ltd.,2021,2026,6,12,4,True,2,2,5,3,Q3 2021,2,2,16.2,stock_life_cycles,2026-09-03,Q1 2007 to Q2 2026,78
PAYX,Paychex Inc.,2017,2025,9,19,4,True,2,5,1,11,Q1 2020,5,-13,16.2,stock_life_cycles,2026-09-03,Q1 2007 to Q2 2026,78
VIST,"Vista Oil & Gas, S.A.B. de C.V.",2019,2026,8,24,4,True,3,4,5,12,Q3 2019,4,-8,16.2,stock_life_cycles,2026-09-03,Q1 2007 to Q2 2026,78
SPR-OLD,Spirit AeroSystems Holdings Inc.,2008,2024,17,19,4,False,4,4,4,7,Q4 2008,4,-3,16.2,stock_life_cycles,2026-09-03,Q1 2007 to Q2 2026,78
RKLB,Rocket Lab Corp.,2021,2026,6,10,4,True,5,3,1,1,Q1 2021,3,2,16.2,stock_life_cycles,2026-09-03,Q1 2007 to Q2 2026,78
VO,Vanguard Mid Cap ETF,2023,2026,4,18,4,True,3,2,12,1,Q4 2023,2,12,16.2,stock_life_cycles,2026-09-03,Q1 2007 to Q2 2026,78
KGC,Kinross Gold Corp.,2018,2026,9,31,3,True,1,0,18,12,Q1 2026,0,7,16.2,stock_life_cycles,2026-09-03,Q1 2007 to Q2 2026,78
FIVE,Five Below Inc.,2020,2026,7,33,3,True,2,1,23,7,Q2 2024,1,17,16.2,stock_life_cycles,2026-09-03,Q1 2007 to Q2 2026,78
KFY,Korn Ferry,2019,2026,8,20,4,True,2,2,4,12,Q2 2019,2,-8,16.2,stock_life_cycles,2026-09-03,Q1 2007 to Q2 2026,78
CGNX,Cognex Corp.,2019,2026,8,25,3,True,2,1,16,6,Q1 2025,1,11,16.1,stock_life_cycles,2026-09-03,Q1 2007 to Q2 2026,78
QQQ,Invesco Qqq Trust Series 1,2022,2026,5,20,4,True,2,2,11,5,Q4 2022,2,6,16.1,stock_life_cycles,2026-09-03,Q1 2007 to Q2 2026,78
PXD-OLD,Pioneer Natural Resources,2017,2024,8,27,6,False,4,6,10,7,Q3 2017,6,1,16.1,stock_life_cycles,2026-09-03,Q1 2007 to Q2 2026,78
BRSL,Brightstar Lottery,2017,2026,10,11,3,True,3,3,3,2,Q1 2017,3,1,16.1,stock_life_cycles,2026-09-03,Q1 2007 to Q2 2026,78
NSRGY,Nestle,2010,2026,17,16,2,True,0,1,1,14,,1,-14,16.1,stock_life_cycles,2026-09-03,Q1 2007 to Q2 2026,78
GSHD,Goosehead Insurance Inc.,2018,2026,9,22,3,True,2,2,12,6,Q4 2018,2,6,16.1,stock_life_cycles,2026-09-03,Q1 2007 to Q2 2026,78
CRL,Charles River Labs,2022,2026,5,22,4,True,2,1,12,7,Q2 2025,1,6,16.1,stock_life_cycles,2026-09-03,Q1 2007 to Q2 2026,78
VWO,Vanguard FTSE Emerging Marke,2023,2026,4,22,4,True,4,2,12,4,Q2 2024,2,10,16.0,stock_life_cycles,2026-09-03,Q1 2007 to Q2 2026,78
ISRG,Intuitive Surgical Inc.,2021,2026,6,14,4,True,5,4,2,3,Q3 2023,4,0,16.0,stock_life_cycles,2026-09-03,Q1 2007 to Q2 2026,78
MTN,Vail Resorts Inc.,2023,2026,4,28,4,True,1,1,18,8,Q2 2024,1,10,16.0,stock_life_cycles,2026-09-03,Q1 2007 to Q2 2026,78
SHLDQ-OLD,Sears Holdings Corp.,2007,2019,13,45,5,False,1,5,19,20,Q3 2007,5,-5,16.0,stock_life_cycles,2026-09-03,Q1 2007 to Q2 2026,78
LHX,L3Harris Technologies Inc.,2022,2026,5,35,5,True,3,2,7,23,Q1 2025,2,-15,16.0,stock_life_cycles,2026-09-03,Q1 2007 to Q2 2026,78
PBF,PBF Energy Inc.,2016,2025,10,8,3,True,1,2,3,2,Q3 2024,2,0,16.0,stock_life_cycles,2026-09-03,Q1 2007 to Q2 2026,78
AUR,Aurora Innovation Inc.,2021,2026,6,16,4,True,4,2,4,6,Q2 2021,2,0,16.0,stock_life_cycles,2026-09-03,Q1 2007 to Q2 2026,78
CHWY,Chewy Inc.,2019,2026,8,16,6,False,5,5,3,3,Q2 2019,5,0,16.0,stock_life_cycles,2026-09-03,Q1 2007 to Q2 2026,78
JOBY,Joby Aviation Inc.,2021,2026,6,15,4,True,4,3,3,5,Q1 2021,3,-1,15.9,stock_life_cycles,2026-09-03,Q1 2007 to Q2 2026,78
HON,Honeywell Int'l Inc.,2023,2026,4,21,5,True,2,4,3,12,Q4 2024,4,-11,15.9,stock_life_cycles,2026-09-03,Q1 2007 to Q2 2026,78
IJR,Ishares Core S&P  Small Cap E,2023,2026,4,19,4,True,1,1,13,4,Q4 2025,1,9,15.9,stock_life_cycles,2026-09-03,Q1 2007 to Q2 2026,78
RYN,Rayonier Inc.,2014,2026,13,30,3,True,2,2,5,21,Q2 2014,2,-16,15.9,stock_life_cycles,2026-09-03,Q1 2007 to Q2 2026,78
CDLX,Cardlytics Inc.,2019,2025,7,30,3,True,2,2,20,6,Q2 2019,2,14,15.9,stock_life_cycles,2026-09-03,Q1 2007 to Q2 2026,78
ALGT,Allegiant Travel Company,2018,2026,9,7,3,True,3,2,2,0,Q2 2018,2,3,15.8,stock_life_cycles,2026-09-03,Q1 2007 to Q2 2026,78
TV,Grupo Televisa SA,2007,2025,19,17,3,False,0,3,10,4,,3,3,15.8,stock_life_cycles,2026-09-03,Q1 2007 to Q2 2026,78
OI,O-I Glass Inc.,2012,2025,14,56,4,False,1,4,31,20,Q4 2019,4,8,15.8,stock_life_cycles,2026-09-03,Q1 2007 to Q2 2026,78
HRB,H&R Block Inc.,2021,2026,6,14,4,True,4,3,2,5,Q1 2021,3,-2,15.8,stock_life_cycles,2026-09-03,Q1 2007 to Q2 2026,78
LUMN,Lumen Technologies Inc.,2017,2026,10,18,3,True,2,2,6,8,Q4 2017,2,-2,15.8,stock_life_cycles,2026-09-03,Q1 2007 to Q2 2026,78
OUT,Outfront Media Inc.,2019,2026,8,23,4,True,3,2,2,16,Q4 2019,2,-13,15.7,stock_life_cycles,2026-09-03,Q1 2007 to Q2 2026,78
PAGS,PagSeguro Digital Ltd.,2022,2026,5,10,4,True,3,3,3,1,Q3 2022,3,2,15.7,stock_life_cycles,2026-09-03,Q1 2007 to Q2 2026,78
KMT,Kennametal Inc.,2012,2026,15,18,2,True,3,4,2,9,Q4 2014,4,-8,15.7,stock_life_cycles,2026-09-03,Q1 2007 to Q2 2026,78
EPAM,EPAM Systems Inc.,2022,2026,5,16,4,True,3,3,6,4,Q2 2022,3,2,15.7,stock_life_cycles,2026-09-03,Q1 2007 to Q2 2026,78
SJM,J.M. Smucker Co,2019,2026,8,13,3,True,2,1,8,2,Q4 2019,1,7,15.7,stock_life_cycles,2026-09-03,Q1 2007 to Q2 2026,78
VTRS,Viatris Inc.,2020,2026,7,44,4,True,3,2,15,24,Q4 2020,2,-8,15.7,stock_life_cycles,2026-09-03,Q1 2007 to Q2 2026,78
SNX,SYNNEX Corp.,2020,2026,7,34,4,True,4,3,9,18,Q3 2020,3,-8,15.7,stock_life_cycles,2026-09-03,Q1 2007 to Q2 2026,78
EAF,GrafTech International Ltd.,2019,2026,8,24,3,True,2,2,13,7,Q2 2019,2,6,15.6,stock_life_cycles,2026-09-03,Q1 2007 to Q2 2026,78
BRBR,BellRing Brands Inc. CL A,2022,2026,5,7,4,True,4,3,0,0,Q1 2022,3,1,15.6,stock_life_cycles,2026-09-03,Q1 2007 to Q2 2026,78
MTD,Mettler-Toledo International Inc.,2022,2026,5,31,4,True,2,2,14,13,Q1 2022,2,1,15.6,stock_life_cycles,2026-09-03,Q1 2007 to Q2 2026,78
HIG,Hartford Financial Svc.Gp.,2012,2025,14,12,2,True,1,2,3,6,Q2 2025,2,-4,15.6,stock_life_cycles,2026-09-03,Q1 2007 to Q2 2026,78
LYFT,Lyft Inc.,2021,2026,6,16,4,True,4,3,2,7,Q1 2021,3,-4,15.6,stock_life_cycles,2026-09-03,Q1 2007 to Q2 2026,78
WY,Weyerhaeuser Co.,2019,2026,8,30,4,True,1,0,7,22,Q1 2026,0,-14,15.6,stock_life_cycles,2026-09-03,Q1 2007 to Q2 2026,78
TOST,Toast Inc.,2021,2026,6,32,4,True,4,4,10,14,Q3 2021,4,-4,15.6,stock_life_cycles,2026-09-03,Q1 2007 to Q2 2026,78
GAP,Gap Inc.,2018,2026,9,15,6,False,3,6,0,6,Q2 2018,6,-9,15.6,stock_life_cycles,2026-09-03,Q1 2007 to Q2 2026,78
CRDO,Credo Technology Group Holdi,2022,2026,5,9,4,True,4,2,1,2,Q4 2022,2,1,15.6,stock_life_cycles,2026-09-03,Q1 2007 to Q2 2026,78
LW,Lamb Weston Hldgs Inc.,2022,2026,5,12,4,True,3,3,3,3,Q2 2022,3,0,15.5,stock_life_cycles,2026-09-03,Q1 2007 to Q2 2026,78
SWK,Stanley Black & Decker Inc.,2022,2026,5,26,4,True,2,2,11,11,Q1 2022,2,0,15.5,stock_life_cycles,2026-09-03,Q1 2007 to Q2 2026,78
BE,Bloom Energy Corp.,2018,2026,9,12,3,True,3,1,3,5,Q4 2018,1,0,15.5,stock_life_cycles,2026-09-03,Q1 2007 to Q2 2026,78
SOFI,SoFi Technologies Inc.,2021,2026,6,29,4,True,2,2,10,15,Q2 2021,2,-5,15.5,stock_life_cycles,2026-09-03,Q1 2007 to Q2 2026,78
PENN,Penn National Gaming Inc.,2019,2026,8,16,3,True,5,2,5,4,Q4 2019,2,4,15.4,stock_life_cycles,2026-09-03,Q1 2007 to Q2 2026,78
CASY,Casey's Gen'l Stores,2024,2026,3,23,5,True,2,2,4,15,Q2 2024,2,-11,15.4,stock_life_cycles,2026-09-03,Q1 2007 to Q2 2026,78
ANET,Arista Networks Inc.,2020,2026,7,25,3,True,1,2,16,6,Q2 2023,2,9,15.4,stock_life_cycles,2026-09-03,Q1 2007 to Q2 2026,78
YPF,YPF S.A.,2018,2026,9,13,3,True,5,5,1,2,Q3 2018,5,-1,15.4,stock_life_cycles,2026-09-03,Q1 2007 to Q2 2026,78
RBLX,Roblox Corp.,2021,2026,6,26,4,True,4,1,6,15,Q1 2021,1,-6,15.4,stock_life_cycles,2026-09-03,Q1 2007 to Q2 2026,78
SPG,Simon Property Group Inc.,2020,2026,7,19,4,True,2,3,2,12,Q1 2020,3,-11,15.4,stock_life_cycles,2026-09-03,Q1 2007 to Q2 2026,78
LIND,Lindblad Expeditions Hldgs Inc.,2018,2026,9,17,3,True,2,1,6,8,Q2 2018,1,-1,15.4,stock_life_cycles,2026-09-03,Q1 2007 to Q2 2026,78
ESRX,Express Scripts,2012,2018,7,32,6,False,8,9,7,8,Q4 2012,9,-2,15.3,stock_life_cycles,2026-09-03,Q1 2007 to Q2 2026,78
STX,Seagate Technology,2016,2026,11,30,5,False,4,5,10,11,Q2 2016,5,-2,15.3,stock_life_cycles,2026-09-03,Q1 2007 to Q2 2026,78
CLB,Core Laboratories Inc.,2017,2026,10,21,3,True,1,2,6,12,Q2 2020,2,-7,15.3,stock_life_cycles,2026-09-03,Q1 2007 to Q2 2026,78
ATKR,Atkore International Group Inc.,2022,2026,5,12,4,True,3,4,2,3,Q4 2022,4,-2,15.3,stock_life_cycles,2026-09-03,Q1 2007 to Q2 2026,78
IBP,Installed Building Products,2021,2026,6,21,3,True,1,1,16,3,Q4 2021,1,13,15.3,stock_life_cycles,2026-09-03,Q1 2007 to Q2 2026,78
HLN,Haleon Plc ADR,2022,2026,5,33,5,True,2,0,3,28,Q3 2022,0,-23,15.2,stock_life_cycles,2026-09-03,Q1 2007 to Q2 2026,78
JOYY,JOYY Inc.,2023,2026,4,16,4,True,3,3,6,4,Q4 2023,3,2,15.2,stock_life_cycles,2026-09-03,Q1 2007 to Q2 2026,78
CNXC,Concentrix Corp.,2020,2026,7,31,4,True,2,3,7,19,Q4 2020,3,-13,15.2,stock_life_cycles,2026-09-03,Q1 2007 to Q2 2026,78
WST,West Pharmaceutical Services,2023,2026,4,16,4,True,3,1,6,6,Q1 2025,1,2,15.2,stock_life_cycles,2026-09-03,Q1 2007 to Q2 2026,78
BALL,Ball Corp.,2022,2026,5,17,4,True,1,3,6,7,Q4 2025,3,-3,15.2,stock_life_cycles,2026-09-03,Q1 2007 to Q2 2026,78
SAIA,Saia Inc.,2023,2026,4,12,4,True,4,3,3,2,Q3 2023,3,2,15.2,stock_life_cycles,2026-09-03,Q1 2007 to Q2 2026,78
MIR,Mirion Technologies Inc,2021,2026,6,19,3,True,3,1,12,3,Q4 2021,1,11,15.1,stock_life_cycles,2026-09-03,Q1 2007 to Q2 2026,78
WSC,WillScot Mobile Mini Hldgs Corp.,2020,2025,6,15,3,True,2,2,11,0,Q4 2020,2,11,15.1,stock_life_cycles,2026-09-03,Q1 2007 to Q2 2026,78
BKR,Baker Hughes Co.,2017,2026,10,23,3,True,2,2,5,14,Q3 2017,2,-9,15.1,stock_life_cycles,2026-09-03,Q1 2007 to Q2 2026,78
OMF,OneMain Holdings,2021,2026,6,55,4,True,3,1,20,31,Q2 2022,1,-9,15.1,stock_life_cycles,2026-09-03,Q1 2007 to Q2 2026,78
KEX,Kirby Corp.,2015,2026,12,9,2,True,2,2,3,2,Q4 2015,2,1,15.1,stock_life_cycles,2026-09-03,Q1 2007 to Q2 2026,78
OXY.WS,Occidental Petroleum WTS,2020,2025,6,18,6,False,4,6,5,3,Q3 2020,6,0,15.0,stock_life_cycles,2026-09-03,Q1 2007 to Q2 2026,78
VRT,Vertiv Holdings Co.,2020,2026,7,23,3,True,3,1,11,8,Q3 2020,1,5,15.0,stock_life_cycles,2026-09-03,Q1 2007 to Q2 2026,78
AMP,Ameriprise Financial Inc.,2023,2026,4,14,4,True,1,2,6,5,Q3 2023,2,0,15.0,stock_life_cycles,2026-09-03,Q1 2007 to Q2 2026,78
FOUR,Shift4 Payments Inc. CL A,2023,2026,4,24,4,True,3,2,9,10,Q1 2024,2,0,15.0,stock_life_cycles,2026-09-03,Q1 2007 to Q2 2026,78
CMA,Comerica Inc.,2019,2026,8,34,6,False,4,6,8,16,Q2 2023,6,-10,15.0,stock_life_cycles,2026-09-03,Q1 2007 to Q2 2026,78
MAT,Mattel Inc.,2021,2026,6,40,4,True,1,2,14,23,Q4 2021,2,-10,15.0,stock_life_cycles,2026-09-03,Q1 2007 to Q2 2026,78
BIO,Bio-Rad Laboratories Inc.,2024,2026,3,26,4,True,0,0,15,11,,0,4,14.9,stock_life_cycles,2026-09-03,Q1 2007 to Q2 2026,78
SONO,Sonos Inc.,2020,2026,7,10,3,True,3,2,4,1,Q4 2020,2,4,14.9,stock_life_cycles,2026-09-03,Q1 2007 to Q2 2026,78
VFC,V.F. Corp.,2023,2026,4,17,4,True,3,1,5,8,Q3 2023,1,-1,14.9,stock_life_cycles,2026-09-03,Q1 2007 to Q2 2026,78
CART,Maplebear Inc,2023,2026,4,13,4,True,4,4,2,3,Q3 2023,4,-1,14.9,stock_life_cycles,2026-09-03,Q1 2007 to Q2 2026,78
KNX,Knight-Swift Transportation,2023,2026,4,7,4,True,3,2,0,2,Q1 2024,2,-1,14.9,stock_life_cycles,2026-09-03,Q1 2007 to Q2 2026,78
TDY,Teledyne Technologies,2023,2026,4,16,4,True,3,1,4,8,Q1 2024,1,-2,14.8,stock_life_cycles,2026-09-03,Q1 2007 to Q2 2026,78
CRI,Carters Inc.,2022,2026,5,13,4,True,1,3,2,7,Q3 2025,3,-7,14.8,stock_life_cycles,2026-09-03,Q1 2007 to Q2 2026,78
PNR,Pentair plc,2015,2026,12,18,2,True,1,1,7,9,Q2 2015,1,-2,14.8,stock_life_cycles,2026-09-03,Q1 2007 to Q2 2026,78
FAST,Fastenal,2017,2026,10,46,4,True,0,2,7,37,,2,-32,14.8,stock_life_cycles,2026-09-03,Q1 2007 to Q2 2026,78
KD,Kyndryl Holdings Inc,2021,2026,6,24,3,True,2,2,14,6,Q4 2021,2,8,14.8,stock_life_cycles,2026-09-03,Q1 2007 to Q2 2026,78
CRWD,CrowdStrike Holdings Inc.,2019,2026,8,8,3,True,2,2,1,3,Q2 2019,2,-2,14.8,stock_life_cycles,2026-09-03,Q1 2007 to Q2 2026,78
EQNR,Equinor ASA,2018,2026,9,33,2,True,1,0,22,10,Q1 2025,0,13,14.8,stock_life_cycles,2026-09-03,Q1 2007 to Q2 2026,78
TAK,Takeda Pharmaceutical Co. Ltd,2019,2026,8,12,3,True,2,2,3,5,Q1 2019,2,-2,14.8,stock_life_cycles,2026-09-03,Q1 2007 to Q2 2026,78
BW,Babcock & Wilcox Enterprises,2016,2026,11,7,2,True,2,1,3,1,Q4 2016,1,3,14.8,stock_life_cycles,2026-09-03,Q1 2007 to Q2 2026,78
VT,Vanguard Tot World Stk ETF,2024,2026,3,20,4,True,3,3,8,6,Q1 2025,3,2,14.7,stock_life_cycles,2026-09-03,Q1 2007 to Q2 2026,78
CZR,Caesars Entertainment,2019,2025,7,20,3,True,4,5,7,4,Q1 2019,5,2,14.7,stock_life_cycles,2026-09-03,Q1 2007 to Q2 2026,78
FG,F&G Annuities & Life Inc.,2022,2026,5,20,4,True,4,3,2,11,Q4 2022,3,-8,14.7,stock_life_cycles,2026-09-03,Q1 2007 to Q2 2026,78
SEG,Seaport Entertainment Group,2024,2026,3,10,4,True,3,2,3,2,Q3 2024,2,2,14.7,stock_life_cycles,2026-09-03,Q1 2007 to Q2 2026,78
ROKU,Roku Inc.,2019,2026,8,19,3,True,2,3,6,8,Q4 2019,3,-3,14.7,stock_life_cycles,2026-09-03,Q1 2007 to Q2 2026,78
ACA,Arcosa Inc.,2018,2026,9,12,3,True,1,2,1,8,Q4 2018,2,-8,14.7,stock_life_cycles,2026-09-03,Q1 2007 to Q2 2026,78
CRS,Carpenter Technology,2024,2026,3,18,4,True,4,1,6,7,Q3 2024,1,2,14.7,stock_life_cycles,2026-09-03,Q1 2007 to Q2 2026,78
CMI,Cummins Inc.,2018,2026,9,32,3,True,1,0,11,20,Q3 2025,0,-8,14.7,stock_life_cycles,2026-09-03,Q1 2007 to Q2 2026,78
SMPL,Simply Good Foods Co.,2020,2026,7,5,3,True,3,2,0,0,Q2 2020,2,1,14.6,stock_life_cycles,2026-09-03,Q1 2007 to Q2 2026,78
CLVT,Clarivate Plc,2023,2025,3,11,4,True,3,3,3,2,Q3 2023,3,1,14.6,stock_life_cycles,2026-09-03,Q1 2007 to Q2 2026,78
TIGO,Millicom Intl Cellular S.a.,2024,2026,3,15,4,True,3,1,5,6,Q4 2024,1,1,14.6,stock_life_cycles,2026-09-03,Q1 2007 to Q2 2026,78
OSCR,Oscar Health Inc.,2021,2026,6,24,6,False,5,6,5,8,Q1 2021,6,-4,14.6,stock_life_cycles,2026-09-03,Q1 2007 to Q2 2026,78
USG,USG Corp.,2007,2019,13,16,4,False,0,4,8,4,,4,0,14.5,stock_life_cycles,2026-09-03,Q1 2007 to Q2 2026,78
GL,Globe Life Inc.,2023,2026,4,17,4,True,2,1,4,10,Q3 2024,1,-5,14.5,stock_life_cycles,2026-09-03,Q1 2007 to Q2 2026,78
CALY,Callaway Golf Co.,2020,2026,7,6,3,True,3,1,0,2,Q1 2020,1,0,14.5,stock_life_cycles,2026-09-03,Q1 2007 to Q2 2026,78
RJF,Raymond James Financial Inc.,2018,2026,9,26,3,True,2,1,6,17,Q3 2018,1,-10,14.5,stock_life_cycles,2026-09-03,Q1 2007 to Q2 2026,78
EVH,Evolent Health Inc.,2020,2026,7,24,3,True,3,1,9,11,Q3 2020,1,0,14.5,stock_life_cycles,2026-09-03,Q1 2007 to Q2 2026,78
ALGN,Align Technology Inc.,2021,2026,6,13,3,True,3,2,6,2,Q4 2021,2,5,14.5,stock_life_cycles,2026-09-03,Q1 2007 to Q2 2026,78
JOE,St. Joe Co.,2008,2026,19,50,1,True,1,0,14,35,Q1 2008,0,-20,14.5,stock_life_cycles,2026-09-03,Q1 2007 to Q2 2026,78
AORT,Artivion Inc.,2020,2026,7,6,3,True,2,2,1,1,Q3 2020,2,0,14.5,stock_life_cycles,2026-09-03,Q1 2007 to Q2 2026,78
ELAN,Elanco Animal Health Inc.,2019,2026,8,19,3,True,1,1,6,11,Q3 2025,1,-5,14.5,stock_life_cycles,2026-09-03,Q1 2007 to Q2 2026,78
JBS,Jbs Nv A,2025,2026,2,11,4,True,4,1,4,2,Q2 2025,1,5,14.5,stock_life_cycles,2026-09-03,Q1 2007 to Q2 2026,78
PARR,Par Pacific Holdings,2019,2026,8,9,3,True,1,2,1,5,Q1 2019,2,-5,14.5,stock_life_cycles,2026-09-03,Q1 2007 to Q2 2026,78
RSG,Republic Services,2009,2025,17,6,3,False,1,3,2,0,Q2 2025,3,0,14.5,stock_life_cycles,2026-09-03,Q1 2007 to Q2 2026,78
SAM,Boston Beer Company,2020,2026,7,8,3,True,2,2,2,2,Q3 2020,2,0,14.5,stock_life_cycles,2026-09-03,Q1 2007 to Q2 2026,78
QXO,Qxo Inc,2024,2026,3,13,4,True,3,0,3,7,Q3 2024,0,-1,14.4,stock_life_cycles,2026-09-03,Q1 2007 to Q2 2026,78
TKO,TKO Group Holdings Inc.,2019,2026,8,36,3,True,2,2,13,19,Q1 2019,2,-6,14.4,stock_life_cycles,2026-09-03,Q1 2007 to Q2 2026,78
EMBC,Embecta Corp,2022,2026,5,23,3,True,2,1,14,6,Q2 2022,1,9,14.4,stock_life_cycles,2026-09-03,Q1 2007 to Q2 2026,78
SW,Smurfit Westrock Plc,2024,2026,3,17,4,True,3,1,5,8,Q3 2024,1,-1,14.4,stock_life_cycles,2026-09-03,Q1 2007 to Q2 2026,78
ERO,Ero Copper Corp,2024,2026,3,9,4,True,3,2,1,3,Q4 2024,2,-1,14.4,stock_life_cycles,2026-09-03,Q1 2007 to Q2 2026,78
BH.A,Biglari Holdings Inc.,2015,2026,12,8,2,True,1,1,0,6,Q2 2015,1,-6,14.4,stock_life_cycles,2026-09-03,Q1 2007 to Q2 2026,78
YMM,Full Truck Alliance  Spn ADR,2021,2026,6,14,3,True,3,2,6,3,Q4 2021,2,4,14.4,stock_life_cycles,2026-09-03,Q1 2007 to Q2 2026,78
UPBD,Upbound Group Inc.,2020,2026,7,15,3,True,2,2,5,6,Q2 2021,2,-1,14.4,stock_life_cycles,2026-09-03,Q1 2007 to Q2 2026,78
GEO,GEO Group Inc.,2012,2025,14,18,4,False,3,6,3,6,Q4 2020,6,-6,14.4,stock_life_cycles,2026-09-03,Q1 2007 to Q2 2026,78
YUMC,Yum China Holdings Inc.,2024,2026,3,17,4,True,4,2,4,7,Q1 2024,2,-1,14.4,stock_life_cycles,2026-09-03,Q1 2007 to Q2 2026,78
ROIV,Roivant Sciences Ltd,2023,2026,4,22,4,True,3,1,5,13,Q1 2024,1,-6,14.4,stock_life_cycles,2026-09-03,Q1 2007 to Q2 2026,78
XLK,Technology Select Sect SPDR,2023,2025,3,9,4,True,2,1,2,4,Q3 2023,1,-1,14.4,stock_life_cycles,2026-09-03,Q1 2007 to Q2 2026,78
DEI,Douglas Emmett Inc.,2023,2026,4,19,4,True,0,1,6,12,,1,-7,14.3,stock_life_cycles,2026-09-03,Q1 2007 to Q2 2026,78
GT,Goodyear Tire & Rubber,2013,2026,14,51,4,False,9,10,13,19,Q1 2013,10,-7,14.3,stock_life_cycles,2026-09-03,Q1 2007 to Q2 2026,78
SMG,Scotts Miracle-Gro Co.,2022,2026,5,10,3,True,3,1,6,0,Q1 2022,1,8,14.3,stock_life_cycles,2026-09-03,Q1 2007 to Q2 2026,78
EWY,iShares MSCI South Korea ETF,2020,2026,7,14,3,True,5,3,1,5,Q4 2020,3,-2,14.3,stock_life_cycles,2026-09-03,Q1 2007 to Q2 2026,78
LITE,Lumentum Holdings Inc.,2021,2026,6,5,3,True,3,1,1,0,Q2 2021,1,3,14.3,stock_life_cycles,2026-09-03,Q1 2007 to Q2 2026,78
MPLX,MPLX LP,2020,2026,7,26,3,True,3,1,9,13,Q4 2020,1,-2,14.3,stock_life_cycles,2026-09-03,Q1 2007 to Q2 2026,78
CRCL,Circle Internet Group Inc,2025,2026,2,7,4,True,4,2,1,0,Q2 2025,2,3,14.3,stock_life_cycles,2026-09-03,Q1 2007 to Q2 2026,78
WMG,Warner Music Group Corp. CL A,2023,2026,4,17,4,True,2,2,3,10,Q3 2023,2,-7,14.3,stock_life_cycles,2026-09-03,Q1 2007 to Q2 2026,78
GLIBK,GCI Liberty Inc. Series C,2025,2026,2,9,4,True,4,2,2,1,Q3 2025,2,3,14.3,stock_life_cycles,2026-09-03,Q1 2007 to Q2 2026,78
NOMD,Nomad Foods Ltd,2016,2026,11,20,2,True,6,5,3,6,Q1 2016,5,-2,14.3,stock_life_cycles,2026-09-03,Q1 2007 to Q2 2026,78
CMG,Chipotle Mexican Grill Inc.,2016,2026,11,29,5,False,5,5,3,16,Q3 2016,5,-13,14.2,stock_life_cycles,2026-09-03,Q1 2007 to Q2 2026,78
GLBAV-OLD,GCI Liberty Inc. Series A,2025,2026,2,6,4,True,4,2,0,0,Q3 2025,2,2,14.2,stock_life_cycles,2026-09-03,Q1 2007 to Q2 2026,78
CCO,Clear Channel Outdoor Holdings,2021,2026,6,6,3,True,2,2,2,0,Q3 2024,2,2,14.2,stock_life_cycles,2026-09-03,Q1 2007 to Q2 2026,78
AMX,America Movil SAB de CV,2009,2024,16,10,3,False,3,3,3,1,Q2 2009,3,2,14.2,stock_life_cycles,2026-09-03,Q1 2007 to Q2 2026,78
FN,Fabrinet,2025,2026,2,9,4,True,3,1,2,3,Q3 2025,1,1,14.1,stock_life_cycles,2026-09-03,Q1 2007 to Q2 2026,78
PK,Park Hotels & Resorts Inc.,2020,2026,7,14,3,True,1,2,4,7,Q1 2020,2,-4,14.1,stock_life_cycles,2026-09-03,Q1 2007 to Q2 2026,78
BRZE,Braze Inc A,2021,2026,6,9,3,True,3,1,2,3,Q4 2021,1,1,14.1,stock_life_cycles,2026-09-03,Q1 2007 to Q2 2026,78
CALM,Cal-Maine Foods Inc.,2020,2025,6,11,3,True,3,2,3,3,Q1 2020,2,1,14.1,stock_life_cycles,2026-09-03,Q1 2007 to Q2 2026,78
VNO,Vornado Realty Trust,2019,2026,8,20,3,True,1,2,4,13,Q2 2020,2,-10,14.0,stock_life_cycles,2026-09-03,Q1 2007 to Q2 2026,78
UNIT,Uniti Group Inc.,2020,2025,6,6,3,True,2,2,1,1,Q2 2020,2,0,14.0,stock_life_cycles,2026-09-03,Q1 2007 to Q2 2026,78
HCC,Warrior Met Coal Inc.,2019,2026,8,36,2,True,1,0,22,13,Q4 2023,0,10,14.0,stock_life_cycles,2026-09-03,Q1 2007 to Q2 2026,78
KB,Kb Financial Group Inc ADR,2023,2026,4,18,4,True,1,1,3,13,Q2 2025,1,-10,14.0,stock_life_cycles,2026-09-03,Q1 2007 to Q2 2026,78
ZTO,ZTO Express,2017,2026,10,10,2,True,1,1,4,4,Q1 2017,1,0,14.0,stock_life_cycles,2026-09-03,Q1 2007 to Q2 2026,78
RAL,Ralliant Corp.,2025,2026,2,12,4,True,4,2,2,4,Q2 2025,2,0,14.0,stock_life_cycles,2026-09-03,Q1 2007 to Q2 2026,78
STT,State Street Corp.,2022,2026,5,37,4,True,0,0,11,26,,0,-15,14.0,stock_life_cycles,2026-09-03,Q1 2007 to Q2 2026,78
VSNT,Versant Media Group Inc.,2026,2026,1,4,4,True,4,0,0,0,Q1 2026,0,4,13.9,stock_life_cycles,2026-09-03,Q1 2007 to Q2 2026,78
PSA,Public Storage,2020,2026,7,16,3,True,2,2,3,9,Q1 2020,2,-6,13.9,stock_life_cycles,2026-09-03,Q1 2007 to Q2 2026,78
NG,NovaGold Resources,2017,2026,10,5,2,True,0,1,2,2,,1,-1,13.9,stock_life_cycles,2026-09-03,Q1 2007 to Q2 2026,78
MKC,McCormick & Co.,2019,2026,8,41,3,True,1,2,14,24,Q4 2025,2,-11,13.9,stock_life_cycles,2026-09-03,Q1 2007 to Q2 2026,78
RYAN,Ryan Specialty Holdings Inc,2023,2026,4,19,3,True,2,1,12,4,Q1 2025,1,9,13.9,stock_life_cycles,2026-09-03,Q1 2007 to Q2 2026,78
BNS,Bank of Nova Scotia,2018,2026,9,4,2,True,2,0,2,0,Q4 2018,0,4,13.9,stock_life_cycles,2026-09-03,Q1 2007 to Q2 2026,78
TAL,TAL Education Group,2021,2026,6,5,3,True,2,2,0,1,Q1 2022,2,-1,13.9,stock_life_cycles,2026-09-03,Q1 2007 to Q2 2026,78
OSG,Octave Specialty Group Inc.,2018,2026,9,6,2,True,1,1,4,0,Q4 2024,1,4,13.9,stock_life_cycles,2026-09-03,Q1 2007 to Q2 2026,78
WK,Workiva Inc.,2017,2026,10,13,2,True,1,1,5,6,Q1 2017,1,-1,13.9,stock_life_cycles,2026-09-03,Q1 2007 to Q2 2026,78
NUVB,Nuvation Bio Inc.,2021,2026,6,9,3,True,3,1,1,4,Q1 2021,1,-1,13.9,stock_life_cycles,2026-09-03,Q1 2007 to Q2 2026,78
HRL,Hormel Foods Corp.,2022,2026,5,24,4,True,3,1,1,19,Q4 2022,1,-16,13.9,stock_life_cycles,2026-09-03,Q1 2007 to Q2 2026,78
IVW,iShares S&P 500 Growth ETF,2021,2026,6,7,3,True,3,1,0,3,Q2 2021,1,-1,13.9,stock_life_cycles,2026-09-03,Q1 2007 to Q2 2026,78
GDS,GDS Holdings Ltd,2021,2026,6,8,3,True,2,1,1,4,Q1 2024,1,-2,13.8,stock_life_cycles,2026-09-03,Q1 2007 to Q2 2026,78
IEX,IDEX Corp.,2022,2026,5,21,3,True,2,2,10,7,Q3 2022,2,3,13.8,stock_life_cycles,2026-09-03,Q1 2007 to Q2 2026,78
CFR,Cullen Frost Bankers,2021,2026,6,6,3,True,1,1,1,3,Q1 2026,1,-2,13.8,stock_life_cycles,2026-09-03,Q1 2007 to Q2 2026,78
BZH,Beazer Homes USA,2022,2026,5,11,3,True,2,1,5,3,Q4 2022,1,3,13.8,stock_life_cycles,2026-09-03,Q1 2007 to Q2 2026,78
VSAT,Viasat Inc.,2016,2025,10,12,2,True,1,1,4,6,Q2 2025,1,-2,13.8,stock_life_cycles,2026-09-03,Q1 2007 to Q2 2026,78
CTO,CTO Realty Growth Inc.,2020,2026,7,19,2,True,2,1,14,2,Q1 2020,1,13,13.8,stock_life_cycles,2026-09-03,Q1 2007 to Q2 2026,78
DLO,DLocal Ltd,2021,2026,6,14,3,True,1,1,5,7,Q2 2021,1,-2,13.8,stock_life_cycles,2026-09-03,Q1 2007 to Q2 2026,78
ARW,Arrow Electronics,2023,2026,4,22,3,True,2,0,13,7,Q1 2023,0,8,13.8,stock_life_cycles,2026-09-03,Q1 2007 to Q2 2026,78
SUI,Sun Communities Inc.,2023,2026,4,26,3,True,2,1,15,8,Q2 2023,1,8,13.8,stock_life_cycles,2026-09-03,Q1 2007 to Q2 2026,78
BCS,Barclays plc ADR,2022,2026,5,19,3,True,1,1,10,7,Q3 2022,1,3,13.8,stock_life_cycles,2026-09-03,Q1 2007 to Q2 2026,78
NXPI,NXP Semiconductors NV,2018,2026,9,57,3,True,1,1,19,36,Q1 2026,1,-17,13.8,stock_life_cycles,2026-09-03,Q1 2007 to Q2 2026,78
AMRZ,Amrize Ltd,2025,2026,2,10,4,True,4,2,0,4,Q2 2025,2,-2,13.8,stock_life_cycles,2026-09-03,Q1 2007 to Q2 2026,78
JCI,Johnson Controls Intl. plc,2023,2026,4,26,4,True,1,0,6,19,Q2 2025,0,-12,13.8,stock_life_cycles,2026-09-03,Q1 2007 to Q2 2026,78
BLCO,Bausch + Lomb Corp,2022,2026,5,7,3,True,3,1,2,1,Q2 2022,1,3,13.8,stock_life_cycles,2026-09-03,Q1 2007 to Q2 2026,78
PKX,POSCO,2010,2022,13,23,4,False,5,6,3,9,Q3 2010,6,-7,13.8,stock_life_cycles,2026-09-03,Q1 2007 to Q2 2026,78
VTR,Ventas Inc.,2020,2026,7,14,3,True,2,2,1,9,Q2 2020,2,-8,13.7,stock_life_cycles,2026-09-03,Q1 2007 to Q2 2026,78
COIN,Coinbase Global Inc.,2021,2026,6,33,3,True,3,2,12,16,Q2 2021,2,-3,13.7,stock_life_cycles,2026-09-03,Q1 2007 to Q2 2026,78
PGEN,Precigen Inc.,2021,2026,6,23,3,True,2,3,8,10,Q1 2023,3,-3,13.7,stock_life_cycles,2026-09-03,Q1 2007 to Q2 2026,78
CRGY,Crescent Energy Inc A,2023,2026,4,11,3,True,3,1,6,1,Q2 2023,1,7,13.7,stock_life_cycles,2026-09-03,Q1 2007 to Q2 2026,78
ACGL,Arch Capital Group Ltd.,2023,2026,4,21,3,True,3,3,11,4,Q3 2023,3,7,13.7,stock_life_cycles,2026-09-03,Q1 2007 to Q2 2026,78
SMHI,SEACOR Marine Holdings Inc.,2018,2026,9,24,3,True,0,1,3,20,,1,-18,13.7,stock_life_cycles,2026-09-03,Q1 2007 to Q2 2026,78
ITRN,Ituran Location & Control Ltd.,2024,2026,3,12,4,True,2,1,0,9,Q3 2025,1,-8,13.7,stock_life_cycles,2026-09-03,Q1 2007 to Q2 2026,78
MRP,Millrose Properties,2025,2026,2,15,4,True,4,2,2,7,Q1 2025,2,-3,13.7,stock_life_cycles,2026-09-03,Q1 2007 to Q2 2026,78
BCC,Boise Cascade Company,2023,2026,4,9,3,True,2,0,6,1,Q4 2023,0,7,13.7,stock_life_cycles,2026-09-03,Q1 2007 to Q2 2026,78
LOMA,Loma Negra Argentina,2022,2026,5,10,3,True,1,2,5,2,Q2 2025,2,2,13.7,stock_life_cycles,2026-09-03,Q1 2007 to Q2 2026,78
AA,Alcoa Corp.,2022,2026,5,6,3,True,3,2,1,0,Q1 2022,2,2,13.7,stock_life_cycles,2026-09-03,Q1 2007 to Q2 2026,78
VTV,Vanguard Value ETF,2023,2026,4,21,3,True,1,0,13,7,Q4 2023,0,7,13.7,stock_life_cycles,2026-09-03,Q1 2007 to Q2 2026,78
PLD,Prologis Inc.,2020,2026,7,40,3,True,2,0,14,24,Q1 2020,0,-8,13.7,stock_life_cycles,2026-09-03,Q1 2007 to Q2 2026,78
GRBK,Green Brick Partners,2020,2026,7,16,3,True,1,1,3,11,Q4 2025,1,-8,13.7,stock_life_cycles,2026-09-03,Q1 2007 to Q2 2026,78
XLE,Energy Select Sector SPDR,2020,2026,7,16,3,True,2,2,2,10,Q4 2020,2,-8,13.7,stock_life_cycles,2026-09-03,Q1 2007 to Q2 2026,78
KBR,KBR Inc.,2023,2026,4,11,3,True,3,2,6,0,Q1 2024,2,7,13.7,stock_life_cycles,2026-09-03,Q1 2007 to Q2 2026,78
TIF,Tiffany & Co.,2015,2021,7,19,5,False,5,7,5,2,Q2 2016,7,1,13.6,stock_life_cycles,2026-09-03,Q1 2007 to Q2 2026,78
RELX,RELX plc,2023,2026,4,12,3,True,2,0,7,3,Q1 2026,0,6,13.6,stock_life_cycles,2026-09-03,Q1 2007 to Q2 2026,78
QVCGA,Qurate Group Series A,2014,2025,12,14,4,False,5,7,0,2,Q2 2014,7,-4,13.6,stock_life_cycles,2026-09-03,Q1 2007 to Q2 2026,78
GNTX,Gentex Corp.,2022,2026,5,17,3,True,1,1,8,7,Q4 2022,1,1,13.6,stock_life_cycles,2026-09-03,Q1 2007 to Q2 2026,78
VYX,NCR Voyix Corp.,2023,2026,4,15,3,True,1,2,9,3,Q4 2023,2,5,13.5,stock_life_cycles,2026-09-03,Q1 2007 to Q2 2026,78
CHH,Choice Hotels Int. Inc.,2023,2026,4,13,3,True,4,3,5,1,Q2 2023,3,5,13.5,stock_life_cycles,2026-09-03,Q1 2007 to Q2 2026,78
OEC,Orion SA,2024,2026,3,14,3,True,1,0,11,2,Q2 2025,0,10,13.5,stock_life_cycles,2026-09-03,Q1 2007 to Q2 2026,78
ONON,On Holding AG,2021,2026,6,11,3,True,2,2,1,6,Q3 2021,2,-5,13.5,stock_life_cycles,2026-09-03,Q1 2007 to Q2 2026,78
PANW,Palo Alto Networks,2023,2026,4,9,3,True,2,2,5,0,Q1 2023,2,5,13.5,stock_life_cycles,2026-09-03,Q1 2007 to Q2 2026,78
VB,Vanguard Small Cap ETF,2023,2026,4,13,3,True,1,0,8,4,Q1 2025,0,5,13.5,stock_life_cycles,2026-09-03,Q1 2007 to Q2 2026,78
CBT,Cabot Corp.,2018,2026,9,5,2,True,2,1,0,2,Q4 2018,1,-1,13.4,stock_life_cycles,2026-09-03,Q1 2007 to Q2 2026,78
CPB,Campbell's Co.,2022,2026,5,21,3,True,1,1,9,10,Q4 2025,1,-1,13.4,stock_life_cycles,2026-09-03,Q1 2007 to Q2 2026,78
LSXMA,Liberty SiriusXM Series A,2016,2024,9,23,4,False,3,5,13,2,Q2 2016,5,9,13.4,stock_life_cycles,2026-09-03,Q1 2007 to Q2 2026,78
BTU,Peabody Energy,2008,2026,19,5,2,False,1,2,1,1,Q4 2008,2,-1,13.4,stock_life_cycles,2026-09-03,Q1 2007 to Q2 2026,78
BELFB,Bel Fuse Inc. CL B,2022,2026,5,9,3,True,2,2,2,3,Q1 2025,2,-1,13.4,stock_life_cycles,2026-09-03,Q1 2007 to Q2 2026,78
MX,MagnaChip Semiconductor Corp.,2020,2023,4,6,3,True,2,1,3,0,Q3 2020,1,4,13.4,stock_life_cycles,2026-09-03,Q1 2007 to Q2 2026,78
DOV,Dover Corp.,2022,2026,5,23,4,True,1,2,0,20,Q3 2023,2,-21,13.4,stock_life_cycles,2026-09-03,Q1 2007 to Q2 2026,78
AES,AES Corp.,2018,2026,9,19,4,False,4,4,10,1,Q2 2018,4,9,13.4,stock_life_cycles,2026-09-03,Q1 2007 to Q2 2026,78
BAH,Booz Allen Hamilton Hldg Corp.,2023,2026,4,15,3,True,3,1,6,5,Q3 2023,1,3,13.3,stock_life_cycles,2026-09-03,Q1 2007 to Q2 2026,78
STGW,Stagwell Inc.,2018,2025,8,5,2,True,0,1,4,0,,1,3,13.3,stock_life_cycles,2026-09-03,Q1 2007 to Q2 2026,78
CMCO,Columbus McKinnon Corp.,2024,2026,3,10,3,True,2,0,7,1,Q4 2025,0,8,13.3,stock_life_cycles,2026-09-03,Q1 2007 to Q2 2026,78
AU,AngloGold Ashanti Ltd.,2022,2026,5,24,3,True,1,0,10,13,Q4 2024,0,-2,13.3,stock_life_cycles,2026-09-03,Q1 2007 to Q2 2026,78
AGN,Allergan Plc,2014,2020,7,20,5,False,2,5,7,6,Q2 2016,5,-2,13.3,stock_life_cycles,2026-09-03,Q1 2007 to Q2 2026,78
WCN,Waste Connections,2022,2026,5,8,3,True,2,1,1,4,Q3 2022,1,-2,13.3,stock_life_cycles,2026-09-03,Q1 2007 to Q2 2026,78
DAVE,Dave Inc,2022,2026,5,10,3,True,3,1,1,5,Q1 2022,1,-2,13.3,stock_life_cycles,2026-09-03,Q1 2007 to Q2 2026,78
CPT,Camden Property Trust,2023,2026,4,21,3,True,2,0,10,9,Q1 2024,0,3,13.3,stock_life_cycles,2026-09-03,Q1 2007 to Q2 2026,78
NMIH,NMI Holdings,2022,2026,5,16,3,True,0,1,7,8,,1,-2,13.3,stock_life_cycles,2026-09-03,Q1 2007 to Q2 2026,78
IJH,Ishares Core S&P  Midcap ETF,2023,2026,4,9,3,True,3,1,3,2,Q3 2023,1,3,13.3,stock_life_cycles,2026-09-03,Q1 2007 to Q2 2026,78
SRG,Seritage Growth Properties,2015,2025,11,42,4,False,4,5,16,17,Q3 2015,5,-2,13.3,stock_life_cycles,2026-09-03,Q1 2007 to Q2 2026,78
SEB,Seaboard Corp.,2019,2026,8,37,3,True,1,1,9,26,Q4 2025,1,-17,13.3,stock_life_cycles,2026-09-03,Q1 2007 to Q2 2026,78
HAS,Hasbro Inc.,2022,2026,5,5,3,True,1,2,0,2,Q1 2026,2,-3,13.2,stock_life_cycles,2026-09-03,Q1 2007 to Q2 2026,78
SBGI,Sinclair Broadcast Group Inc.,2018,2022,5,11,3,True,1,3,3,4,Q2 2018,3,-3,13.2,stock_life_cycles,2026-09-03,Q1 2007 to Q2 2026,78
INDA,iShares MSCI India ETF,2023,2026,4,14,3,True,2,2,6,4,Q1 2024,2,2,13.2,stock_life_cycles,2026-09-03,Q1 2007 to Q2 2026,78
AAL,American Airlines Group Inc.,2016,2026,11,19,4,False,5,5,3,6,Q3 2016,5,-3,13.2,stock_life_cycles,2026-09-03,Q1 2007 to Q2 2026,78
BFAM,Bright Horizons Family Solutions Inc.,2023,2026,4,12,3,True,2,1,5,4,Q4 2025,1,2,13.2,stock_life_cycles,2026-09-03,Q1 2007 to Q2 2026,78
FCN,FTI Consulting Inc.,2019,2026,8,12,2,True,1,1,6,4,Q4 2024,1,2,13.2,stock_life_cycles,2026-09-03,Q1 2007 to Q2 2026,78
ACWI,iShares MSCI ACWI ETF,2023,2026,4,16,3,True,0,0,9,7,,0,2,13.2,stock_life_cycles,2026-09-03,Q1 2007 to Q2 2026,78
DOX,Amdocs Ltd.,2024,2026,3,11,3,True,2,1,7,1,Q4 2024,1,7,13.2,stock_life_cycles,2026-09-03,Q1 2007 to Q2 2026,78
NEE,NextEra Energy Inc.,2023,2026,4,19,3,True,1,0,9,9,Q3 2025,0,1,13.1,stock_life_cycles,2026-09-03,Q1 2007 to Q2 2026,78
MYRG,MYR Group Inc.,2017,2026,10,17,2,True,1,1,3,12,Q3 2017,1,-9,13.1,stock_life_cycles,2026-09-03,Q1 2007 to Q2 2026,78
A,Agilent Technologies,2019,2026,8,35,3,True,1,2,7,25,Q3 2019,2,-19,13.1,stock_life_cycles,2026-09-03,Q1 2007 to Q2 2026,78
INFY,Infosys Ltd.,2023,2026,4,19,3,True,4,4,6,5,Q2 2023,4,1,13.1,stock_life_cycles,2026-09-03,Q1 2007 to Q2 2026,78
NWL,Newell Brands Inc.,2018,2026,9,16,2,True,1,1,5,9,Q1 2018,1,-4,13.1,stock_life_cycles,2026-09-03,Q1 2007 to Q2 2026,78
KALU,Kaiser Aluminum Corp.,2019,2026,8,15,2,True,0,0,8,7,,0,1,13.1,stock_life_cycles,2026-09-03,Q1 2007 to Q2 2026,78
ATI,Allegheny Technologies Inc.,2019,2026,8,3,2,True,2,1,0,0,Q4 2019,1,1,13.1,stock_life_cycles,2026-09-03,Q1 2007 to Q2 2026,78
RGLD,Royal Gold Inc.,2024,2026,3,12,3,True,1,0,8,3,Q1 2026,0,6,13.1,stock_life_cycles,2026-09-03,Q1 2007 to Q2 2026,78
ICFI,ICF International Inc.,2019,2026,8,18,2,True,0,1,9,8,,1,0,13.0,stock_life_cycles,2026-09-03,Q1 2007 to Q2 2026,78
BF.A,Brown-Forman Corp. CL A,2018,2026,9,41,2,True,0,0,18,23,,0,-5,13.0,stock_life_cycles,2026-09-03,Q1 2007 to Q2 2026,78
INGR,Ingredion Inc.,2020,2026,7,19,3,True,1,2,1,15,Q3 2020,2,-15,13.0,stock_life_cycles,2026-09-03,Q1 2007 to Q2 2026,78
NAMS,Newamsterdam Pharma Co Nv,2023,2026,4,10,3,True,1,1,4,4,Q4 2025,1,0,13.0,stock_life_cycles,2026-09-03,Q1 2007 to Q2 2026,78
AD,Array Digital Infrastructure Inc.,2023,2026,4,6,3,True,2,2,1,1,Q3 2023,2,0,13.0,stock_life_cycles,2026-09-03,Q1 2007 to Q2 2026,78
ALB,Albemarle Corp.,2013,2026,14,6,3,False,2,3,1,0,Q1 2013,3,0,13.0,stock_life_cycles,2026-09-03,Q1 2007 to Q2 2026,78
CRK,Comstock Resources Inc.,2022,2026,5,11,3,True,2,2,1,6,Q3 2022,2,-5,13.0,stock_life_cycles,2026-09-03,Q1 2007 to Q2 2026,78
MSM,MSC Industrial Direct,2022,2026,5,11,3,True,1,1,2,7,Q1 2026,1,-5,13.0,stock_life_cycles,2026-09-03,Q1 2007 to Q2 2026,78
SMRT,SmartRent Inc.,2021,2024,4,8,3,True,0,2,4,2,,2,0,13.0,stock_life_cycles,2026-09-03,Q1 2007 to Q2 2026,78
BTI,British American Tobacco plc,2024,2026,3,15,3,True,1,0,9,5,Q3 2025,0,5,13.0,stock_life_cycles,2026-09-03,Q1 2007 to Q2 2026,78
OZK,Bank OZK,2021,2026,6,32,2,True,1,0,20,11,Q3 2023,0,10,13.0,stock_life_cycles,2026-09-03,Q1 2007 to Q2 2026,78
ZS,Zscaler Inc.,2024,2026,3,8,3,True,3,1,3,1,Q3 2024,1,4,12.9,stock_life_cycles,2026-09-03,Q1 2007 to Q2 2026,78
STNE,StoneCo Ltd.,2018,2024,7,26,5,False,4,6,6,10,Q4 2018,6,-6,12.9,stock_life_cycles,2026-09-03,Q1 2007 to Q2 2026,78
TMDX,TransMedics Group Inc.,2019,2026,8,5,2,True,1,1,1,2,Q2 2019,1,-1,12.9,stock_life_cycles,2026-09-03,Q1 2007 to Q2 2026,78
VSEC,VSE Corp.,2024,2026,3,12,3,True,2,0,6,4,Q2 2024,0,4,12.9,stock_life_cycles,2026-09-03,Q1 2007 to Q2 2026,78
SHG,Shinhan Financial Group Company,2024,2026,3,16,3,True,2,0,8,6,Q3 2024,0,4,12.9,stock_life_cycles,2026-09-03,Q1 2007 to Q2 2026,78
DTV,DIRECTV Group Inc.,2011,2015,5,26,5,False,3,5,12,6,Q3 2011,5,4,12.9,stock_life_cycles,2026-09-03,Q1 2007 to Q2 2026,78
SARO,Standardaero Inc,2024,2026,3,6,3,True,3,1,2,0,Q4 2024,1,4,12.9,stock_life_cycles,2026-09-03,Q1 2007 to Q2 2026,78
IVE,Ishares S&P  500 Value ETF,2023,2026,4,13,3,True,3,1,3,6,Q2 2024,1,-1,12.9,stock_life_cycles,2026-09-03,Q1 2007 to Q2 2026,78
TW,Tradeweb Markets Inc.,2023,2026,4,27,3,True,2,1,11,13,Q2 2023,1,-1,12.9,stock_life_cycles,2026-09-03,Q1 2007 to Q2 2026,78
SIG,Signet Jewelers Ltd.,2012,2025,14,7,3,False,3,3,0,1,Q4 2012,3,-1,12.9,stock_life_cycles,2026-09-03,Q1 2007 to Q2 2026,78
AABA,Altaba Inc.,2017,2019,3,18,6,False,4,7,2,5,Q2 2017,7,-6,12.9,stock_life_cycles,2026-09-03,Q1 2007 to Q2 2026,78
DUK,Duke Energy,2007,2024,18,5,2,False,1,2,1,1,Q4 2023,2,-1,12.9,stock_life_cycles,2026-09-03,Q1 2007 to Q2 2026,78
PRMB,Primo Brands Corp,2024,2026,3,12,3,True,2,2,6,2,Q4 2024,2,4,12.9,stock_life_cycles,2026-09-03,Q1 2007 to Q2 2026,78
RGA,Reinsurance Group of America Inc.,2024,2026,3,8,3,True,1,1,5,1,Q4 2025,1,4,12.9,stock_life_cycles,2026-09-03,Q1 2007 to Q2 2026,78
TTC,Toro Co.,2022,2026,5,20,3,True,0,1,7,12,,1,-6,12.9,stock_life_cycles,2026-09-03,Q1 2007 to Q2 2026,78
OKE,ONEOK Inc.,2024,2026,3,8,3,True,2,1,4,1,Q4 2024,1,4,12.9,stock_life_cycles,2026-09-03,Q1 2007 to Q2 2026,78
UNVR-OLD,Univar Solutions Inc.,2018,2023,6,29,5,False,5,5,9,10,Q3 2018,5,-1,12.9,stock_life_cycles,2026-09-03,Q1 2007 to Q2 2026,78
KTOS,Kratos Defense & Security Sol.,2023,2026,4,8,3,True,2,2,1,3,Q2 2023,2,-2,12.8,stock_life_cycles,2026-09-03,Q1 2007 to Q2 2026,78
SDHC,Smith Douglas Homes Corp,2025,2026,2,8,3,True,2,0,6,0,Q2 2025,0,8,12.8,stock_life_cycles,2026-09-03,Q1 2007 to Q2 2026,78
FTCHQ,Farfetch Ltd,2020,2023,4,26,5,False,2,5,15,4,Q4 2020,5,8,12.8,stock_life_cycles,2026-09-03,Q1 2007 to Q2 2026,78
NUAN-OLD,Nuance Communications Inc.,2013,2022,10,16,4,False,3,4,4,5,Q3 2019,4,-2,12.8,stock_life_cycles,2026-09-03,Q1 2007 to Q2 2026,78
ENB,Enbridge Inc.,2020,2026,7,17,2,True,1,1,9,6,Q4 2020,1,3,12.8,stock_life_cycles,2026-09-03,Q1 2007 to Q2 2026,78
IFS,Intercorp Financial Services,2024,2026,3,9,3,True,1,1,5,2,Q4 2024,1,3,12.8,stock_life_cycles,2026-09-03,Q1 2007 to Q2 2026,78
VOYA,Voya Financial Inc.,2018,2026,9,13,2,True,0,1,3,9,,1,-7,12.8,stock_life_cycles,2026-09-03,Q1 2007 to Q2 2026,78
VICI,VICI Properties Inc.,2019,2026,8,14,2,True,1,1,5,7,Q2 2019,1,-2,12.8,stock_life_cycles,2026-09-03,Q1 2007 to Q2 2026,78
TRMD,Torm Plc,2023,2026,4,10,3,True,1,1,3,5,Q2 2025,1,-2,12.8,stock_life_cycles,2026-09-03,Q1 2007 to Q2 2026,78
LIVN,LivaNova PLC,2021,2026,6,16,2,True,2,2,10,2,Q2 2021,2,8,12.8,stock_life_cycles,2026-09-03,Q1 2007 to Q2 2026,78
ASND,Ascendis Pharma,2020,2026,7,7,2,True,2,1,3,1,Q4 2020,1,3,12.8,stock_life_cycles,2026-09-03,Q1 2007 to Q2 2026,78
HBAN,Huntington Bancshares,2023,2026,4,6,3,True,2,1,0,3,Q1 2023,1,-2,12.8,stock_life_cycles,2026-09-03,Q1 2007 to Q2 2026,78
DISCA-OLD,Discovery Inc. OLD,2013,2021,9,15,4,False,4,4,5,2,Q2 2013,4,3,12.8,stock_life_cycles,2026-09-03,Q1 2007 to Q2 2026,78
MON-OLD,Monsanto Co.,2010,2018,9,11,4,False,4,4,3,0,Q2 2010,4,3,12.8,stock_life_cycles,2026-09-03,Q1 2007 to Q2 2026,78
PLAY,Dave & Buster's Ent. Inc.,2024,2026,3,12,3,True,2,1,5,4,Q3 2024,1,2,12.7,stock_life_cycles,2026-09-03,Q1 2007 to Q2 2026,78
CCS,Century Communities Inc.,2020,2026,7,4,2,True,0,1,3,0,,1,2,12.7,stock_life_cycles,2026-09-03,Q1 2007 to Q2 2026,78
ULS,Ul Solutions Inc   Class A,2024,2026,3,6,3,True,3,2,1,0,Q2 2024,2,2,12.7,stock_life_cycles,2026-09-03,Q1 2007 to Q2 2026,78
NWG,NatWest Group Plc,2023,2026,4,15,3,True,0,2,6,7,,2,-3,12.7,stock_life_cycles,2026-09-03,Q1 2007 to Q2 2026,78
DLR,Digital Realty Trust Inc.,2023,2026,4,21,3,True,1,2,8,10,Q4 2025,2,-3,12.7,stock_life_cycles,2026-09-03,Q1 2007 to Q2 2026,78
IWN,Ishares Russell 2000 Value E,2024,2026,3,10,3,True,2,0,4,4,Q3 2024,0,2,12.7,stock_life_cycles,2026-09-03,Q1 2007 to Q2 2026,78
ACI,Albertsons Co Inc.,2024,2026,3,12,3,True,2,1,5,4,Q3 2024,1,2,12.7,stock_life_cycles,2026-09-03,Q1 2007 to Q2 2026,78
TEN-OLD,Tenneco Inc.,2018,2022,5,18,5,False,4,5,6,3,Q1 2018,5,2,12.7,stock_life_cycles,2026-09-03,Q1 2007 to Q2 2026,78
HGV,Hilton Grand Vacations Inc.,2018,2026,9,16,2,True,2,1,2,11,Q4 2018,1,-8,12.7,stock_life_cycles,2026-09-03,Q1 2007 to Q2 2026,78
EXR,Extra Space Storage Inc.,2023,2026,4,15,3,True,1,1,5,8,Q2 2025,1,-3,12.7,stock_life_cycles,2026-09-03,Q1 2007 to Q2 2026,78
NTRA,Natera Inc.,2023,2026,4,19,3,True,1,0,7,11,Q2 2025,0,-3,12.7,stock_life_cycles,2026-09-03,Q1 2007 to Q2 2026,78
ARMK,Aramark,2018,2026,9,13,4,False,4,4,3,2,Q4 2018,4,1,12.6,stock_life_cycles,2026-09-03,Q1 2007 to Q2 2026,78
MTZ,MasTec Inc.,2024,2026,3,13,3,True,2,0,5,6,Q3 2025,0,1,12.6,stock_life_cycles,2026-09-03,Q1 2007 to Q2 2026,78
FRCB,First Republic Bank,2020,2023,4,30,5,False,4,5,14,7,Q3 2020,5,6,12.6,stock_life_cycles,2026-09-03,Q1 2007 to Q2 2026,78
ABR,Arbor Realty Trust Inc.,2019,2026,8,22,2,True,1,0,8,13,Q1 2026,0,-4,12.6,stock_life_cycles,2026-09-03,Q1 2007 to Q2 2026,78
UNM,Unum Group,2021,2024,4,8,3,True,1,2,1,4,Q1 2024,2,-4,12.6,stock_life_cycles,2026-09-03,Q1 2007 to Q2 2026,78
CHYM,Chime Financial Inc Cl A,2025,2026,2,8,3,True,3,0,4,1,Q2 2025,0,6,12.6,stock_life_cycles,2026-09-03,Q1 2007 to Q2 2026,78
WGO,Winnebago Industries Inc.,2020,2026,7,9,2,True,1,1,4,3,Q4 2025,1,1,12.6,stock_life_cycles,2026-09-03,Q1 2007 to Q2 2026,78
BATRA,Atlanta Braves Holdings Inc. Series A,2017,2023,7,5,2,True,1,1,2,1,Q1 2020,1,1,12.6,stock_life_cycles,2026-09-03,Q1 2007 to Q2 2026,78
AM,Antero Midstream Corp.,2018,2026,9,33,2,True,2,0,10,21,Q4 2018,0,-9,12.6,stock_life_cycles,2026-09-03,Q1 2007 to Q2 2026,78
EPC,Edgewell Personal Care Co.,2020,2026,7,7,2,True,2,1,2,2,Q2 2020,1,1,12.6,stock_life_cycles,2026-09-03,Q1 2007 to Q2 2026,78
CBS,CBS Corp.,2007,2019,13,7,3,False,1,3,3,0,Q4 2018,3,1,12.6,stock_life_cycles,2026-09-03,Q1 2007 to Q2 2026,78
DDOG,DATADOG Inc.,2020,2026,7,33,5,False,3,6,9,15,Q2 2020,6,-9,12.6,stock_life_cycles,2026-09-03,Q1 2007 to Q2 2026,78
FTAI,FTAI Aviation Ltd.,2023,2026,4,12,3,True,3,2,1,6,Q2 2025,2,-4,12.6,stock_life_cycles,2026-09-03,Q1 2007 to Q2 2026,78
CNX,CNX Resources Corp.,2018,2026,9,21,2,True,0,1,6,14,,1,-9,12.6,stock_life_cycles,2026-09-03,Q1 2007 to Q2 2026,78
JHG-OLD,Janus Henderson Group,2020,2026,7,15,2,True,1,1,7,6,Q2 2020,1,1,12.6,stock_life_cycles,2026-09-03,Q1 2007 to Q2 2026,78
GBCI,Glacier Bancorp,2019,2026,8,12,2,True,2,3,2,5,Q3 2022,3,-4,12.6,stock_life_cycles,2026-09-03,Q1 2007 to Q2 2026,78
BKLN,Invesco Senior Loan ETF,2020,2026,7,3,2,True,2,1,0,0,Q1 2020,1,1,12.6,stock_life_cycles,2026-09-03,Q1 2007 to Q2 2026,78
CLS,Celestica Inc,2023,2026,4,14,3,True,2,0,3,9,Q3 2025,0,-4,12.6,stock_life_cycles,2026-09-03,Q1 2007 to Q2 2026,78
MET,MetLife Inc.,2023,2026,4,20,3,True,2,2,6,10,Q3 2023,2,-4,12.6,stock_life_cycles,2026-09-03,Q1 2007 to Q2 2026,78
HTHT,H World Group Ltd ADR,2023,2026,4,18,3,True,2,1,5,10,Q4 2023,1,-4,12.6,stock_life_cycles,2026-09-03,Q1 2007 to Q2 2026,78
COR,Cencora Inc.,2016,2025,10,22,4,False,4,5,5,8,Q4 2016,5,-4,12.6,stock_life_cycles,2026-09-03,Q1 2007 to Q2 2026,78
ARE,Alexandria RE Equities Inc.,2021,2026,6,13,2,True,1,1,8,3,Q2 2021,1,5,12.5,stock_life_cycles,2026-09-03,Q1 2007 to Q2 2026,78
GEN,Gen Digital Inc.,2014,2026,13,8,3,False,4,4,0,0,Q1 2014,4,0,12.5,stock_life_cycles,2026-09-03,Q1 2007 to Q2 2026,78
DORM,Dorman Products,2020,2026,7,4,2,True,1,1,1,1,Q4 2025,1,0,12.5,stock_life_cycles,2026-09-03,Q1 2007 to Q2 2026,78
JBLU,JetBlue Airways Corp.,2019,2025,7,4,2,True,1,1,1,1,Q1 2024,1,0,12.5,stock_life_cycles,2026-09-03,Q1 2007 to Q2 2026,78
JHX,James Hardie Industries PLC,2025,2026,2,5,3,True,2,0,3,0,Q4 2025,0,5,12.5,stock_life_cycles,2026-09-03,Q1 2007 to Q2 2026,78
FSV,Firstservice Corp,2023,2026,4,15,3,True,1,2,4,8,Q4 2025,2,-5,12.5,stock_life_cycles,2026-09-03,Q1 2007 to Q2 2026,78
CYD,China Yuchai Intl Ltd.,2015,2025,11,2,1,True,0,0,1,1,,0,0,12.5,stock_life_cycles,2026-09-03,Q1 2007 to Q2 2026,78
CMC,Commercial Metals,2021,2026,6,13,2,True,1,1,8,3,Q2 2021,1,5,12.5,stock_life_cycles,2026-09-03,Q1 2007 to Q2 2026,78
RMNI,Rimini Street Inc.,2021,2026,6,11,2,True,1,0,7,3,Q3 2021,0,5,12.5,stock_life_cycles,2026-09-03,Q1 2007 to Q2 2026,78
SWX,Southwest Gas Holdings Inc.,2021,2026,6,15,2,True,1,1,9,4,Q3 2021,1,5,12.5,stock_life_cycles,2026-09-03,Q1 2007 to Q2 2026,78
CARS,Cars.com Inc.,2017,2025,9,10,4,False,3,4,2,1,Q2 2017,4,0,12.5,stock_life_cycles,2026-09-03,Q1 2007 to Q2 2026,78
AEM,Agnico-Eagle Mines Ltd.,2024,2026,3,10,3,True,1,0,4,5,Q4 2024,0,0,12.5,stock_life_cycles,2026-09-03,Q1 2007 to Q2 2026,78
RL,Ralph Lauren Corp.,2017,2025,9,20,4,False,7,7,3,3,Q1 2017,7,0,12.5,stock_life_cycles,2026-09-03,Q1 2007 to Q2 2026,78
MRC-OLD,MRC Global Inc.,2013,2025,13,11,3,False,2,3,3,3,Q3 2013,3,-1,12.4,stock_life_cycles,2026-09-03,Q1 2007 to Q2 2026,78
ASTS,AST SpaceMobile Inc.,2020,2026,7,7,2,True,3,2,0,2,Q4 2020,2,-1,12.4,stock_life_cycles,2026-09-03,Q1 2007 to Q2 2026,78
RS,Reliance Steel & Aluminum,2022,2026,5,21,3,True,1,1,4,15,Q4 2022,1,-11,12.4,stock_life_cycles,2026-09-03,Q1 2007 to Q2 2026,78
GRFS,Grifols SA,2019,2026,8,12,2,True,0,1,3,8,,1,-6,12.4,stock_life_cycles,2026-09-03,Q1 2007 to Q2 2026,78
VIG,Vanguard Dividend Apprec ETF,2023,2026,4,22,3,True,0,0,8,14,,0,-6,12.4,stock_life_cycles,2026-09-03,Q1 2007 to Q2 2026,78
ASTE,Astec Industries,2025,2026,2,8,3,True,2,0,4,2,Q2 2025,0,4,12.4,stock_life_cycles,2026-09-03,Q1 2007 to Q2 2026,78
CRUS,Cirrus Logic Inc.,2020,2026,7,5,2,True,2,1,0,2,Q1 2020,1,-1,12.4,stock_life_cycles,2026-09-03,Q1 2007 to Q2 2026,78
FIGR,Figure Technology Solut Cl A,2025,2026,2,4,3,True,3,0,1,0,Q3 2025,0,4,12.4,stock_life_cycles,2026-09-03,Q1 2007 to Q2 2026,78
LYG,Lloyds TSB Grp Plc ADR,2024,2026,3,7,3,True,0,2,3,2,,2,-1,12.4,stock_life_cycles,2026-09-03,Q1 2007 to Q2 2026,78
LTH,Life Time Group Holdings Inc,2025,2026,2,12,3,True,2,0,6,4,Q2 2025,0,4,12.4,stock_life_cycles,2026-09-03,Q1 2007 to Q2 2026,78
NTRS,Northern Trust Corp.,2023,2026,4,12,3,True,1,0,2,9,Q3 2023,0,-6,12.4,stock_life_cycles,2026-09-03,Q1 2007 to Q2 2026,78
HUBS,HubSpot Inc.,2019,2025,7,29,5,False,4,6,5,14,Q4 2019,6,-11,12.4,stock_life_cycles,2026-09-03,Q1 2007 to Q2 2026,78
PRGO,Perrigo Co.,2018,2025,8,26,4,False,3,5,12,6,Q3 2019,5,4,12.4,stock_life_cycles,2026-09-03,Q1 2007 to Q2 2026,78
BG,Bunge Global SA,2020,2026,7,9,2,True,3,2,1,3,Q2 2020,2,-1,12.4,stock_life_cycles,2026-09-03,Q1 2007 to Q2 2026,78
FMS,Fresenius Medical Care AG & Co KCaG,2024,2026,3,11,3,True,1,1,4,5,Q1 2025,1,-1,12.4,stock_life_cycles,2026-09-03,Q1 2007 to Q2 2026,78
IEUR,iShares Core MSCI Europe ETF,2021,2026,6,8,2,True,3,2,3,0,Q2 2021,2,4,12.4,stock_life_cycles,2026-09-03,Q1 2007 to Q2 2026,78
AXS,Axis Capital Holdings Ltd.,2024,2026,3,11,3,True,1,1,4,5,Q3 2024,1,-1,12.4,stock_life_cycles,2026-09-03,Q1 2007 to Q2 2026,78
FTNT,Fortinet Inc.,2020,2026,7,23,2,True,1,1,10,11,Q3 2020,1,-1,12.4,stock_life_cycles,2026-09-03,Q1 2007 to Q2 2026,78
FAF,First Amer'n Corp.,2021,2026,6,16,2,True,2,1,8,5,Q3 2021,1,4,12.4,stock_life_cycles,2026-09-03,Q1 2007 to Q2 2026,78
MSA,MSA Safety Inc.,2025,2026,2,7,3,True,2,0,3,2,Q2 2025,0,3,12.3,stock_life_cycles,2026-09-03,Q1 2007 to Q2 2026,78
DOC,Healthpeak Properties Inc.,2020,2026,7,14,2,True,1,1,5,7,Q3 2020,1,-2,12.3,stock_life_cycles,2026-09-03,Q1 2007 to Q2 2026,78
GTES,Gates Industrial Corp.,2025,2026,2,5,3,True,3,1,1,0,Q2 2025,1,3,12.3,stock_life_cycles,2026-09-03,Q1 2007 to Q2 2026,78
ARLP,Alliance Resource Partners LP,2021,2026,6,17,2,True,1,0,9,7,Q1 2025,0,3,12.3,stock_life_cycles,2026-09-03,Q1 2007 to Q2 2026,78
UHS,Universal Health Services Inc.,2024,2026,3,10,3,True,1,1,3,5,Q3 2024,1,-2,12.3,stock_life_cycles,2026-09-03,Q1 2007 to Q2 2026,78
LII,Lennox International,2023,2026,4,13,3,True,1,2,2,8,Q4 2025,2,-7,12.3,stock_life_cycles,2026-09-03,Q1 2007 to Q2 2026,78
ARES,Ares Management LP,2024,2026,3,14,3,True,2,1,4,7,Q2 2024,1,-2,12.3,stock_life_cycles,2026-09-03,Q1 2007 to Q2 2026,78
TREX,Trex Company Inc.,2025,2026,2,5,3,True,2,1,2,0,Q3 2025,1,3,12.3,stock_life_cycles,2026-09-03,Q1 2007 to Q2 2026,78
MASI-OLD,Masimo Corp.,2019,2026,8,25,4,False,3,4,11,7,Q1 2025,4,3,12.3,stock_life_cycles,2026-09-03,Q1 2007 to Q2 2026,78
STNG,Scorpio Tankers Inc.,2021,2026,6,5,2,True,1,1,3,0,Q1 2021,1,3,12.3,stock_life_cycles,2026-09-03,Q1 2007 to Q2 2026,78
CAKE,Cheesecake Factory,2025,2026,2,9,3,True,2,2,4,1,Q2 2025,2,3,12.3,stock_life_cycles,2026-09-03,Q1 2007 to Q2 2026,78
DAN,Dana Inc.,2013,2025,13,16,3,False,4,5,3,4,Q2 2013,5,-2,12.3,stock_life_cycles,2026-09-03,Q1 2007 to Q2 2026,78
WGS,GeneDx Holdings Corp.,2021,2026,6,9,2,True,2,1,4,2,Q1 2021,1,3,12.3,stock_life_cycles,2026-09-03,Q1 2007 to Q2 2026,78
STUB,Stubhub Holdings Inc Class A,2025,2026,2,4,3,True,3,1,0,0,Q3 2025,1,2,12.2,stock_life_cycles,2026-09-03,Q1 2007 to Q2 2026,78
PDS,Precision Drilling Corp.,2020,2025,6,8,2,True,4,3,1,0,Q2 2020,3,2,12.2,stock_life_cycles,2026-09-03,Q1 2007 to Q2 2026,78
WBA-OLD,Walgreens Boots Alliance,2014,2025,12,10,3,False,2,3,4,1,Q4 2014,3,2,12.2,stock_life_cycles,2026-09-03,Q1 2007 to Q2 2026,78
CRESY,Cresud Inc.,2009,2021,13,13,3,False,0,3,5,5,,3,-3,12.2,stock_life_cycles,2026-09-03,Q1 2007 to Q2 2026,78
EWJ,iShares MSCI Japan ETF,2021,2026,6,10,2,True,3,2,3,2,Q2 2021,2,2,12.2,stock_life_cycles,2026-09-03,Q1 2007 to Q2 2026,78
LESL,Leslie's Inc.,2021,2026,6,12,2,True,0,1,7,4,,1,2,12.2,stock_life_cycles,2026-09-03,Q1 2007 to Q2 2026,78
GGG,Graco Inc.,2023,2026,4,18,3,True,2,2,3,11,Q1 2023,2,-8,12.2,stock_life_cycles,2026-09-03,Q1 2007 to Q2 2026,78
AEBI,Aebi Schmidt Holding Ag,2025,2026,2,6,3,True,2,0,2,2,Q3 2025,0,2,12.2,stock_life_cycles,2026-09-03,Q1 2007 to Q2 2026,78
AMLP,Alerian MLP ETF,2020,2026,7,17,2,True,1,1,6,9,Q1 2020,1,-3,12.2,stock_life_cycles,2026-09-03,Q1 2007 to Q2 2026,78
RGEN,Repligen Corp.,2025,2026,2,3,3,True,2,1,0,0,Q1 2026,1,1,12.1,stock_life_cycles,2026-09-03,Q1 2007 to Q2 2026,78
ACWX,iShares MSCI ACWI EX U.S. ETF,2025,2026,2,7,3,True,1,1,3,2,Q3 2025,1,1,12.1,stock_life_cycles,2026-09-03,Q1 2007 to Q2 2026,78
MSTR,MicroStrategy Inc.,2021,2026,6,9,2,True,3,3,2,1,Q4 2022,3,1,12.1,stock_life_cycles,2026-09-03,Q1 2007 to Q2 2026,78
IEMG,iShares Core MSCI Emerging Markets ETF,2021,2026,6,13,2,True,1,1,6,5,Q2 2021,1,1,12.1,stock_life_cycles,2026-09-03,Q1 2007 to Q2 2026,78
DOCN,DigitalOcean Holdings Inc.,2021,2026,6,3,2,True,2,1,0,0,Q1 2021,1,1,12.1,stock_life_cycles,2026-09-03,Q1 2007 to Q2 2026,78
IONQ,IonQ Inc.,2021,2026,6,3,2,True,2,1,0,0,Q2 2021,1,1,12.1,stock_life_cycles,2026-09-03,Q1 2007 to Q2 2026,78
PHYS,Sprott Physical Gold Trust,2024,2026,3,10,3,True,2,1,1,6,Q1 2024,1,-4,12.1,stock_life_cycles,2026-09-03,Q1 2007 to Q2 2026,78
PLTR,Palantir Technologies Inc.,2025,2026,2,7,3,True,3,1,1,2,Q2 2025,1,1,12.1,stock_life_cycles,2026-09-03,Q1 2007 to Q2 2026,78
AEP,American Electric Power,2023,2026,4,17,3,True,1,0,3,13,Q4 2023,0,-9,12.1,stock_life_cycles,2026-09-03,Q1 2007 to Q2 2026,78
BKSY,BlackSky Technology Inc.,2021,2026,6,3,2,True,2,1,0,0,Q3 2021,1,1,12.1,stock_life_cycles,2026-09-03,Q1 2007 to Q2 2026,78
GDX,VanEck Vectors Gold Miners ETF,2020,2026,7,10,2,True,2,2,1,5,Q2 2020,2,-4,12.1,stock_life_cycles,2026-09-03,Q1 2007 to Q2 2026,78
FIGS,FIGS Inc.,2021,2026,6,5,2,True,2,1,1,1,Q2 2021,1,1,12.1,stock_life_cycles,2026-09-03,Q1 2007 to Q2 2026,78
IVZ,Invesco Ltd,2020,2025,6,13,2,True,1,1,6,5,Q2 2020,1,1,12.1,stock_life_cycles,2026-09-03,Q1 2007 to Q2 2026,78
OKTA,Okta Inc.,2021,2026,6,6,2,True,2,1,1,2,Q3 2021,1,0,12.0,stock_life_cycles,2026-09-03,Q1 2007 to Q2 2026,78
ORLA-OLD,Orla Mining Ltd,2022,2026,5,11,2,True,1,0,7,3,Q3 2022,0,5,12.0,stock_life_cycles,2026-09-03,Q1 2007 to Q2 2026,78
ASO,Academy Sports and Outdoors Inc.,2021,2026,6,4,2,True,1,1,1,1,Q3 2025,1,0,12.0,stock_life_cycles,2026-09-03,Q1 2007 to Q2 2026,78
FIG,Figma Inc Cl A,2025,2026,2,6,3,True,3,2,0,1,Q3 2025,2,0,12.0,stock_life_cycles,2026-09-03,Q1 2007 to Q2 2026,78
PHG,Koninklijke Philips Electronics NV,2023,2026,4,16,2,True,0,0,13,3,,0,10,12.0,stock_life_cycles,2026-09-03,Q1 2007 to Q2 2026,78
SEIC,SEI Investments,2021,2025,5,7,2,True,1,0,5,1,Q3 2024,0,5,12.0,stock_life_cycles,2026-09-03,Q1 2007 to Q2 2026,78
CRWV,Coreweave Inc Cl A,2025,2026,2,4,3,True,2,2,0,0,Q4 2025,2,0,12.0,stock_life_cycles,2026-09-03,Q1 2007 to Q2 2026,78
ALLE,Allegion Plc,2015,2026,12,23,3,False,1,3,10,9,Q2 2025,3,-1,11.9,stock_life_cycles,2026-09-03,Q1 2007 to Q2 2026,78
FPH,Five Point Holdings LLC,2019,2026,8,25,2,True,0,1,7,17,,1,-11,11.9,stock_life_cycles,2026-09-03,Q1 2007 to Q2 2026,78
DISH-OLD,Dish Network Corp.,2007,2018,12,11,3,False,1,3,4,3,Q2 2013,3,-1,11.9,stock_life_cycles,2026-09-03,Q1 2007 to Q2 2026,78
ROK,Rockwell Automation Inc.,2021,2026,6,9,2,True,0,0,4,5,,0,-1,11.9,stock_life_cycles,2026-09-03,Q1 2007 to Q2 2026,78
NUE,Nucor Corp.,2024,2026,3,16,3,True,3,1,2,10,Q3 2024,1,-6,11.9,stock_life_cycles,2026-09-03,Q1 2007 to Q2 2026,78
TRS,TriMas Corp.,2024,2026,3,14,3,True,0,1,4,9,,1,-6,11.9,stock_life_cycles,2026-09-03,Q1 2007 to Q2 2026,78
TEM,Tempus Ai Inc,2025,2026,2,9,3,True,2,1,2,4,Q2 2025,1,-1,11.9,stock_life_cycles,2026-09-03,Q1 2007 to Q2 2026,78
ONB,Old National Bancorp,2024,2026,3,14,3,True,0,0,4,10,,0,-6,11.9,stock_life_cycles,2026-09-03,Q1 2007 to Q2 2026,78
XOP,SPDR S&P Oil & Gas Exploration & Production ETF,2020,2026,7,14,2,True,1,1,3,9,Q4 2020,1,-6,11.9,stock_life_cycles,2026-09-03,Q1 2007 to Q2 2026,78
SFM,Sprouts Farmers Market Inc.,2025,2026,2,3,3,True,1,2,0,0,Q1 2026,2,-1,11.9,stock_life_cycles,2026-09-03,Q1 2007 to Q2 2026,78
PSKY,Paramount Skydance Corp.,2025,2026,2,7,3,True,3,0,0,4,Q3 2025,0,-1,11.9,stock_life_cycles,2026-09-03,Q1 2007 to Q2 2026,78
NXST,Nexstar Media Group,2018,2025,8,19,4,False,4,5,5,5,Q4 2018,5,-1,11.9,stock_life_cycles,2026-09-03,Q1 2007 to Q2 2026,78
ESAB,ESAB Corp.,2022,2026,5,9,2,True,3,2,3,1,Q2 2022,2,3,11.8,stock_life_cycles,2026-09-03,Q1 2007 to Q2 2026,78
OPCH,Option Care Health Inc.,2021,2025,5,11,2,True,4,3,3,1,Q3 2021,3,3,11.8,stock_life_cycles,2026-09-03,Q1 2007 to Q2 2026,78
SNA,Snap-On Inc.,2024,2026,3,13,3,True,1,0,2,10,Q1 2026,0,-7,11.8,stock_life_cycles,2026-09-03,Q1 2007 to Q2 2026,78
AMR,Alpha Metallurgical Resources Inc.,2023,2026,4,14,2,True,2,1,9,2,Q2 2023,1,8,11.8,stock_life_cycles,2026-09-03,Q1 2007 to Q2 2026,78
JXN,Jackson Financial Inc.,2021,2026,6,20,2,True,2,1,7,10,Q3 2021,1,-2,11.8,stock_life_cycles,2026-09-03,Q1 2007 to Q2 2026,78
AIR,AAR Corp.,2025,2026,2,8,3,True,1,0,2,5,Q1 2026,0,-2,11.8,stock_life_cycles,2026-09-03,Q1 2007 to Q2 2026,78
EQPT,Equipmentshare.com Inc A,2026,2026,1,3,3,True,3,0,0,0,Q1 2026,0,3,11.8,stock_life_cycles,2026-09-03,Q1 2007 to Q2 2026,78
RBC,RBC Bearings Inc.,2023,2026,4,22,2,True,0,0,15,7,,0,8,11.8,stock_life_cycles,2026-09-03,Q1 2007 to Q2 2026,78
FOA,Finance Of America Companies Inc.,2021,2026,6,17,1,True,1,0,16,0,Q2 2021,0,17,11.7,stock_life_cycles,2026-09-03,Q1 2007 to Q2 2026,78
HALO,Halozyme Therapeutics,2023,2026,4,15,2,True,1,0,10,4,Q3 2025,0,7,11.7,stock_life_cycles,2026-09-03,Q1 2007 to Q2 2026,78
BBBY,Bed Bath & Beyond Inc.,2013,2025,13,12,3,False,2,4,0,6,Q2 2022,4,-8,11.7,stock_life_cycles,2026-09-03,Q1 2007 to Q2 2026,78
TPH-OLD,TRI Pointe Group,2019,2025,7,18,2,True,0,1,5,12,,1,-8,11.7,stock_life_cycles,2026-09-03,Q1 2007 to Q2 2026,78
TGNA-OLD,TEGNA Inc.,2015,2025,11,10,3,False,2,3,4,1,Q2 2015,3,2,11.7,stock_life_cycles,2026-09-03,Q1 2007 to Q2 2026,78
FROG,JFrog Ltd,2022,2026,5,3,2,True,1,1,1,0,Q4 2025,1,1,11.6,stock_life_cycles,2026-09-03,Q1 2007 to Q2 2026,78
FRPT,Freshpet Inc.,2022,2026,5,9,2,True,4,3,1,1,Q3 2022,3,1,11.6,stock_life_cycles,2026-09-03,Q1 2007 to Q2 2026,78
VTEB,Vanguard Tax Exempt Bond ETF,2022,2026,5,3,2,True,2,1,0,0,Q4 2022,1,1,11.6,stock_life_cycles,2026-09-03,Q1 2007 to Q2 2026,78
RCKT,Rocket Pharmaceuticals Inc.,2023,2026,4,12,2,True,0,1,9,2,,1,6,11.6,stock_life_cycles,2026-09-03,Q1 2007 to Q2 2026,78
AGO,Assured Guaranty Ltd.,2019,2026,8,30,2,True,1,1,7,21,Q2 2024,1,-14,11.6,stock_life_cycles,2026-09-03,Q1 2007 to Q2 2026,78
TRP,TC Energy,2021,2026,6,6,2,True,1,1,0,4,Q1 2021,1,-4,11.6,stock_life_cycles,2026-09-03,Q1 2007 to Q2 2026,78
WSO,Watsco Inc.,2021,2026,6,18,1,True,0,0,17,1,,0,16,11.6,stock_life_cycles,2026-09-03,Q1 2007 to Q2 2026,78
MTSI,MACOM Technology Solutions Hldg,2022,2026,5,3,2,True,1,1,1,0,Q1 2026,1,1,11.6,stock_life_cycles,2026-09-03,Q1 2007 to Q2 2026,78
ING,ING Group NV,2023,2026,4,16,2,True,0,0,11,5,,0,6,11.6,stock_life_cycles,2026-09-03,Q1 2007 to Q2 2026,78
AFYA,Afya Ltd,2022,2026,5,7,2,True,0,1,4,2,,1,1,11.6,stock_life_cycles,2026-09-03,Q1 2007 to Q2 2026,78
NCR-OLD,NCR Corp.,2013,2023,11,23,3,False,3,4,9,7,Q4 2013,4,1,11.6,stock_life_cycles,2026-09-03,Q1 2007 to Q2 2026,78
VYM,Vanguard High Dvd Yield ETF,2023,2026,4,18,2,True,0,0,12,6,,0,6,11.6,stock_life_cycles,2026-09-03,Q1 2007 to Q2 2026,78
GXO,Gxo Logistics Inc.,2025,2026,2,8,3,True,1,1,1,5,Q1 2025,1,-4,11.6,stock_life_cycles,2026-09-03,Q1 2007 to Q2 2026,78
BEAM,Beam Inc.,2011,2025,15,4,2,False,2,2,0,0,Q4 2011,2,0,11.5,stock_life_cycles,2026-09-03,Q1 2007 to Q2 2026,78
CBOE,CBOE Holdings Inc.,2023,2026,4,9,2,True,3,1,4,1,Q4 2023,1,5,11.5,stock_life_cycles,2026-09-03,Q1 2007 to Q2 2026,78
LFST,Lifestance Health Group Inc,2023,2026,4,11,2,True,1,1,7,2,Q2 2023,1,5,11.5,stock_life_cycles,2026-09-03,Q1 2007 to Q2 2026,78
JBTM,JBT Marel Corp.,2025,2026,2,7,3,True,1,0,0,6,Q1 2025,0,-5,11.5,stock_life_cycles,2026-09-03,Q1 2007 to Q2 2026,78
AME,Ametek Inc.,2021,2026,6,21,1,True,0,0,18,3,,0,15,11.5,stock_life_cycles,2026-09-03,Q1 2007 to Q2 2026,78
HTZWW,Hertz Global Hldgs Inc. WTS,2022,2026,5,8,2,True,2,1,2,3,Q3 2022,1,0,11.5,stock_life_cycles,2026-09-03,Q1 2007 to Q2 2026,78
GTLS-OLD,Chart Industries Inc.,2024,2026,3,15,5,False,4,5,3,3,Q2 2024,5,-1,11.4,stock_life_cycles,2026-09-03,Q1 2007 to Q2 2026,78
VEU,Vanguard FTSE All World ex US ETF,2023,2026,4,12,2,True,2,0,6,4,Q4 2023,0,4,11.4,stock_life_cycles,2026-09-03,Q1 2007 to Q2 2026,78
SNAP,Snap Inc.,2020,2026,7,13,4,False,4,3,2,4,Q4 2020,3,-1,11.4,stock_life_cycles,2026-09-03,Q1 2007 to Q2 2026,78
JAZZ,Jazz Pharmaceuticals plc,2023,2026,4,6,2,True,2,1,3,0,Q1 2023,1,4,11.4,stock_life_cycles,2026-09-03,Q1 2007 to Q2 2026,78
ALCC-OLD,AltC Acquisition Corp.,2021,2025,5,5,2,True,1,1,1,2,Q3 2021,1,-1,11.4,stock_life_cycles,2026-09-03,Q1 2007 to Q2 2026,78
AMH,American Homes 4 Rent,2020,2026,7,31,2,True,1,0,9,21,Q2 2020,0,-11,11.4,stock_life_cycles,2026-09-03,Q1 2007 to Q2 2026,78
GRAB,Grab Holdings Ltd   Cl A,2021,2026,6,18,4,False,5,5,6,2,Q4 2021,5,4,11.4,stock_life_cycles,2026-09-03,Q1 2007 to Q2 2026,78
PBR,Petroleo Brasileiro,2022,2026,5,19,2,True,1,1,8,9,Q1 2026,1,-1,11.4,stock_life_cycles,2026-09-03,Q1 2007 to Q2 2026,78
TFII,Tfi International Inc,2022,2026,5,6,2,True,2,1,0,3,Q2 2022,1,-2,11.3,stock_life_cycles,2026-09-03,Q1 2007 to Q2 2026,78
VSTM,Verastem Inc.,2023,2026,4,5,2,True,1,1,3,0,Q4 2025,1,3,11.3,stock_life_cycles,2026-09-03,Q1 2007 to Q2 2026,78
VTOL,Bristow Group Inc.,2024,2026,3,8,2,True,1,0,7,0,Q1 2026,0,8,11.3,stock_life_cycles,2026-09-03,Q1 2007 to Q2 2026,78
RSVR,Reservoir Media Inc.,2022,2026,5,8,2,True,2,2,1,3,Q3 2024,2,-2,11.3,stock_life_cycles,2026-09-03,Q1 2007 to Q2 2026,78
AMG,Affiliated Managers Group,2024,2026,3,18,3,True,1,1,2,14,Q4 2024,1,-12,11.3,stock_life_cycles,2026-09-03,Q1 2007 to Q2 2026,78
TDS,Telephone & Data Systems,2023,2026,4,11,2,True,2,0,5,4,Q3 2023,0,3,11.3,stock_life_cycles,2026-09-03,Q1 2007 to Q2 2026,78
EWBC,East West Bancorp,2023,2026,4,3,2,True,2,0,1,0,Q1 2023,0,3,11.3,stock_life_cycles,2026-09-03,Q1 2007 to Q2 2026,78
PUK,Prudential Plc ADR,2023,2026,4,15,2,True,1,1,8,5,Q1 2025,1,3,11.3,stock_life_cycles,2026-09-03,Q1 2007 to Q2 2026,78
SMAR-OLD,Smartsheet Inc.,2019,2025,7,25,4,False,3,4,8,10,Q3 2019,4,-3,11.2,stock_life_cycles,2026-09-03,Q1 2007 to Q2 2026,78
PBR.A,Petroleo Brasil Sp Pref  ADR,2023,2026,4,10,2,True,1,1,5,3,Q1 2026,1,2,11.2,stock_life_cycles,2026-09-03,Q1 2007 to Q2 2026,78
VLTO,Veralto Corp.,2023,2026,4,6,2,True,2,0,2,2,Q4 2023,0,2,11.2,stock_life_cycles,2026-09-03,Q1 2007 to Q2 2026,78
ENR,Energizer Holdings Inc.,2012,2026,15,7,2,False,1,2,1,3,Q4 2025,2,-3,11.2,stock_life_cycles,2026-09-03,Q1 2007 to Q2 2026,78
HAFN,Hafnia Ltd,2024,2026,3,9,2,True,3,1,5,0,Q3 2024,1,7,11.2,stock_life_cycles,2026-09-03,Q1 2007 to Q2 2026,78
ITB,Ishares U.S. Home Constructi,2021,2026,6,20,1,True,1,0,15,4,Q2 2021,0,12,11.2,stock_life_cycles,2026-09-03,Q1 2007 to Q2 2026,78
DMAC,DiaMedica Therapeutics Inc.,2020,2025,6,14,1,True,1,0,12,1,Q4 2020,0,12,11.2,stock_life_cycles,2026-09-03,Q1 2007 to Q2 2026,78
GIS,General Mills,2022,2026,5,15,2,True,0,0,6,9,,0,-3,11.2,stock_life_cycles,2026-09-03,Q1 2007 to Q2 2026,78
ESS,Essex Property Trust,2020,2026,7,19,2,True,1,1,2,15,Q1 2020,1,-13,11.2,stock_life_cycles,2026-09-03,Q1 2007 to Q2 2026,78
SHC,Sotera Health Co,2023,2026,4,10,2,True,3,2,3,2,Q2 2023,2,2,11.2,stock_life_cycles,2026-09-03,Q1 2007 to Q2 2026,78
EGP,EastGroup Properties SBI,2024,2026,3,9,2,True,1,0,7,1,Q3 2024,0,7,11.2,stock_life_cycles,2026-09-03,Q1 2007 to Q2 2026,78
ACMR,ACM Research Inc.,2024,2026,3,10,2,True,1,0,7,2,Q2 2025,0,6,11.1,stock_life_cycles,2026-09-03,Q1 2007 to Q2 2026,78
VICR,Vicor Corp.,2023,2026,4,3,2,True,1,1,1,0,Q1 2026,1,1,11.1,stock_life_cycles,2026-09-03,Q1 2007 to Q2 2026,78
KWEB,Kraneshares Csi China Intern,2023,2026,4,13,2,True,3,2,4,4,Q2 2023,2,1,11.1,stock_life_cycles,2026-09-03,Q1 2007 to Q2 2026,78
ZIM,Zim Integrated Shipping Serv,2024,2026,3,10,2,True,3,1,5,1,Q1 2024,1,6,11.1,stock_life_cycles,2026-09-03,Q1 2007 to Q2 2026,78
MTH,Meritage Homes Corp.,2019,2026,8,21,1,True,2,2,9,8,Q2 2020,2,1,11.1,stock_life_cycles,2026-09-03,Q1 2007 to Q2 2026,78
DFS-OLD,Discover Financial Services,2020,2025,6,15,4,False,4,4,4,3,Q2 2020,4,1,11.1,stock_life_cycles,2026-09-03,Q1 2007 to Q2 2026,78
VXUS,Vanguard Total Intl Stock,2024,2026,3,12,2,True,5,3,4,0,Q2 2024,3,6,11.1,stock_life_cycles,2026-09-03,Q1 2007 to Q2 2026,78
MAA,Mid-America Apt Communties,2024,2026,3,12,2,True,3,1,6,2,Q2 2024,1,6,11.1,stock_life_cycles,2026-09-03,Q1 2007 to Q2 2026,78
IVVD,Invivyd Inc.,2022,2025,4,3,2,True,1,1,1,0,Q1 2022,1,1,11.1,stock_life_cycles,2026-09-03,Q1 2007 to Q2 2026,78
FOSL,Fossil Inc.,2023,2026,4,13,2,True,1,0,6,6,Q3 2023,0,1,11.1,stock_life_cycles,2026-09-03,Q1 2007 to Q2 2026,78
LXU,LSB Industries Inc.,2023,2026,4,7,2,True,1,0,3,3,Q3 2023,0,1,11.1,stock_life_cycles,2026-09-03,Q1 2007 to Q2 2026,78
SFIX,Stitch Fix Inc.,2019,2025,7,20,4,False,3,6,5,6,Q1 2019,6,-4,11.1,stock_life_cycles,2026-09-03,Q1 2007 to Q2 2026,78
PEYUF,Peyto Exploration & Development Corp.,2019,2026,8,7,1,True,1,0,3,3,Q3 2019,0,1,11.1,stock_life_cycles,2026-09-03,Q1 2007 to Q2 2026,78
WSR-OLD,Whitestone REIT,2023,2026,4,4,2,True,1,1,1,1,Q2 2023,1,0,11.0,stock_life_cycles,2026-09-03,Q1 2007 to Q2 2026,78
COO,Cooper Cos Inc,2024,2026,3,11,2,True,2,1,6,2,Q1 2024,1,5,11.0,stock_life_cycles,2026-09-03,Q1 2007 to Q2 2026,78
AMWD-OLD,American Woodmark Corp.,2024,2026,3,9,2,True,0,1,7,1,,1,5,11.0,stock_life_cycles,2026-09-03,Q1 2007 to Q2 2026,78
SMFG,Sumitomo Mitsui Spons ADR,2024,2026,3,15,2,True,1,1,9,4,Q2 2025,1,5,11.0,stock_life_cycles,2026-09-03,Q1 2007 to Q2 2026,78
HPP,Hudson Pacific Properties Inc.,2023,2026,4,14,2,True,2,2,5,5,Q2 2023,2,0,11.0,stock_life_cycles,2026-09-03,Q1 2007 to Q2 2026,78
CRBG,Corebridge Financial Inc.,2024,2026,3,13,2,True,0,0,9,4,,0,5,11.0,stock_life_cycles,2026-09-03,Q1 2007 to Q2 2026,78
TEAM,Atlassian Corp.,2019,2025,7,31,4,False,4,6,9,12,Q2 2019,6,-5,11.0,stock_life_cycles,2026-09-03,Q1 2007 to Q2 2026,78
SNREY-OLD,Sunrise Communicat Cl A,2024,2025,2,10,5,False,5,5,0,0,Q4 2024,5,0,11.0,stock_life_cycles,2026-09-03,Q1 2007 to Q2 2026,78
EQR,Equity Residential,2023,2026,4,12,2,True,0,0,6,6,,0,0,11.0,stock_life_cycles,2026-09-03,Q1 2007 to Q2 2026,78
LNC,Lincoln National,2024,2026,3,11,2,True,1,0,7,3,Q1 2024,0,5,11.0,stock_life_cycles,2026-09-03,Q1 2007 to Q2 2026,78
JELD,JELD-WEN Holding Inc.,2024,2026,3,9,2,True,1,1,6,1,Q1 2025,1,5,11.0,stock_life_cycles,2026-09-03,Q1 2007 to Q2 2026,78
CTRI,Centuri Holdings Inc,2024,2026,3,8,2,True,2,1,4,1,Q2 2024,1,4,10.9,stock_life_cycles,2026-09-03,Q1 2007 to Q2 2026,78
DOLE,Dole Food Company,2024,2026,3,8,2,True,3,1,3,1,Q2 2024,1,4,10.9,stock_life_cycles,2026-09-03,Q1 2007 to Q2 2026,78
LMACU,Liberty Media Acquisition Corp. Units,2021,2022,2,11,5,False,5,5,0,1,Q1 2021,5,-1,10.9,stock_life_cycles,2026-09-03,Q1 2007 to Q2 2026,78
BSY,Bentley Systems Inc Class B,2023,2026,4,5,2,True,1,1,1,2,Q4 2025,1,-1,10.9,stock_life_cycles,2026-09-03,Q1 2007 to Q2 2026,78
VIPS,Vipshop Holdings Ltd,2022,2026,5,16,4,False,1,3,9,3,Q2 2025,3,4,10.9,stock_life_cycles,2026-09-03,Q1 2007 to Q2 2026,78
NWS,News Corp. CL B,2021,2025,5,14,2,True,1,1,3,9,Q2 2021,1,-6,10.9,stock_life_cycles,2026-09-03,Q1 2007 to Q2 2026,78
SOPH,Sophia Genetics SA,2024,2026,3,6,2,True,2,1,3,0,Q1 2024,1,4,10.9,stock_life_cycles,2026-09-03,Q1 2007 to Q2 2026,78
CWH,Camping World Holdings Inc.,2018,2026,9,13,3,False,3,2,5,3,Q3 2018,2,3,10.8,stock_life_cycles,2026-09-03,Q1 2007 to Q2 2026,78
IWB,Ishares Russell 1000 ETF,2024,2026,3,7,2,True,2,0,3,2,Q1 2024,0,3,10.8,stock_life_cycles,2026-09-03,Q1 2007 to Q2 2026,78
ITGR,Integer Holdings Corp.,2024,2026,3,9,2,True,2,1,4,2,Q1 2024,1,3,10.8,stock_life_cycles,2026-09-03,Q1 2007 to Q2 2026,78
PTLO,Portillo's Inc Cl A,2024,2026,3,9,2,True,2,0,4,3,Q1 2024,0,3,10.8,stock_life_cycles,2026-09-03,Q1 2007 to Q2 2026,78
BKE,Buckle Inc.,2022,2026,5,15,2,True,1,1,3,10,Q2 2022,1,-7,10.8,stock_life_cycles,2026-09-03,Q1 2007 to Q2 2026,78
AXSM,Axsome Therapeutics Inc.,2024,2026,3,13,2,True,3,1,5,4,Q1 2024,1,3,10.8,stock_life_cycles,2026-09-03,Q1 2007 to Q2 2026,78
KWR,Quaker Chemical,2023,2026,4,4,2,True,1,1,0,2,Q1 2026,1,-2,10.8,stock_life_cycles,2026-09-03,Q1 2007 to Q2 2026,78
QUAD,Quad/Graphics Inc.,2021,2026,6,18,1,True,0,0,13,5,,0,8,10.8,stock_life_cycles,2026-09-03,Q1 2007 to Q2 2026,78
BBIO,BridgeBio Pharma Inc.,2023,2026,4,10,2,True,1,0,3,6,Q2 2025,0,-2,10.8,stock_life_cycles,2026-09-03,Q1 2007 to Q2 2026,78
TWC,Time Warner Cable Inc.,2007,2016,10,5,3,False,1,3,0,1,Q4 2015,3,-3,10.7,stock_life_cycles,2026-09-03,Q1 2007 to Q2 2026,78
AGCB-OLD,Altimeter Growth Corp. 2,2021,2022,2,13,5,False,5,5,0,3,Q1 2021,5,-3,10.7,stock_life_cycles,2026-09-03,Q1 2007 to Q2 2026,78
BL,BlackLine Inc.,2024,2026,3,6,2,True,2,2,2,0,Q3 2024,2,2,10.7,stock_life_cycles,2026-09-03,Q1 2007 to Q2 2026,78
LNG,Cheniere Energy Inc.,2015,2023,9,30,4,False,2,4,4,20,Q2 2015,4,-18,10.7,stock_life_cycles,2026-09-03,Q1 2007 to Q2 2026,78
MANH,Manhattan Associates,2022,2026,5,12,2,True,1,0,1,10,Q2 2025,0,-8,10.7,stock_life_cycles,2026-09-03,Q1 2007 to Q2 2026,78
COLB,Columbia Banking System Inc.,2024,2026,3,8,2,True,0,0,5,3,,0,2,10.7,stock_life_cycles,2026-09-03,Q1 2007 to Q2 2026,78
NOG,Northern Oil and Gas Inc.,2024,2026,3,8,2,True,1,0,4,3,Q1 2026,0,2,10.7,stock_life_cycles,2026-09-03,Q1 2007 to Q2 2026,78
IBIT,Ishares Bitcoin Trust ETF,2024,2026,3,4,2,True,2,1,1,0,Q2 2024,1,2,10.7,stock_life_cycles,2026-09-03,Q1 2007 to Q2 2026,78
CELG,Celgene Corp.,2017,2019,3,16,5,False,3,5,1,7,Q1 2019,5,-8,10.7,stock_life_cycles,2026-09-03,Q1 2007 to Q2 2026,78
UGI,UGI Corp.,2024,2026,3,8,2,True,1,0,4,3,Q1 2024,0,2,10.7,stock_life_cycles,2026-09-03,Q1 2007 to Q2 2026,78
BNTX,Biontech Se ADR,2024,2026,3,8,2,True,2,1,3,2,Q3 2024,1,2,10.7,stock_life_cycles,2026-09-03,Q1 2007 to Q2 2026,78
HOFT,Hooker Furniture Corp.,2024,2026,3,10,2,True,0,0,6,4,,0,2,10.7,stock_life_cycles,2026-09-03,Q1 2007 to Q2 2026,78
RDDT,Reddit Inc Cl A,2024,2026,3,10,2,True,3,1,3,3,Q1 2024,1,2,10.7,stock_life_cycles,2026-09-03,Q1 2007 to Q2 2026,78
SCHD,Schwab Us Dvd Equity ETF,2024,2026,3,10,2,True,2,1,4,3,Q1 2025,1,2,10.7,stock_life_cycles,2026-09-03,Q1 2007 to Q2 2026,78
MDY,SPDR S&P  Midcap 400 ETF Trst,2023,2026,4,15,2,True,2,1,4,8,Q2 2025,1,-3,10.7,stock_life_cycles,2026-09-03,Q1 2007 to Q2 2026,78
PRMW-OLD,Primo Water Corp.,2012,2023,12,21,2,False,1,2,13,5,Q3 2023,2,7,10.7,stock_life_cycles,2026-09-03,Q1 2007 to Q2 2026,78
XRX,Xerox Holdings Corp.,2015,2026,12,14,2,False,1,1,9,3,Q4 2015,1,6,10.6,stock_life_cycles,2026-09-03,Q1 2007 to Q2 2026,78
RUSHA,Rush Enterprises Inc.,2024,2026,3,13,2,True,0,0,7,6,,0,1,10.6,stock_life_cycles,2026-09-03,Q1 2007 to Q2 2026,78
HUT,Hut 8 Corp,2024,2026,3,5,2,True,3,1,0,1,Q3 2024,1,1,10.6,stock_life_cycles,2026-09-03,Q1 2007 to Q2 2026,78
MKSI,MKS Instruments,2024,2026,3,3,2,True,2,1,0,0,Q3 2024,1,1,10.6,stock_life_cycles,2026-09-03,Q1 2007 to Q2 2026,78
BBW,Build-A-Bear Workshop Inc.,2024,2026,3,11,2,True,1,1,5,4,Q2 2024,1,1,10.6,stock_life_cycles,2026-09-03,Q1 2007 to Q2 2026,78
MGPI,MGP Ingredients Inc.,2024,2026,3,13,2,True,0,1,7,5,,1,1,10.6,stock_life_cycles,2026-09-03,Q1 2007 to Q2 2026,78
MT,ArcelorMittal,2024,2026,3,15,2,True,1,0,7,7,Q2 2024,0,1,10.6,stock_life_cycles,2026-09-03,Q1 2007 to Q2 2026,78
SWZ,Swiss Helvetia Fund Inc.,2022,2026,5,15,1,True,0,0,13,2,,0,11,10.6,stock_life_cycles,2026-09-03,Q1 2007 to Q2 2026,78
CTB,Cooper Tire & Rubber Co.,2013,2021,9,19,3,False,6,6,4,3,Q2 2013,6,1,10.6,stock_life_cycles,2026-09-03,Q1 2007 to Q2 2026,78
WULF,Terawulf Inc,2024,2026,3,5,2,True,3,1,0,1,Q3 2024,1,1,10.6,stock_life_cycles,2026-09-03,Q1 2007 to Q2 2026,78
NESR,National Energy Services Reunited Corp.,2024,2026,3,7,2,True,2,0,2,3,Q4 2024,0,1,10.6,stock_life_cycles,2026-09-03,Q1 2007 to Q2 2026,78
PKG,Packaging Corp. of America,2020,2026,7,3,1,True,2,1,0,0,Q1 2020,1,1,10.6,stock_life_cycles,2026-09-03,Q1 2007 to Q2 2026,78
CNK,Cinemark Holdings Inc.,2024,2026,3,7,2,True,3,2,1,1,Q1 2024,2,1,10.6,stock_life_cycles,2026-09-03,Q1 2007 to Q2 2026,78
LPG,Dorian LPG Ltd,2025,2026,2,6,2,True,1,0,5,0,Q2 2025,0,6,10.6,stock_life_cycles,2026-09-03,Q1 2007 to Q2 2026,78
BSM,Black Stone Minerals L.P.,2025,2026,2,6,2,True,1,0,5,0,Q2 2025,0,6,10.6,stock_life_cycles,2026-09-03,Q1 2007 to Q2 2026,78
KT,KT Corp.,2025,2026,2,6,2,True,2,0,4,0,Q1 2025,0,6,10.6,stock_life_cycles,2026-09-03,Q1 2007 to Q2 2026,78
AX,Axos Financial Inc.,2025,2026,2,6,2,True,1,0,5,0,Q3 2025,0,6,10.6,stock_life_cycles,2026-09-03,Q1 2007 to Q2 2026,78
PCAR,PACCAR Inc.,2021,2024,4,12,2,True,2,1,2,7,Q3 2021,1,-4,10.6,stock_life_cycles,2026-09-03,Q1 2007 to Q2 2026,78
MWA,Mueller Water Products,2007,2019,13,8,2,False,4,4,0,0,Q1 2007,4,0,10.5,stock_life_cycles,2026-09-03,Q1 2007 to Q2 2026,78
MP,MP Materials Corp.,2020,2025,6,13,1,True,1,0,8,4,Q4 2020,0,5,10.5,stock_life_cycles,2026-09-03,Q1 2007 to Q2 2026,78
MNST,Monster Beverage Corp.,2024,2026,3,6,2,True,2,1,1,2,Q4 2024,1,0,10.5,stock_life_cycles,2026-09-03,Q1 2007 to Q2 2026,78
MSGE,Madison Square Garden Entertainment Corp.,2024,2026,3,10,2,True,1,1,4,4,Q3 2025,1,0,10.5,stock_life_cycles,2026-09-03,Q1 2007 to Q2 2026,78
EHC,Encompass Health Corp.,2021,2025,5,14,2,True,1,1,1,11,Q4 2021,1,-10,10.5,stock_life_cycles,2026-09-03,Q1 2007 to Q2 2026,78
AFL,AFLAC Inc.,2024,2026,3,14,2,True,0,0,7,7,,0,0,10.5,stock_life_cycles,2026-09-03,Q1 2007 to Q2 2026,78
IMVT,Immunovant Inc.,2024,2026,3,6,2,True,2,1,1,2,Q1 2024,1,0,10.5,stock_life_cycles,2026-09-03,Q1 2007 to Q2 2026,78
IWS,Ishares Russell Mid Cap Valu,2024,2026,3,4,2,True,2,1,0,1,Q4 2025,1,0,10.5,stock_life_cycles,2026-09-03,Q1 2007 to Q2 2026,78
PEG,Public Serv. Enterprise Inc.,2024,2026,3,14,2,True,2,0,5,7,Q1 2024,0,0,10.5,stock_life_cycles,2026-09-03,Q1 2007 to Q2 2026,78
ESGR-OLD,Enstar Group Ltd.,2012,2025,14,31,2,False,0,2,13,16,,2,-5,10.5,stock_life_cycles,2026-09-03,Q1 2007 to Q2 2026,78
ESGD,Ishares Trust Ishares Esg Aw,2023,2026,4,11,2,True,0,1,3,7,,1,-5,10.5,stock_life_cycles,2026-09-03,Q1 2007 to Q2 2026,78
ZION,Zions Bancorp,2025,2026,2,7,2,True,2,1,4,0,Q1 2025,1,5,10.5,stock_life_cycles,2026-09-03,Q1 2007 to Q2 2026,78
MRVI,Maravai LifeSciences Holdings Inc.,2025,2026,2,4,2,True,1,0,3,0,Q2 2025,0,4,10.4,stock_life_cycles,2026-09-03,Q1 2007 to Q2 2026,78
MTDR,Matador Resources Co.,2025,2026,2,6,2,True,1,1,4,0,Q2 2025,1,4,10.4,stock_life_cycles,2026-09-03,Q1 2007 to Q2 2026,78
REYN,Reynolds Consumer Products Inc.,2024,2026,3,7,2,True,1,1,2,3,Q3 2025,1,-1,10.4,stock_life_cycles,2026-09-03,Q1 2007 to Q2 2026,78
ODP-OLD,ODP Corp.,2016,2024,9,21,3,False,3,3,7,8,Q3 2016,3,-1,10.4,stock_life_cycles,2026-09-03,Q1 2007 to Q2 2026,78
ADTN,ADTRAN Holdings Inc.,2025,2026,2,4,2,True,1,0,3,0,Q1 2026,0,4,10.4,stock_life_cycles,2026-09-03,Q1 2007 to Q2 2026,78
SIMO,Silicon Motion Technol ADR,2025,2026,2,4,2,True,1,0,3,0,Q1 2026,0,4,10.4,stock_life_cycles,2026-09-03,Q1 2007 to Q2 2026,78
BHE,Benchmark Electronics,2025,2026,2,4,2,True,1,0,3,0,Q1 2026,0,4,10.4,stock_life_cycles,2026-09-03,Q1 2007 to Q2 2026,78
CTAS,Cintas Corp.,2025,2026,2,6,2,True,0,0,5,1,,0,4,10.4,stock_life_cycles,2026-09-03,Q1 2007 to Q2 2026,78
EQX,Equinox Gold Corp,2025,2026,2,4,2,True,2,0,2,0,Q3 2025,0,4,10.4,stock_life_cycles,2026-09-03,Q1 2007 to Q2 2026,78
MKTX,MarketAxess Holdings Inc.,2025,2026,2,4,2,True,2,0,2,0,Q3 2025,0,4,10.4,stock_life_cycles,2026-09-03,Q1 2007 to Q2 2026,78
UCTT,Ultra Clean Holdings Inc.,2025,2026,2,4,2,True,1,0,3,0,Q1 2026,0,4,10.4,stock_life_cycles,2026-09-03,Q1 2007 to Q2 2026,78
WRB,W.R. Berkley Corp.,2023,2026,4,12,2,True,1,1,2,8,Q2 2023,1,-6,10.4,stock_life_cycles,2026-09-03,Q1 2007 to Q2 2026,78
XMTR,Xometry Inc.,2025,2026,2,6,2,True,2,1,3,0,Q3 2025,1,4,10.4,stock_life_cycles,2026-09-03,Q1 2007 to Q2 2026,78
SKY,Skyline Champion Corp.,2025,2026,2,6,2,True,1,0,4,1,Q2 2025,0,4,10.4,stock_life_cycles,2026-09-03,Q1 2007 to Q2 2026,78
THG,Hanover Insurance Group,2022,2025,4,14,1,True,1,0,13,0,Q1 2022,0,14,10.4,stock_life_cycles,2026-09-03,Q1 2007 to Q2 2026,78
SRTA,Strata Critical Medical Inc.,2025,2026,2,4,2,True,1,0,3,0,Q3 2025,0,4,10.4,stock_life_cycles,2026-09-03,Q1 2007 to Q2 2026,78
IP,International Paper,2018,2025,8,24,3,False,4,4,10,6,Q1 2018,4,4,10.4,stock_life_cycles,2026-09-03,Q1 2007 to Q2 2026,78
IMO,Imperial Oil Ltd.,2024,2026,3,3,2,True,1,0,0,2,Q1 2024,0,-1,10.4,stock_life_cycles,2026-09-03,Q1 2007 to Q2 2026,78
AERO,Grupo Aeromexico Sab De Cv,2025,2026,2,4,2,True,2,0,2,0,Q4 2025,0,4,10.4,stock_life_cycles,2026-09-03,Q1 2007 to Q2 2026,78
PRA-OLD,ProAssurance Corp.,2020,2026,7,13,1,True,1,0,5,7,Q4 2020,0,-1,10.4,stock_life_cycles,2026-09-03,Q1 2007 to Q2 2026,78
CRC,California Resources Corp.,2024,2026,3,5,2,True,2,1,0,2,Q3 2024,1,-1,10.4,stock_life_cycles,2026-09-03,Q1 2007 to Q2 2026,78
TRGP,Targa Resources Corp.,2025,2026,2,6,2,True,2,0,3,1,Q1 2025,0,4,10.4,stock_life_cycles,2026-09-03,Q1 2007 to Q2 2026,78
HCI,HCI Group Inc.,2025,2026,2,8,2,True,2,0,4,2,Q1 2025,0,4,10.4,stock_life_cycles,2026-09-03,Q1 2007 to Q2 2026,78
DBRG,DigitalBridge Group Inc.,2016,2025,10,34,3,False,4,4,10,16,Q3 2016,4,-6,10.4,stock_life_cycles,2026-09-03,Q1 2007 to Q2 2026,78
JBI,Janus International Group In,2025,2026,2,4,2,True,1,0,3,0,Q1 2026,0,4,10.4,stock_life_cycles,2026-09-03,Q1 2007 to Q2 2026,78
NRP,Natural Resource Partners,2024,2026,3,7,2,True,2,1,1,3,Q2 2024,1,-1,10.4,stock_life_cycles,2026-09-03,Q1 2007 to Q2 2026,78
ARLO,Arlo Technologies Inc.,2025,2026,2,5,2,True,3,1,1,0,Q2 2025,1,3,10.3,stock_life_cycles,2026-09-03,Q1 2007 to Q2 2026,78
ALAB,Astera Labs Inc,2024,2026,3,4,2,True,1,1,0,2,Q1 2024,1,-2,10.3,stock_life_cycles,2026-09-03,Q1 2007 to Q2 2026,78
PCVX,Vaxcyte Inc.,2025,2026,2,5,2,True,1,0,3,1,Q1 2026,0,3,10.3,stock_life_cycles,2026-09-03,Q1 2007 to Q2 2026,78
CPRX-OLD,Catalyst Pharmaceuticals Inc.,2025,2026,2,5,2,True,2,0,2,1,Q1 2025,0,3,10.3,stock_life_cycles,2026-09-03,Q1 2007 to Q2 2026,78
XLF,Financial Select Sector SPDR,2024,2026,3,6,2,True,1,1,1,3,Q4 2025,1,-2,10.3,stock_life_cycles,2026-09-03,Q1 2007 to Q2 2026,78
CORZ,Core Scientific Inc,2025,2026,2,5,2,True,2,1,2,0,Q3 2025,1,3,10.3,stock_life_cycles,2026-09-03,Q1 2007 to Q2 2026,78
AMTM,Amentum Holdings Inc.,2024,2026,3,8,2,True,2,0,1,5,Q3 2024,0,-2,10.3,stock_life_cycles,2026-09-03,Q1 2007 to Q2 2026,78
CON,Concentra Group Holdings Par,2025,2026,2,3,2,True,1,0,2,0,Q1 2026,0,3,10.3,stock_life_cycles,2026-09-03,Q1 2007 to Q2 2026,78
MAN,ManpowerGroup,2024,2026,3,4,2,True,1,1,0,2,Q1 2026,1,-2,10.3,stock_life_cycles,2026-09-03,Q1 2007 to Q2 2026,78
SG,Sweetgreen Inc   Class A,2021,2025,5,12,4,False,2,4,3,3,Q4 2021,4,-2,10.3,stock_life_cycles,2026-09-03,Q1 2007 to Q2 2026,78
VBIL,Vanguard 0 3m T Bill ETF,2025,2026,2,5,2,True,2,0,2,1,Q3 2025,0,3,10.3,stock_life_cycles,2026-09-03,Q1 2007 to Q2 2026,78
ROG,Rogers Corp.,2025,2026,2,5,2,True,1,0,3,1,Q3 2025,0,3,10.3,stock_life_cycles,2026-09-03,Q1 2007 to Q2 2026,78
BTG,B2Gold Corp.,2024,2026,3,6,2,True,1,0,1,4,Q2 2024,0,-2,10.3,stock_life_cycles,2026-09-03,Q1 2007 to Q2 2026,78
HNGE,Hinge Health Inc A,2025,2026,2,5,2,True,1,1,3,0,Q2 2025,1,3,10.3,stock_life_cycles,2026-09-03,Q1 2007 to Q2 2026,78
DSGX,Descartes Systems Group,2017,2026,10,17,3,False,2,4,3,8,Q3 2019,4,-7,10.3,stock_life_cycles,2026-09-03,Q1 2007 to Q2 2026,78
GWW,W.W. Grainger Inc.,2025,2026,2,3,2,True,2,0,1,0,Q3 2025,0,3,10.3,stock_life_cycles,2026-09-03,Q1 2007 to Q2 2026,78
CECO,CECO Environmental Corp.,2025,2026,2,6,2,True,1,0,3,2,Q2 2025,0,2,10.2,stock_life_cycles,2026-09-03,Q1 2007 to Q2 2026,78
HLX,Helix Energy Solutions,2025,2026,2,4,2,True,1,0,2,1,Q1 2026,0,2,10.2,stock_life_cycles,2026-09-03,Q1 2007 to Q2 2026,78
AS,Amer Sports Inc,2025,2026,2,8,2,True,2,1,3,2,Q1 2025,1,2,10.2,stock_life_cycles,2026-09-03,Q1 2007 to Q2 2026,78
NATL,NCR Atleos Corp.,2023,2026,4,12,2,True,1,1,1,9,Q4 2023,1,-8,10.2,stock_life_cycles,2026-09-03,Q1 2007 to Q2 2026,78
CLW,Clearwater Paper Corp.,2025,2026,2,6,2,True,1,1,3,1,Q2 2025,1,2,10.2,stock_life_cycles,2026-09-03,Q1 2007 to Q2 2026,78
LAUR,Laureate Education Inc.,2024,2026,3,11,2,True,1,1,3,6,Q2 2025,1,-3,10.2,stock_life_cycles,2026-09-03,Q1 2007 to Q2 2026,78
ENS,EnerSys,2024,2026,3,5,2,True,1,1,0,3,Q1 2026,1,-3,10.2,stock_life_cycles,2026-09-03,Q1 2007 to Q2 2026,78
KTB,Kontoor Brands Inc.,2025,2026,2,4,2,True,1,1,2,0,Q1 2026,1,2,10.2,stock_life_cycles,2026-09-03,Q1 2007 to Q2 2026,78
PONY,Pony Ai Inc,2024,2025,2,4,2,True,2,1,1,0,Q4 2024,1,2,10.2,stock_life_cycles,2026-09-03,Q1 2007 to Q2 2026,78
CIT,CIT Group,2010,2022,13,13,2,False,2,2,3,6,Q1 2010,2,-3,10.2,stock_life_cycles,2026-09-03,Q1 2007 to Q2 2026,78
PLGO,Pelagos Insurance Capital,2023,2026,4,12,1,True,1,0,11,0,Q2 2023,0,12,10.2,stock_life_cycles,2026-09-03,Q1 2007 to Q2 2026,78
HOG,Harley-Davidson,2025,2026,2,2,2,True,2,0,0,0,Q2 2025,0,2,10.2,stock_life_cycles,2026-09-03,Q1 2007 to Q2 2026,78
SBSI,Southside Bancshares Inc.,2019,2025,7,9,1,True,0,0,3,6,,0,-3,10.2,stock_life_cycles,2026-09-03,Q1 2007 to Q2 2026,78
ESTA,Establishment Labs Hldg Inc.,2025,2026,2,4,2,True,2,1,1,0,Q2 2025,1,2,10.2,stock_life_cycles,2026-09-03,Q1 2007 to Q2 2026,78
WTFC,Wintrust Financial Corp.,2025,2026,2,8,2,True,1,1,4,2,Q1 2025,1,2,10.2,stock_life_cycles,2026-09-03,Q1 2007 to Q2 2026,78
Q,Qnity Electronics Inc.,2025,2026,2,4,2,True,2,0,1,1,Q4 2025,0,2,10.2,stock_life_cycles,2026-09-03,Q1 2007 to Q2 2026,78
CHEF,Chefs' Warehouse,2025,2026,2,4,2,True,1,1,2,0,Q3 2025,1,2,10.2,stock_life_cycles,2026-09-03,Q1 2007 to Q2 2026,78
FUL,H.B. Fuller Co.,2025,2026,2,6,2,True,1,0,3,2,Q1 2026,0,2,10.2,stock_life_cycles,2026-09-03,Q1 2007 to Q2 2026,78
RCL,Royal Caribbean Cruises Ltd.,2024,2026,3,7,2,True,2,2,0,3,Q3 2025,2,-3,10.2,stock_life_cycles,2026-09-03,Q1 2007 to Q2 2026,78
FLYW,Flywire Corp Voting,2025,2026,2,4,2,True,0,1,3,0,,1,2,10.2,stock_life_cycles,2026-09-03,Q1 2007 to Q2 2026,78
LMND,Lemonade Inc.,2025,2026,2,4,2,True,1,0,2,1,Q1 2026,0,2,10.2,stock_life_cycles,2026-09-03,Q1 2007 to Q2 2026,78
DCI,Donaldson Co.,2023,2026,4,14,2,True,0,0,3,11,,0,-8,10.2,stock_life_cycles,2026-09-03,Q1 2007 to Q2 2026,78
ATAT,Atour Lifestyle Holdings ADR,2024,2025,2,6,2,True,2,1,2,1,Q4 2024,1,2,10.2,stock_life_cycles,2026-09-03,Q1 2007 to Q2 2026,78
MATX,Matson Inc.,2012,2024,13,7,2,False,1,2,1,3,Q3 2012,2,-3,10.2,stock_life_cycles,2026-09-03,Q1 2007 to Q2 2026,78
COYA,Coya Therapeutics Inc,2022,2026,5,7,1,True,1,0,6,0,Q4 2022,0,7,10.2,stock_life_cycles,2026-09-03,Q1 2007 to Q2 2026,78
KRMN,Karman Holdings Inc,2025,2026,2,4,2,True,2,1,1,0,Q1 2025,1,2,10.2,stock_life_cycles,2026-09-03,Q1 2007 to Q2 2026,78
KRC,Kilroy Realty Corp.,2021,2022,2,4,2,True,1,1,2,0,Q2 2021,1,2,10.2,stock_life_cycles,2026-09-03,Q1 2007 to Q2 2026,78
EWT,Ishares Msci Taiwan ETF,2025,2026,2,4,2,True,2,0,1,1,Q3 2025,0,2,10.2,stock_life_cycles,2026-09-03,Q1 2007 to Q2 2026,78
LOCO,El Pollo Loco Holdings Inc.,2025,2026,2,4,2,True,1,0,2,1,Q1 2026,0,2,10.2,stock_life_cycles,2026-09-03,Q1 2007 to Q2 2026,78
BLMN,Bloomin Brands Inc.,2025,2026,2,4,2,True,1,1,2,0,Q1 2026,1,2,10.2,stock_life_cycles,2026-09-03,Q1 2007 to Q2 2026,78
SION,Sionna Therapeutics Inc,2025,2026,2,4,2,True,1,0,2,1,Q1 2025,0,2,10.2,stock_life_cycles,2026-09-03,Q1 2007 to Q2 2026,78
GFI,Gold Fields Ltd.,2025,2026,2,6,2,True,1,0,3,2,Q2 2025,0,2,10.2,stock_life_cycles,2026-09-03,Q1 2007 to Q2 2026,78
THR-OLD,Thermon Group Holdings Inc.,2025,2026,2,4,2,True,1,0,2,1,Q1 2026,0,2,10.2,stock_life_cycles,2026-09-03,Q1 2007 to Q2 2026,78
AUROW,Aurora Innovation Inc. WTS,2021,2022,2,5,2,True,2,1,1,1,Q2 2021,1,1,10.1,stock_life_cycles,2026-09-03,Q1 2007 to Q2 2026,78
UMBF,UMB Financial Corp.,2019,2025,7,14,1,True,0,0,5,9,,0,-4,10.1,stock_life_cycles,2026-09-03,Q1 2007 to Q2 2026,78
SM,SM Energy Co.,2025,2026,2,3,2,True,1,1,1,0,Q1 2026,1,1,10.1,stock_life_cycles,2026-09-03,Q1 2007 to Q2 2026,78
MAMA,Mama's Creations Inc,2025,2026,2,5,2,True,1,0,2,2,Q4 2025,0,1,10.1,stock_life_cycles,2026-09-03,Q1 2007 to Q2 2026,78
D,Dominion Energy Inc.,2024,2026,3,8,2,True,0,1,2,5,,1,-4,10.1,stock_life_cycles,2026-09-03,Q1 2007 to Q2 2026,78
UTI,Universal Technical Institute,2025,2026,2,5,2,True,0,1,3,1,,1,1,10.1,stock_life_cycles,2026-09-03,Q1 2007 to Q2 2026,78
SEI,Solaris Energy Infrastructure Inc.,2024,2026,3,8,2,True,1,0,1,6,Q4 2025,0,-4,10.1,stock_life_cycles,2026-09-03,Q1 2007 to Q2 2026,78
BIRK,Birkenstock Holding Plc,2023,2025,3,10,2,True,3,2,0,5,Q4 2023,2,-4,10.1,stock_life_cycles,2026-09-03,Q1 2007 to Q2 2026,78
COMP,Compass Inc.,2025,2026,2,3,2,True,2,0,0,1,Q4 2025,0,1,10.1,stock_life_cycles,2026-09-03,Q1 2007 to Q2 2026,78
SSD,Simpson Manufacturing,2024,2026,3,12,2,True,1,0,3,8,Q2 2025,0,-4,10.1,stock_life_cycles,2026-09-03,Q1 2007 to Q2 2026,78
NSSC,Napco Security Technologies Inc.,2025,2026,2,5,2,True,2,1,1,1,Q2 2025,1,1,10.1,stock_life_cycles,2026-09-03,Q1 2007 to Q2 2026,78
RIOT,Riot Blockchain Inc.,2025,2026,2,3,2,True,2,1,0,0,Q4 2025,1,1,10.1,stock_life_cycles,2026-09-03,Q1 2007 to Q2 2026,78
PENG,Penguin Solutions Inc.,2025,2026,2,3,2,True,1,1,1,0,Q1 2026,1,1,10.1,stock_life_cycles,2026-09-03,Q1 2007 to Q2 2026,78
ALIT,Alight Inc.,2021,2025,5,14,4,False,3,4,2,5,Q3 2021,4,-4,10.1,stock_life_cycles,2026-09-03,Q1 2007 to Q2 2026,78
SNDK,SanDisk Corp.,2025,2026,2,3,2,True,2,0,0,1,Q4 2025,0,1,10.1,stock_life_cycles,2026-09-03,Q1 2007 to Q2 2026,78
TPG,Tpg Inc,2025,2026,2,7,2,True,2,1,2,2,Q1 2025,1,1,10.1,stock_life_cycles,2026-09-03,Q1 2007 to Q2 2026,78
URBN,Urban Outfitters Inc.,2025,2026,2,3,2,True,1,1,1,0,Q4 2025,1,1,10.1,stock_life_cycles,2026-09-03,Q1 2007 to Q2 2026,78
AZZ,AZZ Inc.,2024,2026,3,8,2,True,1,0,1,6,Q1 2026,0,-4,10.1,stock_life_cycles,2026-09-03,Q1 2007 to Q2 2026,78
CIB,Grupo Cibest SA ADR,2025,2026,2,3,2,True,2,1,0,0,Q2 2025,1,1,10.1,stock_life_cycles,2026-09-03,Q1 2007 to Q2 2026,78
PNTG,Pennant Group Inc.,2025,2026,2,5,2,True,1,1,2,1,Q2 2025,1,1,10.1,stock_life_cycles,2026-09-03,Q1 2007 to Q2 2026,78
IDA,IDACORP Inc. Hldg. Co.,2025,2026,2,5,2,True,1,0,2,2,Q2 2025,0,1,10.1,stock_life_cycles,2026-09-03,Q1 2007 to Q2 2026,78
TALO,Talos Energy Inc.,2024,2026,3,8,2,True,1,0,1,6,Q1 2026,0,-4,10.1,stock_life_cycles,2026-09-03,Q1 2007 to Q2 2026,78
HWM,Howmet Aerospace Inc.,2020,2025,6,17,4,False,4,5,0,8,Q2 2020,5,-9,10.1,stock_life_cycles,2026-09-03,Q1 2007 to Q2 2026,78
RFP-OLD,Resolute Forest Products,2012,2023,12,23,2,False,0,2,12,9,,2,1,10.1,stock_life_cycles,2026-09-03,Q1 2007 to Q2 2026,78
WINA,Winmark Corp.,2025,2026,2,5,2,True,1,0,2,2,Q4 2025,0,1,10.1,stock_life_cycles,2026-09-03,Q1 2007 to Q2 2026,78
RXO,Rxo Inc,2024,2025,2,4,2,True,0,1,2,1,,1,0,10.0,stock_life_cycles,2026-09-03,Q1 2007 to Q2 2026,78
VECO,Veeco Instruments,2025,2026,2,4,2,True,1,0,1,2,Q1 2026,0,0,10.0,stock_life_cycles,2026-09-03,Q1 2007 to Q2 2026,78
KNSL,Kinsale Capital Group Inc.,2023,2026,4,10,1,True,1,0,9,0,Q3 2023,0,10,10.0,stock_life_cycles,2026-09-03,Q1 2007 to Q2 2026,78
KARO,Karooooo Ltd,2025,2026,2,6,2,True,1,1,2,2,Q4 2025,1,0,10.0,stock_life_cycles,2026-09-03,Q1 2007 to Q2 2026,78
DNA,Ginkgo Bioworks Holdings Inc.,2021,2022,2,4,2,True,2,2,0,0,Q2 2021,2,0,10.0,stock_life_cycles,2026-09-03,Q1 2007 to Q2 2026,78
BRCC,BRC Inc.,2021,2025,5,9,1,True,1,0,6,2,Q4 2021,0,5,10.0,stock_life_cycles,2026-09-03,Q1 2007 to Q2 2026,78
AIT,Applied Industrial Tech.,2025,2026,2,2,2,True,1,1,0,0,Q1 2026,1,0,10.0,stock_life_cycles,2026-09-03,Q1 2007 to Q2 2026,78
CET,Central Securities Corp.,2020,2025,6,2,1,True,1,0,0,1,Q1 2020,0,0,10.0,stock_life_cycles,2026-09-03,Q1 2007 to Q2 2026,78
OLLI,Ollie's Bargain Outlet Hldgs,2019,2026,8,8,3,False,2,3,2,1,Q3 2019,3,0,10.0,stock_life_cycles,2026-09-03,Q1 2007 to Q2 2026,78
PII,Polaris Inc.,2025,2026,2,6,2,True,1,0,2,3,Q1 2026,0,0,10.0,stock_life_cycles,2026-09-03,Q1 2007 to Q2 2026,78
VPG,Vishay Precision Group,2025,2026,2,4,2,True,1,0,1,2,Q1 2026,0,0,10.0,stock_life_cycles,2026-09-03,Q1 2007 to Q2 2026,78
COTY,Coty Inc.,2025,2026,2,2,2,True,1,1,0,0,Q1 2026,1,0,10.0,stock_life_cycles,2026-09-03,Q1 2007 to Q2 2026,78
AAON,AAON Inc.,2025,2026,2,2,2,True,1,1,0,0,Q1 2026,1,0,10.0,stock_life_cycles,2026-09-03,Q1 2007 to Q2 2026,78
GHM,Graham Corp.,2025,2026,2,4,2,True,1,0,1,2,Q4 2025,0,0,10.0,stock_life_cycles,2026-09-03,Q1 2007 to Q2 2026,78
TIC,Acuren Corporation,2025,2026,2,4,2,True,1,1,1,1,Q1 2025,1,0,10.0,stock_life_cycles,2026-09-03,Q1 2007 to Q2 2026,78
SUPN,Supernus Pharmaceuticals,2022,2026,5,7,1,True,1,0,5,1,Q2 2022,0,5,10.0,stock_life_cycles,2026-09-03,Q1 2007 to Q2 2026,78
RMBS,Rambus Inc.,2025,2026,2,2,2,True,1,1,0,0,Q1 2026,1,0,10.0,stock_life_cycles,2026-09-03,Q1 2007 to Q2 2026,78
GLNG,Golar LNG Ltd.,2025,2026,2,4,2,True,0,1,2,1,,1,0,10.0,stock_life_cycles,2026-09-03,Q1 2007 to Q2 2026,78
ADMA,ADMA Biologics Inc.,2025,2026,2,4,2,True,2,1,0,1,Q2 2025,1,0,10.0,stock_life_cycles,2026-09-03,Q1 2007 to Q2 2026,78
NTNX,Nutanix Inc.,2025,2026,2,5,2,True,2,1,0,2,Q2 2025,1,-1,9.9,stock_life_cycles,2026-09-03,Q1 2007 to Q2 2026,78
KMB,Kimberly-Clark,2025,2026,2,5,2,True,1,0,1,3,Q1 2026,0,-1,9.9,stock_life_cycles,2026-09-03,Q1 2007 to Q2 2026,78
NOAH,Noah Holdings Ltd,2023,2025,3,8,2,True,0,1,1,6,,1,-6,9.9,stock_life_cycles,2026-09-03,Q1 2007 to Q2 2026,78
WPM,Wheaton Precious Metals Corp.,2025,2026,2,3,2,True,1,0,0,2,Q1 2026,0,-1,9.9,stock_life_cycles,2026-09-03,Q1 2007 to Q2 2026,78
QQQM,Invesco Nasdaq 100 ETF,2025,2026,2,5,2,True,2,0,0,3,Q1 2025,0,-1,9.9,stock_life_cycles,2026-09-03,Q1 2007 to Q2 2026,78
ATRO,Astronics Corp.,2025,2026,2,7,2,True,1,0,2,4,Q2 2025,0,-1,9.9,stock_life_cycles,2026-09-03,Q1 2007 to Q2 2026,78
AWK,American Water Works Inc.,2025,2026,2,7,2,True,0,0,3,4,,0,-1,9.9,stock_life_cycles,2026-09-03,Q1 2007 to Q2 2026,78
ALNY,Alnylam Pharmaceuticals,2024,2026,3,8,2,True,1,1,0,6,Q3 2025,1,-6,9.9,stock_life_cycles,2026-09-03,Q1 2007 to Q2 2026,78
FRPH,FRP Holdings Inc.,2020,2026,7,12,1,True,0,0,3,9,,0,-6,9.9,stock_life_cycles,2026-09-03,Q1 2007 to Q2 2026,78
AXGN,AxoGen Inc.,2025,2026,2,5,2,True,0,0,2,3,,0,-1,9.9,stock_life_cycles,2026-09-03,Q1 2007 to Q2 2026,78
ASB,Associated Banc-Corp,2024,2026,3,12,2,True,0,0,3,9,,0,-6,9.9,stock_life_cycles,2026-09-03,Q1 2007 to Q2 2026,78
ZGN,Ermenegildo Zegna Nv,2025,2026,2,5,2,True,2,1,0,2,Q3 2025,1,-1,9.9,stock_life_cycles,2026-09-03,Q1 2007 to Q2 2026,78
ECPG,Encore Capital Group Inc.,2022,2026,5,6,1,True,1,0,4,1,Q4 2022,0,4,9.9,stock_life_cycles,2026-09-03,Q1 2007 to Q2 2026,78
BKH,Black Hills,2025,2026,2,7,2,True,0,0,3,4,,0,-1,9.9,stock_life_cycles,2026-09-03,Q1 2007 to Q2 2026,78
SRCL-OLD,Stericycle Inc.,2017,2024,8,11,3,False,1,3,4,3,Q3 2017,3,-1,9.9,stock_life_cycles,2026-09-03,Q1 2007 to Q2 2026,78
ALG,Alamo Group Inc.,2021,2026,6,5,1,True,0,0,2,3,,0,-1,9.9,stock_life_cycles,2026-09-03,Q1 2007 to Q2 2026,78
PLXS,Plexus Corp.,2025,2026,2,4,2,True,1,0,0,3,Q1 2026,0,-2,9.8,stock_life_cycles,2026-09-03,Q1 2007 to Q2 2026,78
PH,Parker-Hannifin,2024,2025,2,4,2,True,1,1,0,2,Q2 2025,1,-2,9.8,stock_life_cycles,2026-09-03,Q1 2007 to Q2 2026,78
PAAS,Pan American Silver Corp.,2025,2026,2,4,2,True,1,1,0,2,Q1 2026,1,-2,9.8,stock_life_cycles,2026-09-03,Q1 2007 to Q2 2026,78
FBAK,First National Bank Alaska,2020,2025,6,4,1,True,0,0,1,3,,0,-2,9.8,stock_life_cycles,2026-09-03,Q1 2007 to Q2 2026,78
CZOOF,Cazoo Group Ltd,2021,2024,4,12,4,False,4,4,1,3,Q1 2021,4,-2,9.8,stock_life_cycles,2026-09-03,Q1 2007 to Q2 2026,78
CRMT,America's Car Mart Inc.,2022,2026,5,15,1,True,1,0,8,6,Q2 2022,0,3,9.8,stock_life_cycles,2026-09-03,Q1 2007 to Q2 2026,78
BWA,BorgWarner Inc.,2024,2026,3,11,2,True,0,0,2,9,,0,-7,9.8,stock_life_cycles,2026-09-03,Q1 2007 to Q2 2026,78
SWIM,Latham Group Inc,2025,2026,2,6,2,True,1,1,1,3,Q3 2025,1,-2,9.8,stock_life_cycles,2026-09-03,Q1 2007 to Q2 2026,78
GLOB,Globant S.A.,2025,2026,2,4,2,True,1,1,0,2,Q1 2026,1,-2,9.8,stock_life_cycles,2026-09-03,Q1 2007 to Q2 2026,78
TNC,Tennant Co.,2025,2026,2,6,2,True,1,0,1,4,Q1 2026,0,-2,9.8,stock_life_cycles,2026-09-03,Q1 2007 to Q2 2026,78
CVT,Cvent Holding Corp.,2020,2023,4,8,4,False,2,4,1,1,Q4 2020,4,-2,9.8,stock_life_cycles,2026-09-03,Q1 2007 to Q2 2026,78
TTD,Trade Desk Inc.,2018,2025,8,10,3,False,3,3,1,3,Q2 2018,3,-2,9.8,stock_life_cycles,2026-09-03,Q1 2007 to Q2 2026,78
MMYT,MakeMyTrip Ltd,2024,2026,3,13,2,True,1,1,2,9,Q2 2025,1,-7,9.8,stock_life_cycles,2026-09-03,Q1 2007 to Q2 2026,78
BMI,Badger Meter Inc.,2025,2026,2,6,2,True,1,0,1,4,Q1 2026,0,-2,9.8,stock_life_cycles,2026-09-03,Q1 2007 to Q2 2026,78
NTSK,Netskope Inc Cl A,2025,2025,1,2,2,True,2,0,0,0,Q3 2025,0,2,9.7,stock_life_cycles,2026-09-03,Q1 2007 to Q2 2026,78
HCSG,Healthcare Services Group,2020,2026,7,14,3,False,0,2,8,4,,2,2,9.7,stock_life_cycles,2026-09-03,Q1 2007 to Q2 2026,78
PB,Prosperity Bancshares Inc.,2020,2024,5,4,1,True,0,0,3,1,,0,2,9.7,stock_life_cycles,2026-09-03,Q1 2007 to Q2 2026,78
K-OLD,Kellanova,2022,2025,4,17,4,False,1,4,6,6,Q1 2024,4,-3,9.7,stock_life_cycles,2026-09-03,Q1 2007 to Q2 2026,78
PFGC,Performance Food Group,2026,2026,1,2,2,True,1,0,1,0,Q1 2026,0,2,9.7,stock_life_cycles,2026-09-03,Q1 2007 to Q2 2026,78
AGI,Alamos Gold Inc.,2025,2026,2,3,2,True,0,1,0,2,,1,-3,9.7,stock_life_cycles,2026-09-03,Q1 2007 to Q2 2026,78
ITUB,ita Unibanco Holding S.A.,2022,2026,5,16,1,True,1,1,8,6,Q1 2025,1,2,9.7,stock_life_cycles,2026-09-03,Q1 2007 to Q2 2026,78
CMCSK-OLD,Comcast Corp. CL A Spl,2010,2014,5,14,4,False,2,4,1,7,Q1 2010,4,-8,9.7,stock_life_cycles,2026-09-03,Q1 2007 to Q2 2026,78
TCHP,T Rowe Price Blue Chip Growth ETF,2023,2026,4,11,1,True,0,0,9,2,,0,7,9.7,stock_life_cycles,2026-09-03,Q1 2007 to Q2 2026,78
DXCM,DexCom Inc.,2019,2025,7,12,3,False,4,3,3,2,Q4 2019,3,2,9.7,stock_life_cycles,2026-09-03,Q1 2007 to Q2 2026,78
AMCR,Amcor plc,2025,2026,2,5,2,True,1,1,0,3,Q2 2025,1,-3,9.7,stock_life_cycles,2026-09-03,Q1 2007 to Q2 2026,78
WT,WisdomTree Investments,2026,2026,1,2,2,True,2,0,0,0,Q1 2026,0,2,9.7,stock_life_cycles,2026-09-03,Q1 2007 to Q2 2026,78
MITK,Mitek Systems Inc.,2026,2026,1,2,2,True,2,0,0,0,Q1 2026,0,2,9.7,stock_life_cycles,2026-09-03,Q1 2007 to Q2 2026,78
LKFT,Lakefront Biotherapeutics,2021,2025,5,12,1,True,1,0,6,5,Q4 2021,0,2,9.7,stock_life_cycles,2026-09-03,Q1 2007 to Q2 2026,78
AAOI,Applied Optoelectronics Inc,2026,2026,1,2,2,True,2,0,0,0,Q1 2026,0,2,9.7,stock_life_cycles,2026-09-03,Q1 2007 to Q2 2026,78
ESI,Element Solutions Inc.,2026,2026,1,2,2,True,2,0,0,0,Q1 2026,0,2,9.7,stock_life_cycles,2026-09-03,Q1 2007 to Q2 2026,78
GMED,Globus Medical Inc.,2026,2026,1,2,2,True,2,0,0,0,Q1 2026,0,2,9.7,stock_life_cycles,2026-09-03,Q1 2007 to Q2 2026,78
BAC.WS.A,Bank of America WTS A,2015,2019,5,12,4,False,1,4,1,6,Q3 2015,4,-8,9.7,stock_life_cycles,2026-09-03,Q1 2007 to Q2 2026,78
VGT,Vanguard Info Tech ETF,2026,2026,1,2,2,True,2,0,0,0,Q1 2026,0,2,9.7,stock_life_cycles,2026-09-03,Q1 2007 to Q2 2026,78
CWK,Cushman & Wakefield Ltd,2024,2026,3,11,2,True,0,1,1,9,,1,-9,9.6,stock_life_cycles,2026-09-03,Q1 2007 to Q2 2026,78
NTCT,NetScout Systems,2016,2026,11,7,2,False,1,1,3,2,Q4 2016,1,1,9.6,stock_life_cycles,2026-09-03,Q1 2007 to Q2 2026,78
CC,Chemours Co.,2015,2023,9,25,3,False,3,4,5,13,Q3 2015,4,-9,9.6,stock_life_cycles,2026-09-03,Q1 2007 to Q2 2026,78
WYNN,Wynn Resorts Ltd.,2019,2026,8,14,3,False,3,5,2,4,Q1 2022,5,-4,9.6,stock_life_cycles,2026-09-03,Q1 2007 to Q2 2026,78
NLY,Annaly Capital Management Inc.,2012,2023,12,26,2,False,0,2,11,13,,2,-4,9.6,stock_life_cycles,2026-09-03,Q1 2007 to Q2 2026,78
Y-OLD,Alleghany Corp.,2020,2022,3,21,4,False,2,4,9,6,Q1 2020,4,1,9.6,stock_life_cycles,2026-09-03,Q1 2007 to Q2 2026,78
HES-OLD,Hess Corp.,2018,2025,8,9,3,False,1,3,1,4,Q2 2024,3,-5,9.5,stock_life_cycles,2026-09-03,Q1 2007 to Q2 2026,78
BOOT,Boot Barn Holdings,2020,2026,7,8,3,False,2,3,2,1,Q2 2020,3,0,9.5,stock_life_cycles,2026-09-03,Q1 2007 to Q2 2026,78
GLIBA,GCI Liberty Inc.,2020,2026,7,8,3,False,3,3,1,1,Q1 2020,3,0,9.5,stock_life_cycles,2026-09-03,Q1 2007 to Q2 2026,78
DHT,DHT Holdings Inc.,2023,2026,4,9,1,True,1,0,6,2,Q3 2023,0,5,9.5,stock_life_cycles,2026-09-03,Q1 2007 to Q2 2026,78
DINT,Davis Select International,2023,2026,4,6,1,True,0,0,5,1,,0,4,9.4,stock_life_cycles,2026-09-03,Q1 2007 to Q2 2026,78
GPRO,GoPro Inc.,2021,2025,5,9,1,True,1,0,3,5,Q1 2021,0,-1,9.4,stock_life_cycles,2026-09-03,Q1 2007 to Q2 2026,78
MPWR,Monolithic Power Systems,2023,2026,4,12,1,True,0,0,8,4,,0,4,9.4,stock_life_cycles,2026-09-03,Q1 2007 to Q2 2026,78
SPLS,Staples Inc.,2007,2017,11,3,2,False,1,2,0,0,Q4 2016,2,-1,9.4,stock_life_cycles,2026-09-03,Q1 2007 to Q2 2026,78
BAYRY,Bayer Ag Sponsored ADR,2023,2026,4,10,1,True,1,0,6,3,Q4 2023,0,4,9.4,stock_life_cycles,2026-09-03,Q1 2007 to Q2 2026,78
VV,Vanguard Large Cap ETF,2024,2025,2,8,2,True,0,0,1,7,,0,-6,9.4,stock_life_cycles,2026-09-03,Q1 2007 to Q2 2026,78
BKS,Barnes & Noble,2008,2017,10,10,2,False,1,2,6,1,Q1 2014,2,4,9.4,stock_life_cycles,2026-09-03,Q1 2007 to Q2 2026,78
TPR,Tapestry Inc.,2020,2026,7,13,3,False,5,5,1,2,Q1 2020,5,-1,9.4,stock_life_cycles,2026-09-03,Q1 2007 to Q2 2026,78
BKI-OLD,Black Knight Inc.,2021,2023,3,11,4,False,3,5,2,1,Q4 2022,5,-1,9.4,stock_life_cycles,2026-09-03,Q1 2007 to Q2 2026,78
COLL,Collegium Pharmaceutical Inc.,2023,2026,4,6,1,True,1,0,4,1,Q4 2023,0,4,9.4,stock_life_cycles,2026-09-03,Q1 2007 to Q2 2026,78
CARG,CarGurus Inc.,2019,2025,7,5,3,False,1,3,1,0,Q3 2019,3,-1,9.4,stock_life_cycles,2026-09-03,Q1 2007 to Q2 2026,78
PFSI,PennyMac Financial Services,2018,2025,8,12,3,False,2,4,1,5,Q2 2021,4,-6,9.4,stock_life_cycles,2026-09-03,Q1 2007 to Q2 2026,78
JKHY,Jack Henry & Associates Inc.,2023,2026,4,12,1,True,0,0,8,4,,0,4,9.4,stock_life_cycles,2026-09-03,Q1 2007 to Q2 2026,78
DFNL,Davis Select Financial ETF,2023,2026,4,6,1,True,0,0,5,1,,0,4,9.4,stock_life_cycles,2026-09-03,Q1 2007 to Q2 2026,78
SPIR,Spire Global Inc.,2012,2022,11,10,2,False,1,2,3,4,Q3 2021,2,-2,9.3,stock_life_cycles,2026-09-03,Q1 2007 to Q2 2026,78
TTAN,Servicetitan Inc A,2024,2026,3,10,4,False,3,4,1,2,Q4 2024,4,-2,9.3,stock_life_cycles,2026-09-03,Q1 2007 to Q2 2026,78
VGK,Vanguard FTSE Europe ETF,2021,2024,4,3,1,True,1,0,2,0,Q2 2021,0,3,9.3,stock_life_cycles,2026-09-03,Q1 2007 to Q2 2026,78
PRDO,Perdoceo Education Corp.,2022,2026,5,4,1,True,1,1,0,2,Q1 2026,1,-2,9.3,stock_life_cycles,2026-09-03,Q1 2007 to Q2 2026,78
MYL-OLD,Mylan NV,2008,2018,11,4,2,False,1,2,0,1,Q2 2008,2,-2,9.3,stock_life_cycles,2026-09-03,Q1 2007 to Q2 2026,78
ATHM,Autohome Inc.,2020,2025,6,21,3,False,1,3,11,6,Q1 2022,3,3,9.3,stock_life_cycles,2026-09-03,Q1 2007 to Q2 2026,78
REXR,Rexford Industrial Realty Inc.,2023,2026,4,9,1,True,0,0,6,3,,0,3,9.3,stock_life_cycles,2026-09-03,Q1 2007 to Q2 2026,78
TEO,Telecom Argentina S.A.,2022,2026,5,12,1,True,0,0,5,7,,0,-2,9.3,stock_life_cycles,2026-09-03,Q1 2007 to Q2 2026,78
RIVN,Rivian Automotive Inc A,2021,2023,3,8,4,False,3,4,0,1,Q4 2021,4,-2,9.3,stock_life_cycles,2026-09-03,Q1 2007 to Q2 2026,78
TPC,Tutor Perini Corp.,2022,2026,5,16,1,True,1,0,6,9,Q1 2022,0,-2,9.3,stock_life_cycles,2026-09-03,Q1 2007 to Q2 2026,78
DUSA,Davis Select Us Equity ETF,2023,2026,4,6,1,True,0,0,4,2,,0,2,9.2,stock_life_cycles,2026-09-03,Q1 2007 to Q2 2026,78
URTH,iShares MSCI World ETF,2021,2026,6,10,3,False,4,4,2,0,Q2 2021,4,2,9.2,stock_life_cycles,2026-09-03,Q1 2007 to Q2 2026,78
CVI,CVR Energy Inc.,2023,2026,4,4,1,True,0,0,3,1,,0,2,9.2,stock_life_cycles,2026-09-03,Q1 2007 to Q2 2026,78
DWLD,Davis Select Worldwide ETF,2023,2026,4,6,1,True,0,0,4,2,,0,2,9.2,stock_life_cycles,2026-09-03,Q1 2007 to Q2 2026,78
FR,First Industrial Realty Trust Inc.,2019,2026,8,24,1,True,0,0,3,21,,0,-18,9.2,stock_life_cycles,2026-09-03,Q1 2007 to Q2 2026,78
MEOH,Methanex Corp.,2022,2025,4,2,1,True,1,0,1,0,Q4 2022,0,2,9.2,stock_life_cycles,2026-09-03,Q1 2007 to Q2 2026,78
RERE,AiHuiShou International Co. Ltd. ADS,2021,2025,5,7,1,True,1,0,1,5,Q2 2021,0,-3,9.2,stock_life_cycles,2026-09-03,Q1 2007 to Q2 2026,78
HGTY,Hagerty Inc.,2021,2024,4,2,1,True,1,0,1,0,Q4 2021,0,2,9.2,stock_life_cycles,2026-09-03,Q1 2007 to Q2 2026,78
SMIN,Ishares Msci India Small Cap,2023,2026,4,10,1,True,0,0,6,4,,0,2,9.2,stock_life_cycles,2026-09-03,Q1 2007 to Q2 2026,78
VOD,Vodafone Group PLC,2014,2024,11,3,2,False,0,2,0,1,,2,-3,9.2,stock_life_cycles,2026-09-03,Q1 2007 to Q2 2026,78
ZDGE,Zedge Inc.,2019,2026,8,28,1,True,0,0,5,23,,0,-18,9.2,stock_life_cycles,2026-09-03,Q1 2007 to Q2 2026,78
SKYX,Skyx Platforms Corp,2024,2026,3,6,1,True,0,0,6,0,,0,6,9.1,stock_life_cycles,2026-09-03,Q1 2007 to Q2 2026,78
F,Ford Motor,2019,2024,6,15,3,False,3,4,5,3,Q4 2022,4,1,9.1,stock_life_cycles,2026-09-03,Q1 2007 to Q2 2026,78
GANX,Gain Therapeutics Inc.,2021,2024,4,3,1,True,1,0,1,1,Q1 2021,0,1,9.1,stock_life_cycles,2026-09-03,Q1 2007 to Q2 2026,78
NSP,Insperity Inc.,2024,2026,3,6,1,True,1,0,5,0,Q1 2024,0,6,9.1,stock_life_cycles,2026-09-03,Q1 2007 to Q2 2026,78
EWC,iShares MSCI Canada ETF,2021,2024,4,3,1,True,2,1,0,0,Q2 2021,1,1,9.1,stock_life_cycles,2026-09-03,Q1 2007 to Q2 2026,78
SPYG,SPDR Portfolio S&P  500 Growt,2023,2026,4,5,1,True,1,0,2,2,Q4 2023,0,1,9.1,stock_life_cycles,2026-09-03,Q1 2007 to Q2 2026,78
OCFC,OceanFirst Financial Corp.,2024,2026,3,6,1,True,1,0,5,0,Q4 2024,0,6,9.1,stock_life_cycles,2026-09-03,Q1 2007 to Q2 2026,78
HKHHF,Heineken Holding NV,2022,2026,5,16,1,True,0,0,6,10,,0,-4,9.1,stock_life_cycles,2026-09-03,Q1 2007 to Q2 2026,78
RFL,Rafael Holdings Inc.,2019,2026,8,27,1,True,0,0,4,23,,0,-19,9.1,stock_life_cycles,2026-09-03,Q1 2007 to Q2 2026,78
GNE,Genie Energy Ltd.,2019,2026,8,27,1,True,0,0,4,23,,0,-19,9.1,stock_life_cycles,2026-09-03,Q1 2007 to Q2 2026,78
OPEN,Opendoor Technologies Inc.,2021,2026,6,7,3,False,3,3,1,0,Q4 2021,3,1,9.1,stock_life_cycles,2026-09-03,Q1 2007 to Q2 2026,78
HOMB,Home Bancshares Inc.,2023,2026,4,3,1,True,2,1,0,0,Q3 2023,1,1,9.1,stock_life_cycles,2026-09-03,Q1 2007 to Q2 2026,78
CHCT,Community Healthcare Trust Inc.,2023,2026,4,9,1,True,0,0,5,4,,0,1,9.1,stock_life_cycles,2026-09-03,Q1 2007 to Q2 2026,78
EPP,iShares MSCI Pacific ex-Japan ETF,2021,2024,4,5,1,True,2,1,1,1,Q2 2021,1,1,9.1,stock_life_cycles,2026-09-03,Q1 2007 to Q2 2026,78
ALRM,Alarm.Com Holdings,2015,2023,9,15,2,False,2,2,8,3,Q2 2015,2,5,9.0,stock_life_cycles,2026-09-03,Q1 2007 to Q2 2026,78
BEN,Franklin Resources,2015,2024,10,10,2,False,2,2,3,3,Q4 2015,2,0,9.0,stock_life_cycles,2026-09-03,Q1 2007 to Q2 2026,78
CHRD,Chord Energy,2024,2026,3,5,1,True,1,0,4,0,Q1 2024,0,5,9.0,stock_life_cycles,2026-09-03,Q1 2007 to Q2 2026,78
CUBE,CubeSmart,2023,2026,4,4,1,True,1,1,1,1,Q4 2025,1,0,9.0,stock_life_cycles,2026-09-03,Q1 2007 to Q2 2026,78
VSS,Vanguard FTSE All Wo X Us Sc,2023,2026,4,10,1,True,0,0,5,5,,0,0,9.0,stock_life_cycles,2026-09-03,Q1 2007 to Q2 2026,78
WB,Weibo Corp.,2024,2026,3,9,1,True,1,0,6,2,Q1 2024,0,5,9.0,stock_life_cycles,2026-09-03,Q1 2007 to Q2 2026,78
CBI,Chicago Bridge & Iron Company,2013,2018,6,10,3,False,3,3,2,2,Q1 2013,3,0,9.0,stock_life_cycles,2026-09-03,Q1 2007 to Q2 2026,78
AMPY,Amplify Energy Corp.,2022,2026,5,11,1,True,0,0,3,8,,0,-5,9.0,stock_life_cycles,2026-09-03,Q1 2007 to Q2 2026,78
CABJF,Carlsberg A/S,2022,2026,5,15,1,True,0,0,5,10,,0,-5,9.0,stock_life_cycles,2026-09-03,Q1 2007 to Q2 2026,78
ALEX-OLD,Alexander & Baldwin,2010,2019,10,6,2,False,1,2,2,1,Q4 2010,2,0,9.0,stock_life_cycles,2026-09-03,Q1 2007 to Q2 2026,78
KOP,Koppers Holdings Inc.,2024,2026,3,7,1,True,0,0,6,1,,0,5,9.0,stock_life_cycles,2026-09-03,Q1 2007 to Q2 2026,78
AVB,AvalonBay Communities,2023,2026,4,10,1,True,0,0,5,5,,0,0,9.0,stock_life_cycles,2026-09-03,Q1 2007 to Q2 2026,78
SGU,Star Gas Partners LP,2020,2024,5,5,1,True,0,0,0,5,,0,-5,9.0,stock_life_cycles,2026-09-03,Q1 2007 to Q2 2026,78
SDY,SPDR S&P  Dividend ETF,2024,2026,3,9,1,True,0,0,7,2,,0,5,9.0,stock_life_cycles,2026-09-03,Q1 2007 to Q2 2026,78
OBE,Obsidian Energy Ltd,2007,2016,10,8,2,False,1,2,3,2,Q4 2013,2,0,9.0,stock_life_cycles,2026-09-03,Q1 2007 to Q2 2026,78
PRVA,Privia Health Group Inc.,2023,2025,3,5,1,True,1,0,4,0,Q2 2023,0,5,9.0,stock_life_cycles,2026-09-03,Q1 2007 to Q2 2026,78
LEGH,Legacy Housing Corp.,2022,2026,5,15,1,True,0,0,5,10,,0,-5,9.0,stock_life_cycles,2026-09-03,Q1 2007 to Q2 2026,78
TDUP,ThredUp Inc.,2021,2026,6,10,3,False,2,3,3,2,Q1 2021,3,0,9.0,stock_life_cycles,2026-09-03,Q1 2007 to Q2 2026,78
BR,Broadridge Financial Solutions,2022,2026,5,14,1,True,0,0,4,10,,0,-6,8.9,stock_life_cycles,2026-09-03,Q1 2007 to Q2 2026,78
CNA,CNA Financial Corp.,2024,2026,3,8,1,True,1,0,5,2,Q3 2024,0,4,8.9,stock_life_cycles,2026-09-03,Q1 2007 to Q2 2026,78
PCP,Precision Castparts,2012,2016,5,14,3,False,4,4,5,1,Q3 2012,4,4,8.9,stock_life_cycles,2026-09-03,Q1 2007 to Q2 2026,78
SNN,Smith & Nephew plc,2024,2026,3,6,1,True,1,0,4,1,Q4 2024,0,4,8.9,stock_life_cycles,2026-09-03,Q1 2007 to Q2 2026,78
WRK-OLD,WestRock Co.,2018,2024,7,30,3,False,3,4,9,14,Q2 2018,4,-6,8.9,stock_life_cycles,2026-09-03,Q1 2007 to Q2 2026,78
ALVO,Alvotech SA,2022,2026,5,12,1,True,1,0,2,9,Q2 2022,0,-6,8.9,stock_life_cycles,2026-09-03,Q1 2007 to Q2 2026,78
ENLC-OLD,EnLink Midstream LLC,2016,2025,10,5,2,False,2,2,0,1,Q1 2016,2,-1,8.9,stock_life_cycles,2026-09-03,Q1 2007 to Q2 2026,78
HXL,Hexcel Corp.,2018,2023,6,17,1,True,0,1,3,13,,1,-11,8.9,stock_life_cycles,2026-09-03,Q1 2007 to Q2 2026,78
BHI,Baker Hughes OLD,2013,2017,5,20,3,False,3,3,9,5,Q1 2013,3,4,8.9,stock_life_cycles,2026-09-03,Q1 2007 to Q2 2026,78
RVLV,Revolve Group Inc.,2021,2026,6,4,3,False,1,3,0,0,Q4 2025,3,-2,8.8,stock_life_cycles,2026-09-03,Q1 2007 to Q2 2026,78
LDOS,Leidos Holdings,2024,2026,3,7,1,True,0,0,5,2,,0,3,8.8,stock_life_cycles,2026-09-03,Q1 2007 to Q2 2026,78
SPYM,Ste Str SPDR Pt S&P  500 ETF,2024,2026,3,5,1,True,2,1,2,0,Q4 2024,1,3,8.8,stock_life_cycles,2026-09-03,Q1 2007 to Q2 2026,78
MBUU,Malibu Boats Inc.,2024,2026,3,7,1,True,0,0,5,2,,0,3,8.8,stock_life_cycles,2026-09-03,Q1 2007 to Q2 2026,78
BRX,Brixmor Property Group Inc.,2023,2026,4,10,1,True,0,0,4,6,,0,-2,8.8,stock_life_cycles,2026-09-03,Q1 2007 to Q2 2026,78
HELE,Helen of Troy Ltd.,2024,2026,3,7,1,True,1,0,4,2,Q3 2024,0,3,8.8,stock_life_cycles,2026-09-03,Q1 2007 to Q2 2026,78
CABO,Cable ONE Inc.,2022,2026,5,23,3,False,1,3,12,7,Q3 2025,3,3,8.8,stock_life_cycles,2026-09-03,Q1 2007 to Q2 2026,78
HVT,Haverty Furniture,2024,2026,3,7,1,True,1,0,4,2,Q3 2024,0,3,8.8,stock_life_cycles,2026-09-03,Q1 2007 to Q2 2026,78
HSBC,HSBC Holdings plc,2024,2026,3,7,1,True,0,0,5,2,,0,3,8.8,stock_life_cycles,2026-09-03,Q1 2007 to Q2 2026,78
QFIN,Qifu Technology Inc.,2024,2026,3,9,1,True,0,0,6,3,,0,3,8.8,stock_life_cycles,2026-09-03,Q1 2007 to Q2 2026,78
VISN,Vistance Networks Inc.,2016,2024,9,15,2,False,2,2,7,4,Q2 2016,2,3,8.8,stock_life_cycles,2026-09-03,Q1 2007 to Q2 2026,78
SSYS,Stratasys Ltd.,2017,2026,10,8,2,False,1,2,2,3,Q3 2017,2,-2,8.8,stock_life_cycles,2026-09-03,Q1 2007 to Q2 2026,78
IPI,Intrepid Potash Inc.,2017,2026,10,4,2,False,1,1,0,2,Q1 2017,1,-2,8.8,stock_life_cycles,2026-09-03,Q1 2007 to Q2 2026,78
ACIW,ACI Worldwide Inc.,2023,2025,3,7,1,True,0,0,5,2,,0,3,8.8,stock_life_cycles,2026-09-03,Q1 2007 to Q2 2026,78
OREX,Orexigen Therapeutics Inc.,2009,2018,10,4,2,False,1,2,0,1,Q1 2009,2,-2,8.8,stock_life_cycles,2026-09-03,Q1 2007 to Q2 2026,78
CUZ,Cousins Properties,2023,2026,4,10,1,True,0,0,4,6,,0,-2,8.8,stock_life_cycles,2026-09-03,Q1 2007 to Q2 2026,78
DVDCF,Davide Campari-Milano S.p.A.,2022,2026,5,15,1,True,0,0,4,11,,0,-7,8.8,stock_life_cycles,2026-09-03,Q1 2007 to Q2 2026,78
USNA,USANA Health Sciences,2024,2026,3,7,1,True,0,0,5,2,,0,3,8.8,stock_life_cycles,2026-09-03,Q1 2007 to Q2 2026,78
GLPI,Gaming and Leisure Properties Inc.,2024,2026,3,6,1,True,0,0,4,2,,0,2,8.7,stock_life_cycles,2026-09-03,Q1 2007 to Q2 2026,78
CBL,CBL & Associates Pptys Inc.,2023,2026,4,5,1,True,0,0,1,4,,0,-3,8.7,stock_life_cycles,2026-09-03,Q1 2007 to Q2 2026,78
ROIC-OLD,Retail Opportunity Investments Corp.,2020,2025,6,11,3,False,2,3,2,4,Q1 2020,3,-3,8.7,stock_life_cycles,2026-09-03,Q1 2007 to Q2 2026,78
NSRGF,Nestle Sa Reg,2022,2025,4,7,1,True,0,0,2,5,,0,-3,8.7,stock_life_cycles,2026-09-03,Q1 2007 to Q2 2026,78
SPYX,SPDR S&P  500 Fossil Fuel Res,2023,2026,4,9,1,True,0,0,3,6,,0,-3,8.7,stock_life_cycles,2026-09-03,Q1 2007 to Q2 2026,78
NGG,National Grid Plc Sp ADR,2024,2026,3,6,1,True,2,1,2,1,Q3 2024,1,2,8.7,stock_life_cycles,2026-09-03,Q1 2007 to Q2 2026,78
INDV,Indivior Pharmaceuticals Inc.,2024,2026,3,8,1,True,1,0,4,3,Q1 2024,0,2,8.7,stock_life_cycles,2026-09-03,Q1 2007 to Q2 2026,78
TD,Toronto-Dominion Bank,2018,2026,9,10,2,False,3,2,3,2,Q2 2018,2,2,8.7,stock_life_cycles,2026-09-03,Q1 2007 to Q2 2026,78
TBI,TrueBlue Inc.,2024,2026,3,6,1,True,0,0,4,2,,0,2,8.7,stock_life_cycles,2026-09-03,Q1 2007 to Q2 2026,78
SCS-OLD,Steelcase Inc.,2016,2025,10,11,2,False,1,2,3,5,Q4 2016,2,-3,8.7,stock_life_cycles,2026-09-03,Q1 2007 to Q2 2026,78
GOLD,Gold.com,2023,2026,4,9,1,True,2,1,1,5,Q3 2023,1,-3,8.7,stock_life_cycles,2026-09-03,Q1 2007 to Q2 2026,78
WEX,WEX Inc.,2024,2026,3,7,1,True,1,0,3,3,Q3 2024,0,1,8.6,stock_life_cycles,2026-09-03,Q1 2007 to Q2 2026,78
LI,Li Auto Inc.,2021,2025,5,11,3,False,2,3,4,2,Q1 2024,3,1,8.6,stock_life_cycles,2026-09-03,Q1 2007 to Q2 2026,78
SYM,Symbotic Inc.,2021,2026,6,6,3,False,1,3,0,2,Q1 2021,3,-4,8.6,stock_life_cycles,2026-09-03,Q1 2007 to Q2 2026,78
COV-OLD,Covidien Plc.,2007,2015,9,5,2,False,2,2,1,0,Q3 2007,2,1,8.6,stock_life_cycles,2026-09-03,Q1 2007 to Q2 2026,78
BGC,BGC Group Inc.,2024,2026,3,9,1,True,0,0,5,4,,0,1,8.6,stock_life_cycles,2026-09-03,Q1 2007 to Q2 2026,78
GLDM,SPDR Gold Minishares Trust,2024,2025,2,6,1,True,1,0,5,0,Q3 2024,0,6,8.6,stock_life_cycles,2026-09-03,Q1 2007 to Q2 2026,78
ORIC,ORIC Pharmaceuticals Inc.,2024,2026,3,5,1,True,1,0,2,2,Q1 2024,0,1,8.6,stock_life_cycles,2026-09-03,Q1 2007 to Q2 2026,78
L,Loews Corp.,2023,2026,4,10,1,True,0,0,3,7,,0,-4,8.6,stock_life_cycles,2026-09-03,Q1 2007 to Q2 2026,78
TRNO,Terreno Realty Corp.,2023,2026,4,10,1,True,0,0,3,7,,0,-4,8.6,stock_life_cycles,2026-09-03,Q1 2007 to Q2 2026,78
PSLV,Sprott Physical Silver Trust,2024,2026,3,5,1,True,0,0,3,2,,0,1,8.6,stock_life_cycles,2026-09-03,Q1 2007 to Q2 2026,78
HR,Healthcare Realty Trust Inc.,2024,2026,3,3,1,True,1,0,1,1,Q3 2024,0,1,8.6,stock_life_cycles,2026-09-03,Q1 2007 to Q2 2026,78
FULT,Fulton Financial Corp.,2022,2026,5,15,1,True,0,0,3,12,,0,-9,8.6,stock_life_cycles,2026-09-03,Q1 2007 to Q2 2026,78
VGIT,Vanguard Intermediate Term T,2022,2024,3,5,1,True,1,0,2,2,Q3 2022,0,1,8.6,stock_life_cycles,2026-09-03,Q1 2007 to Q2 2026,78
IHRT,iHeartMedia Inc.,2022,2026,5,7,3,False,3,3,1,0,Q3 2022,3,1,8.6,stock_life_cycles,2026-09-03,Q1 2007 to Q2 2026,78
GOOS,Canada Goose Holdings Inc.,2021,2025,5,23,3,False,2,3,10,8,Q3 2022,3,1,8.6,stock_life_cycles,2026-09-03,Q1 2007 to Q2 2026,78
NAV,Navistar International Corp.,2013,2021,9,13,2,False,2,3,5,3,Q1 2018,3,1,8.6,stock_life_cycles,2026-09-03,Q1 2007 to Q2 2026,78
FINV,Finvolution Group ADR,2024,2026,3,9,1,True,0,0,5,4,,0,1,8.6,stock_life_cycles,2026-09-03,Q1 2007 to Q2 2026,78
ITIC,Investors Title Co.,2023,2025,3,9,1,True,1,0,4,4,Q2 2023,0,1,8.6,stock_life_cycles,2026-09-03,Q1 2007 to Q2 2026,78
SHO,Sunstone Hotel Investors Inc.,2023,2026,4,10,1,True,0,0,3,7,,0,-4,8.6,stock_life_cycles,2026-09-03,Q1 2007 to Q2 2026,78
PLOW,Douglas Dynamics,2024,2026,3,7,1,True,0,0,4,3,,0,1,8.6,stock_life_cycles,2026-09-03,Q1 2007 to Q2 2026,78
PDRDF,Pernod Ricard,2022,2026,5,16,1,True,0,0,3,13,,0,-10,8.5,stock_life_cycles,2026-09-03,Q1 2007 to Q2 2026,78
ESRT,Empire State Realty Trust Inc.,2024,2026,3,6,1,True,0,0,3,3,,0,0,8.5,stock_life_cycles,2026-09-03,Q1 2007 to Q2 2026,78
WEC,WEC Energy Group,2025,2026,2,5,1,True,0,0,5,0,,0,5,8.5,stock_life_cycles,2026-09-03,Q1 2007 to Q2 2026,78
SCSC,ScanSource Inc.,2024,2026,3,6,1,True,0,0,3,3,,0,0,8.5,stock_life_cycles,2026-09-03,Q1 2007 to Q2 2026,78
NBIX,Neurocrine Biosciences Inc.,2024,2026,3,6,1,True,0,0,3,3,,0,0,8.5,stock_life_cycles,2026-09-03,Q1 2007 to Q2 2026,78
FLMNF,Fielmann Group Ag,2025,2026,2,5,1,True,1,0,4,0,Q1 2025,0,5,8.5,stock_life_cycles,2026-09-03,Q1 2007 to Q2 2026,78
ALKT,Alkami Technology Inc.,2021,2025,5,6,3,False,3,3,0,0,Q2 2021,3,0,8.5,stock_life_cycles,2026-09-03,Q1 2007 to Q2 2026,78
OSW,OneSpaWorld Holdings Ltd,2024,2026,3,8,1,True,0,0,4,4,,0,0,8.5,stock_life_cycles,2026-09-03,Q1 2007 to Q2 2026,78
WSFS,WSFS Financial Corp.,2024,2026,3,6,1,True,0,0,3,3,,0,0,8.5,stock_life_cycles,2026-09-03,Q1 2007 to Q2 2026,78
BH,Biglari Holdings Inc. CL B,2024,2026,3,2,1,True,0,0,1,1,,0,0,8.5,stock_life_cycles,2026-09-03,Q1 2007 to Q2 2026,78
HAIN,Hain Celestial Group,2013,2022,10,5,2,False,0,2,0,3,,2,-5,8.5,stock_life_cycles,2026-09-03,Q1 2007 to Q2 2026,78
PBH,Prestige Consumer Healthcare,2024,2026,3,8,1,True,0,0,4,4,,0,0,8.5,stock_life_cycles,2026-09-03,Q1 2007 to Q2 2026,78
KBH,KB Home,2020,2024,5,8,3,False,3,3,1,1,Q1 2020,3,0,8.5,stock_life_cycles,2026-09-03,Q1 2007 to Q2 2026,78
PACB,Pacific Biosciences of California,2018,2026,9,4,2,False,2,2,0,0,Q4 2018,2,0,8.5,stock_life_cycles,2026-09-03,Q1 2007 to Q2 2026,78
FBTC,Fidelity Wise Origin Bitcoin,2024,2026,3,8,1,True,1,0,3,4,Q1 2024,0,0,8.5,stock_life_cycles,2026-09-03,Q1 2007 to Q2 2026,78
KRYS,Krystal Biotech Inc.,2025,2026,2,5,1,True,1,0,4,0,Q2 2025,0,5,8.5,stock_life_cycles,2026-09-03,Q1 2007 to Q2 2026,78
HTLD,Heartland Express,2025,2026,2,5,1,True,1,0,4,0,Q1 2025,0,5,8.5,stock_life_cycles,2026-09-03,Q1 2007 to Q2 2026,78
GCMG,Gcm Grosvenor Inc   Class A,2024,2026,3,8,1,True,0,0,4,4,,0,0,8.5,stock_life_cycles,2026-09-03,Q1 2007 to Q2 2026,78
CNP,CenterPoint Energy,2024,2026,3,6,1,True,1,0,2,3,Q4 2024,0,0,8.5,stock_life_cycles,2026-09-03,Q1 2007 to Q2 2026,78
MMI,Marcus & Millichap Inc.,2024,2026,3,6,1,True,0,0,3,3,,0,0,8.5,stock_life_cycles,2026-09-03,Q1 2007 to Q2 2026,78
LRLCF,L'Oreal SA,2022,2025,4,11,1,True,0,0,3,8,,0,-5,8.5,stock_life_cycles,2026-09-03,Q1 2007 to Q2 2026,78
MHO,M/I Homes,2022,2026,5,7,3,False,2,3,1,1,Q2 2022,3,-1,8.4,stock_life_cycles,2026-09-03,Q1 2007 to Q2 2026,78
ASR,Grupo Aeroportuario Sure SA de CV,2024,2026,3,3,1,True,1,0,0,2,Q4 2024,0,-1,8.4,stock_life_cycles,2026-09-03,Q1 2007 to Q2 2026,78
BTE,Baytex Energy Corp.,2024,2026,3,7,1,True,0,0,3,4,,0,-1,8.4,stock_life_cycles,2026-09-03,Q1 2007 to Q2 2026,78
FER,Ferrovial Se,2024,2025,2,4,1,True,1,0,3,0,Q2 2024,0,4,8.4,stock_life_cycles,2026-09-03,Q1 2007 to Q2 2026,78
INBX,Inhibrx,2023,2025,3,3,1,True,0,0,1,2,,0,-1,8.4,stock_life_cycles,2026-09-03,Q1 2007 to Q2 2026,78
VREX,Varex Imaging Corp.,2024,2026,3,7,1,True,0,0,3,4,,0,-1,8.4,stock_life_cycles,2026-09-03,Q1 2007 to Q2 2026,78
TWFG,Twfg Inc,2025,2026,2,4,1,True,1,0,3,0,Q2 2025,0,4,8.4,stock_life_cycles,2026-09-03,Q1 2007 to Q2 2026,78
FLUIF,Fluidra SA,2025,2026,2,4,1,True,1,0,3,0,Q1 2025,0,4,8.4,stock_life_cycles,2026-09-03,Q1 2007 to Q2 2026,78
SFNC,Simmons First National Corp.,2025,2026,2,4,1,True,1,0,3,0,Q2 2025,0,4,8.4,stock_life_cycles,2026-09-03,Q1 2007 to Q2 2026,78
LVNTA,Liberty Ventures,2013,2017,5,7,3,False,2,3,1,1,Q4 2013,3,-1,8.4,stock_life_cycles,2026-09-03,Q1 2007 to Q2 2026,78
BXC,BlueLinx Holdings Inc.,2025,2026,2,4,1,True,1,0,3,0,Q1 2025,0,4,8.4,stock_life_cycles,2026-09-03,Q1 2007 to Q2 2026,78
LASR,nLight Inc.,2025,2026,2,4,1,True,1,0,3,0,Q2 2025,0,4,8.4,stock_life_cycles,2026-09-03,Q1 2007 to Q2 2026,78
STL,Sterling Bancorp,2013,2022,10,14,2,False,1,2,3,8,Q4 2013,2,-6,8.4,stock_life_cycles,2026-09-03,Q1 2007 to Q2 2026,78
WIT,Wipro Ltd ADR,2024,2026,3,7,1,True,1,0,2,4,Q1 2024,0,-1,8.4,stock_life_cycles,2026-09-03,Q1 2007 to Q2 2026,78
CPF,Central Pacific Financial,2025,2026,2,4,1,True,1,0,3,0,Q2 2025,0,4,8.4,stock_life_cycles,2026-09-03,Q1 2007 to Q2 2026,78
NTB,Bank of N.T. Butterfield & Son Ltd,2023,2026,4,10,1,True,0,0,2,8,,0,-6,8.4,stock_life_cycles,2026-09-03,Q1 2007 to Q2 2026,78
FIBK,First Interstate Bancsystem Inc.,2025,2026,2,4,1,True,1,0,3,0,Q2 2025,0,4,8.4,stock_life_cycles,2026-09-03,Q1 2007 to Q2 2026,78
HINKF,Heineken NV,2022,2024,3,3,1,True,0,0,1,2,,0,-1,8.4,stock_life_cycles,2026-09-03,Q1 2007 to Q2 2026,78
GH,Guardant Health Inc.,2025,2026,2,4,1,True,1,0,3,0,Q2 2025,0,4,8.4,stock_life_cycles,2026-09-03,Q1 2007 to Q2 2026,78
REI,Ring Energy Inc.,2024,2026,3,7,1,True,0,0,3,4,,0,-1,8.4,stock_life_cycles,2026-09-03,Q1 2007 to Q2 2026,78
UAN,CVR Partners LP,2024,2025,2,4,1,True,1,0,3,0,Q1 2024,0,4,8.4,stock_life_cycles,2026-09-03,Q1 2007 to Q2 2026,78
PTGX,Protagonist Therapeutics Inc.,2025,2026,2,4,1,True,1,0,3,0,Q2 2025,0,4,8.4,stock_life_cycles,2026-09-03,Q1 2007 to Q2 2026,78
DRH,DiamondRock Hospitality Co.,2024,2026,3,7,1,True,0,0,3,4,,0,-1,8.4,stock_life_cycles,2026-09-03,Q1 2007 to Q2 2026,78
MINN,Mairs & Power Mn Muni Bond,2025,2026,2,4,1,True,1,0,3,0,Q2 2025,0,4,8.4,stock_life_cycles,2026-09-03,Q1 2007 to Q2 2026,78
AEHR,Aehr Test Systems,2025,2026,2,4,1,True,1,0,3,0,Q2 2025,0,4,8.4,stock_life_cycles,2026-09-03,Q1 2007 to Q2 2026,78
ESQ,Esquire Financial Holdings Inc.,2025,2026,2,3,1,True,1,0,2,0,Q2 2025,0,3,8.3,stock_life_cycles,2026-09-03,Q1 2007 to Q2 2026,78
SNDX,Syndax Pharmaceuticals Inc.,2025,2026,2,3,1,True,1,0,2,0,Q4 2025,0,3,8.3,stock_life_cycles,2026-09-03,Q1 2007 to Q2 2026,78
SSPPF,Ssp Group Plc,2025,2026,2,3,1,True,1,0,2,0,Q1 2025,0,3,8.3,stock_life_cycles,2026-09-03,Q1 2007 to Q2 2026,78
ABCB,Ameris Bancorp,2025,2026,2,3,1,True,0,0,3,0,,0,3,8.3,stock_life_cycles,2026-09-03,Q1 2007 to Q2 2026,78
KOD,Kodiak Sciences Inc.,2025,2026,2,3,1,True,1,0,2,0,Q3 2025,0,3,8.3,stock_life_cycles,2026-09-03,Q1 2007 to Q2 2026,78
PWP,Perella Weinberg Partners,2025,2026,2,3,1,True,0,0,3,0,,0,3,8.3,stock_life_cycles,2026-09-03,Q1 2007 to Q2 2026,78
ECTXF,Electrolux Professional Ab B,2025,2026,2,3,1,True,1,0,2,0,Q1 2025,0,3,8.3,stock_life_cycles,2026-09-03,Q1 2007 to Q2 2026,78
SRRK,Scholar Rock Holding Corp.,2025,2026,2,3,1,True,1,0,2,0,Q3 2025,0,3,8.3,stock_life_cycles,2026-09-03,Q1 2007 to Q2 2026,78
PATK,Patrick Industries Inc.,2025,2026,2,3,1,True,1,0,2,0,Q3 2025,0,3,8.3,stock_life_cycles,2026-09-03,Q1 2007 to Q2 2026,78
PAX,Patria Investments Ltd A,2025,2026,2,3,1,True,1,0,2,0,Q1 2025,0,3,8.3,stock_life_cycles,2026-09-03,Q1 2007 to Q2 2026,78
SNEX,StoneX Group Inc.,2025,2026,2,3,1,True,1,0,2,0,Q3 2025,0,3,8.3,stock_life_cycles,2026-09-03,Q1 2007 to Q2 2026,78
FSM,Fortuna Mining Corp.,2025,2026,2,3,1,True,1,0,2,0,Q3 2025,0,3,8.3,stock_life_cycles,2026-09-03,Q1 2007 to Q2 2026,78
UTZ,Utz Brands Inc.,2025,2026,2,3,1,True,0,0,3,0,,0,3,8.3,stock_life_cycles,2026-09-03,Q1 2007 to Q2 2026,78
XEL,Xcel Energy Inc.,2025,2026,2,5,1,True,0,0,4,1,,0,3,8.3,stock_life_cycles,2026-09-03,Q1 2007 to Q2 2026,78
AQN,Algonquin Power & Utilities,2025,2026,2,5,1,True,1,0,3,1,Q1 2025,0,3,8.3,stock_life_cycles,2026-09-03,Q1 2007 to Q2 2026,78
GM.WS.B,General Motors WTS B,2015,2019,5,10,3,False,1,3,3,3,Q2 2016,3,-2,8.3,stock_life_cycles,2026-09-03,Q1 2007 to Q2 2026,78
XYL,Xylem Inc.,2025,2026,2,3,1,True,1,0,2,0,Q3 2025,0,3,8.3,stock_life_cycles,2026-09-03,Q1 2007 to Q2 2026,78
UNFI,United Natural Foods,2024,2026,3,8,1,True,1,0,2,5,Q2 2024,0,-2,8.3,stock_life_cycles,2026-09-03,Q1 2007 to Q2 2026,78
URA,Global X Uranium ETF,2024,2026,3,6,1,True,1,1,1,3,Q2 2025,1,-2,8.3,stock_life_cycles,2026-09-03,Q1 2007 to Q2 2026,78
UMH,UMH Properties Inc.,2025,2026,2,3,1,True,0,0,3,0,,0,3,8.3,stock_life_cycles,2026-09-03,Q1 2007 to Q2 2026,78
HZO,MarineMax Inc.,2025,2026,2,3,1,True,0,0,3,0,,0,3,8.3,stock_life_cycles,2026-09-03,Q1 2007 to Q2 2026,78
LZAGY,Lonza Group Ag Unspon ADR,2023,2026,4,11,1,True,0,0,2,9,,0,-7,8.3,stock_life_cycles,2026-09-03,Q1 2007 to Q2 2026,78
BYD,Boyd Gaming Corp.,2024,2026,3,8,1,True,0,0,3,5,,0,-2,8.3,stock_life_cycles,2026-09-03,Q1 2007 to Q2 2026,78
AMTD,AMTD IDEA Group,2012,2020,9,10,2,False,0,2,4,4,,2,-2,8.3,stock_life_cycles,2026-09-03,Q1 2007 to Q2 2026,78
VSH,Vishay Intertechnology,2025,2026,2,3,1,True,0,0,3,0,,0,3,8.3,stock_life_cycles,2026-09-03,Q1 2007 to Q2 2026,78
CDNA,CareDx Inc.,2025,2026,2,3,1,True,0,0,3,0,,0,3,8.3,stock_life_cycles,2026-09-03,Q1 2007 to Q2 2026,78
AMN,AMN Healthcare Services,2025,2026,2,3,1,True,1,0,2,0,Q3 2025,0,3,8.3,stock_life_cycles,2026-09-03,Q1 2007 to Q2 2026,78
MATV,Mativ Holdings Inc.,2025,2026,2,3,1,True,0,0,3,0,,0,3,8.3,stock_life_cycles,2026-09-03,Q1 2007 to Q2 2026,78
MTRX,Matrix Service Co.,2025,2026,2,3,1,True,0,0,3,0,,0,3,8.3,stock_life_cycles,2026-09-03,Q1 2007 to Q2 2026,78
FIP,Ftai Infrastructure Inc,2025,2026,2,3,1,True,0,0,3,0,,0,3,8.3,stock_life_cycles,2026-09-03,Q1 2007 to Q2 2026,78
NDAQ,Nasdaq Inc.,2024,2026,3,6,1,True,0,0,2,4,,0,-2,8.3,stock_life_cycles,2026-09-03,Q1 2007 to Q2 2026,78
PLPC,Preformed Line Products,2025,2026,2,3,1,True,1,0,2,0,Q2 2025,0,3,8.3,stock_life_cycles,2026-09-03,Q1 2007 to Q2 2026,78
PKOH,Park Ohio Holdings Corp.,2025,2026,2,3,1,True,0,0,3,0,,0,3,8.3,stock_life_cycles,2026-09-03,Q1 2007 to Q2 2026,78
FFIV,F5 Networks,2023,2026,4,9,1,True,0,0,1,8,,0,-7,8.3,stock_life_cycles,2026-09-03,Q1 2007 to Q2 2026,78
LEE,Lee Enterprises,2012,2020,9,8,2,False,2,2,1,3,Q1 2012,2,-2,8.3,stock_life_cycles,2026-09-03,Q1 2007 to Q2 2026,78
GIII,G-III Apparel Group,2025,2026,2,3,1,True,1,0,2,0,Q3 2025,0,3,8.3,stock_life_cycles,2026-09-03,Q1 2007 to Q2 2026,78
KMROF,Kalmar Oyj B Share,2025,2026,2,3,1,True,1,0,2,0,Q3 2025,0,3,8.3,stock_life_cycles,2026-09-03,Q1 2007 to Q2 2026,78
WVE,Wave Life Sciences Ltd.,2025,2026,2,3,1,True,0,0,3,0,,0,3,8.3,stock_life_cycles,2026-09-03,Q1 2007 to Q2 2026,78
KNF,Knife River Corp.,2025,2026,2,5,1,True,0,0,4,1,,0,3,8.3,stock_life_cycles,2026-09-03,Q1 2007 to Q2 2026,78
NICE,Nice Ltd   Spon ADR,2024,2026,3,8,1,True,0,0,3,5,,0,-2,8.3,stock_life_cycles,2026-09-03,Q1 2007 to Q2 2026,78
HLIT,Harmonic Inc.,2025,2026,2,3,1,True,0,0,3,0,,0,3,8.3,stock_life_cycles,2026-09-03,Q1 2007 to Q2 2026,78
NPO,EnPro Industries,2025,2026,2,3,1,True,0,0,3,0,,0,3,8.3,stock_life_cycles,2026-09-03,Q1 2007 to Q2 2026,78
O,Realty Income Corp.,2025,2026,2,4,1,True,1,0,2,1,Q2 2025,0,2,8.2,stock_life_cycles,2026-09-03,Q1 2007 to Q2 2026,78
ADPT,Adaptive Biotechnologies Corp.,2025,2026,2,4,1,True,1,0,2,1,Q2 2025,0,2,8.2,stock_life_cycles,2026-09-03,Q1 2007 to Q2 2026,78
CDP,Copt Defense Properties,2025,2026,2,4,1,True,1,0,2,1,Q2 2025,0,2,8.2,stock_life_cycles,2026-09-03,Q1 2007 to Q2 2026,78
QURE,uniQure NV,2025,2026,2,2,1,True,1,0,1,0,Q4 2025,0,2,8.2,stock_life_cycles,2026-09-03,Q1 2007 to Q2 2026,78
CFRHF,Compagnie Financiere Richemont SA,2022,2026,5,15,1,True,0,0,1,14,,0,-13,8.2,stock_life_cycles,2026-09-03,Q1 2007 to Q2 2026,78
CAAP,Corp America Airports SA,2025,2026,2,4,1,True,1,0,2,1,Q2 2025,0,2,8.2,stock_life_cycles,2026-09-03,Q1 2007 to Q2 2026,78
DLG.MI,De'Longhi SPA,2025,2026,2,2,1,True,1,0,1,0,Q1 2025,0,2,8.2,stock_life_cycles,2026-09-03,Q1 2007 to Q2 2026,78
AKBLF,Alk Abello A s,2025,2026,2,2,1,True,1,0,1,0,Q4 2025,0,2,8.2,stock_life_cycles,2026-09-03,Q1 2007 to Q2 2026,78
OGS,ONE Gas Inc.,2025,2026,2,2,1,True,0,0,2,0,,0,2,8.2,stock_life_cycles,2026-09-03,Q1 2007 to Q2 2026,78
CGAU,Centerra Gold Inc,2025,2026,2,4,1,True,1,0,2,1,Q2 2025,0,2,8.2,stock_life_cycles,2026-09-03,Q1 2007 to Q2 2026,78
RLI,RLI Corp.,2025,2026,2,2,1,True,1,0,1,0,Q4 2025,0,2,8.2,stock_life_cycles,2026-09-03,Q1 2007 to Q2 2026,78
SPRY,Ars Pharmaceuticals Inc,2025,2026,2,2,1,True,1,0,1,0,Q4 2025,0,2,8.2,stock_life_cycles,2026-09-03,Q1 2007 to Q2 2026,78
COUP-OLD,Coupa Software Inc.,2019,2022,4,16,3,False,2,3,7,4,Q2 2019,3,2,8.2,stock_life_cycles,2026-09-03,Q1 2007 to Q2 2026,78
EVLV,Evolv Technologies Holdings,2025,2026,2,4,1,True,1,0,2,1,Q3 2025,0,2,8.2,stock_life_cycles,2026-09-03,Q1 2007 to Q2 2026,78
AIN,Albany International,2025,2026,2,2,1,True,0,0,2,0,,0,2,8.2,stock_life_cycles,2026-09-03,Q1 2007 to Q2 2026,78
NUVL-OLD,Nuvalent Inc.,2025,2026,2,2,1,True,1,0,1,0,Q4 2025,0,2,8.2,stock_life_cycles,2026-09-03,Q1 2007 to Q2 2026,78
SPSM,Ss SPDR P S&P  600 Small Cap,2024,2026,3,7,1,True,0,0,2,5,,0,-3,8.2,stock_life_cycles,2026-09-03,Q1 2007 to Q2 2026,78
KSA,Ishrs Msci Saudi Arabia ETF,2024,2026,3,9,1,True,1,1,2,5,Q1 2026,1,-3,8.2,stock_life_cycles,2026-09-03,Q1 2007 to Q2 2026,78
NTPIF,Nam Tai Property Inc.,2015,2025,11,23,2,False,1,3,4,15,Q4 2022,3,-13,8.2,stock_life_cycles,2026-09-03,Q1 2007 to Q2 2026,78
AKAM,Akamai Technologies Inc.,2025,2026,2,4,1,True,1,0,2,1,Q2 2025,0,2,8.2,stock_life_cycles,2026-09-03,Q1 2007 to Q2 2026,78
BKV,Bkv Corporation,2025,2026,2,2,1,True,1,0,1,0,Q4 2025,0,2,8.2,stock_life_cycles,2026-09-03,Q1 2007 to Q2 2026,78
KRE,SPDR S&P  Regional Banking,2025,2026,2,2,1,True,0,0,2,0,,0,2,8.2,stock_life_cycles,2026-09-03,Q1 2007 to Q2 2026,78
SLDE,Slide Insurance Holdings Inc,2025,2026,2,2,1,True,1,0,1,0,Q4 2025,0,2,8.2,stock_life_cycles,2026-09-03,Q1 2007 to Q2 2026,78
STR-OLD,Sitio Royalties Corp A,2019,2025,7,13,2,False,2,2,8,1,Q2 2019,2,7,8.2,stock_life_cycles,2026-09-03,Q1 2007 to Q2 2026,78
AXTI,AXT Inc.,2025,2026,2,2,1,True,1,0,1,0,Q4 2025,0,2,8.2,stock_life_cycles,2026-09-03,Q1 2007 to Q2 2026,78
SLV,iShares Silver Trust,2021,2025,5,11,3,False,2,3,2,4,Q1 2021,3,-3,8.2,stock_life_cycles,2026-09-03,Q1 2007 to Q2 2026,78
CNTA-OLD,Centessa Pharmaceuticals ADR,2025,2026,2,2,1,True,1,0,1,0,Q4 2025,0,2,8.2,stock_life_cycles,2026-09-03,Q1 2007 to Q2 2026,78
REG,Regency Centers Corp.,2024,2026,3,9,1,True,0,0,3,6,,0,-3,8.2,stock_life_cycles,2026-09-03,Q1 2007 to Q2 2026,78
MOD,Modine Mfg.,2025,2026,2,4,1,True,1,0,2,1,Q2 2025,0,2,8.2,stock_life_cycles,2026-09-03,Q1 2007 to Q2 2026,78
RELY,Remitly Global Inc,2025,2026,2,2,1,True,1,0,1,0,Q4 2025,0,2,8.2,stock_life_cycles,2026-09-03,Q1 2007 to Q2 2026,78
CCU,Compania Cervecerias Unidas SA,2025,2026,2,2,1,True,0,0,2,0,,0,2,8.2,stock_life_cycles,2026-09-03,Q1 2007 to Q2 2026,78
APEI,American Public Education Inc.,2025,2026,2,2,1,True,1,0,1,0,Q4 2025,0,2,8.2,stock_life_cycles,2026-09-03,Q1 2007 to Q2 2026,78
JGRW,Jensen Quality Growth ETF,2025,2026,2,2,1,True,1,0,1,0,Q4 2025,0,2,8.2,stock_life_cycles,2026-09-03,Q1 2007 to Q2 2026,78
ATS,Ats Corp,2023,2024,2,4,1,True,2,1,1,0,Q2 2023,1,2,8.2,stock_life_cycles,2026-09-03,Q1 2007 to Q2 2026,78
TSHA,Taysha Gene Therapies Inc,2025,2026,2,2,1,True,1,0,1,0,Q4 2025,0,2,8.2,stock_life_cycles,2026-09-03,Q1 2007 to Q2 2026,78
FVR,Frontview Reit Inc,2025,2026,2,2,1,True,0,0,2,0,,0,2,8.2,stock_life_cycles,2026-09-03,Q1 2007 to Q2 2026,78
PRLB,Proto Labs Inc.,2025,2026,2,2,1,True,1,0,1,0,Q4 2025,0,2,8.2,stock_life_cycles,2026-09-03,Q1 2007 to Q2 2026,78
TRNS,Transcat Inc.,2025,2026,2,2,1,True,1,0,1,0,Q4 2025,0,2,8.2,stock_life_cycles,2026-09-03,Q1 2007 to Q2 2026,78
CIVI-OLD,Civitas Resources Inc.,2021,2025,5,9,3,False,1,3,2,3,Q4 2021,3,-3,8.2,stock_life_cycles,2026-09-03,Q1 2007 to Q2 2026,78
CELC,Celcuity Inc.,2025,2026,2,2,1,True,1,0,1,0,Q4 2025,0,2,8.2,stock_life_cycles,2026-09-03,Q1 2007 to Q2 2026,78
DNLI,Denali Therapeutics Inc.,2025,2026,2,2,1,True,1,0,1,0,Q4 2025,0,2,8.2,stock_life_cycles,2026-09-03,Q1 2007 to Q2 2026,78
MMSI,Merit Medical Systems Inc.,2025,2026,2,4,1,True,0,0,3,1,,0,2,8.2,stock_life_cycles,2026-09-03,Q1 2007 to Q2 2026,78
SBCF,Seacoast Banking Corp. of Florida,2025,2026,2,2,1,True,0,0,2,0,,0,2,8.2,stock_life_cycles,2026-09-03,Q1 2007 to Q2 2026,78
MTRN,Materion Corp.,2025,2026,2,2,1,True,0,0,2,0,,0,2,8.2,stock_life_cycles,2026-09-03,Q1 2007 to Q2 2026,78
BWX,State Street SPDR Bloomberg,2025,2026,2,2,1,True,1,0,1,0,Q4 2025,0,2,8.2,stock_life_cycles,2026-09-03,Q1 2007 to Q2 2026,78
FLOC,Flowco Holdings Inc Cl A,2025,2026,2,2,1,True,1,0,1,0,Q4 2025,0,2,8.2,stock_life_cycles,2026-09-03,Q1 2007 to Q2 2026,78
AVDX-OLD,Avidxchange Holdings Inc,2021,2025,5,7,3,False,2,3,0,2,Q4 2021,3,-3,8.2,stock_life_cycles,2026-09-03,Q1 2007 to Q2 2026,78
PL,Planet Labs PBC,2025,2026,2,2,1,True,1,0,1,0,Q4 2025,0,2,8.2,stock_life_cycles,2026-09-03,Q1 2007 to Q2 2026,78
RTLLF,Rational Ag,2025,2026,2,2,1,True,1,0,1,0,Q1 2025,0,2,8.2,stock_life_cycles,2026-09-03,Q1 2007 to Q2 2026,78
METC,Ramaco Resources Inc A,2025,2026,2,4,1,True,1,0,2,1,Q2 2025,0,2,8.2,stock_life_cycles,2026-09-03,Q1 2007 to Q2 2026,78
MIRM,Mirum Pharmaceuticals Inc.,2025,2026,2,4,1,True,1,0,2,1,Q2 2025,0,2,8.2,stock_life_cycles,2026-09-03,Q1 2007 to Q2 2026,78
FNDE,Schwab Fndmntl Em Mrk Eq ETF,2024,2026,3,7,1,True,0,0,2,5,,0,-3,8.2,stock_life_cycles,2026-09-03,Q1 2007 to Q2 2026,78
KNCRF,Konecranes Oyj,2025,2026,2,3,1,True,1,0,1,1,Q1 2025,0,1,8.1,stock_life_cycles,2026-09-03,Q1 2007 to Q2 2026,78
NXE,Nexgen Energy Ltd,2025,2026,2,3,1,True,2,1,0,0,Q3 2025,1,1,8.1,stock_life_cycles,2026-09-03,Q1 2007 to Q2 2026,78
ACLS,Axcelis Technologies,2025,2026,2,3,1,True,0,0,2,1,,0,1,8.1,stock_life_cycles,2026-09-03,Q1 2007 to Q2 2026,78
NVGS,Navigator Holdings Ltd.,2025,2026,2,3,1,True,0,0,2,1,,0,1,8.1,stock_life_cycles,2026-09-03,Q1 2007 to Q2 2026,78
COLD,Americold Realty Trust,2025,2026,2,3,1,True,1,0,1,1,Q3 2025,0,1,8.1,stock_life_cycles,2026-09-03,Q1 2007 to Q2 2026,78
DCOM,Dime Community Bancshares,2025,2026,2,3,1,True,0,0,2,1,,0,1,8.1,stock_life_cycles,2026-09-03,Q1 2007 to Q2 2026,78
BCO,Brink's Co.,2024,2026,3,8,1,True,0,0,2,6,,0,-4,8.1,stock_life_cycles,2026-09-03,Q1 2007 to Q2 2026,78
COCO,Vita Coco Co Inc,2025,2026,2,3,1,True,1,0,1,1,Q3 2025,0,1,8.1,stock_life_cycles,2026-09-03,Q1 2007 to Q2 2026,78
COHU,Cohu Inc.,2025,2026,2,3,1,True,0,0,2,1,,0,1,8.1,stock_life_cycles,2026-09-03,Q1 2007 to Q2 2026,78
DELL-OLD,Dell Inc.,2013,2013,1,6,4,False,1,4,0,1,Q2 2013,4,-4,8.1,stock_life_cycles,2026-09-03,Q1 2007 to Q2 2026,78
NLSN-OLD,Nielsen Holdings plc,2018,2022,5,10,3,False,3,3,0,4,Q1 2018,3,-4,8.1,stock_life_cycles,2026-09-03,Q1 2007 to Q2 2026,78
DBX,Dropbox Inc.,2021,2025,5,8,3,False,1,3,1,3,Q3 2021,3,-4,8.1,stock_life_cycles,2026-09-03,Q1 2007 to Q2 2026,78
DIA,SPDR Djia Trust,2025,2026,2,3,1,True,1,0,1,1,Q3 2025,0,1,8.1,stock_life_cycles,2026-09-03,Q1 2007 to Q2 2026,78
TNL,Travel Leisure Co.,2022,2026,5,16,3,False,2,2,4,8,Q4 2022,2,-4,8.1,stock_life_cycles,2026-09-03,Q1 2007 to Q2 2026,78
AMPX,Amprius Technologies Inc,2025,2026,2,3,1,True,1,0,1,1,Q3 2025,0,1,8.1,stock_life_cycles,2026-09-03,Q1 2007 to Q2 2026,78
VVV,Valvoline Inc.,2021,2025,5,14,3,False,1,3,4,6,Q1 2021,3,-4,8.1,stock_life_cycles,2026-09-03,Q1 2007 to Q2 2026,78
GDI-OLD,Gardner Denver Holdings Inc.,2012,2019,8,7,2,False,2,2,2,1,Q1 2012,2,1,8.1,stock_life_cycles,2026-09-03,Q1 2007 to Q2 2026,78
PIPR,Piper Sandler Companies,2025,2026,2,5,1,True,0,0,3,2,,0,1,8.1,stock_life_cycles,2026-09-03,Q1 2007 to Q2 2026,78
CNO,CNO Financial Group Inc.,2024,2026,3,6,1,True,0,0,1,5,,0,-4,8.1,stock_life_cycles,2026-09-03,Q1 2007 to Q2 2026,78
WBC,WABCO Holdings Inc.,2012,2020,9,14,2,False,2,2,3,7,Q3 2012,2,-4,8.1,stock_life_cycles,2026-09-03,Q1 2007 to Q2 2026,78
VTLE-OLD,Vital Energy Inc.,2022,2025,4,13,3,False,3,4,4,2,Q2 2022,4,1,8.1,stock_life_cycles,2026-09-03,Q1 2007 to Q2 2026,78
MYE,Myers Indus,2025,2026,2,3,1,True,1,0,1,1,Q3 2025,0,1,8.1,stock_life_cycles,2026-09-03,Q1 2007 to Q2 2026,78
BRC,Brady Corp.,2024,2026,3,8,1,True,0,0,2,6,,0,-4,8.1,stock_life_cycles,2026-09-03,Q1 2007 to Q2 2026,78
CAL,Caleres Inc.,2025,2026,2,3,1,True,1,0,1,1,Q3 2025,0,1,8.1,stock_life_cycles,2026-09-03,Q1 2007 to Q2 2026,78
ATGE,Adtalem Global Education,2024,2026,3,8,1,True,0,0,2,6,,0,-4,8.1,stock_life_cycles,2026-09-03,Q1 2007 to Q2 2026,78
TPB,Turning Point Brands Inc.,2025,2026,2,3,1,True,1,0,1,1,Q3 2025,0,1,8.1,stock_life_cycles,2026-09-03,Q1 2007 to Q2 2026,78
TRMLF,Tourmaline Oil Corp,2024,2025,2,5,1,True,1,0,2,2,Q4 2024,0,1,8.1,stock_life_cycles,2026-09-03,Q1 2007 to Q2 2026,78
ECVT,Ecovyst Inc.,2025,2026,2,3,1,True,1,0,1,1,Q3 2025,0,1,8.1,stock_life_cycles,2026-09-03,Q1 2007 to Q2 2026,78
DUOL,Duolingo Inc.,2021,2026,6,15,3,False,2,3,1,9,Q3 2021,3,-9,8.1,stock_life_cycles,2026-09-03,Q1 2007 to Q2 2026,78
IONS,Ionis Pharmaceuticals Inc.,2024,2026,3,6,1,True,0,0,1,5,,0,-4,8.1,stock_life_cycles,2026-09-03,Q1 2007 to Q2 2026,78
HWKN,Hawkins Inc.,2025,2026,2,3,1,True,0,0,2,1,,0,1,8.1,stock_life_cycles,2026-09-03,Q1 2007 to Q2 2026,78
DRI,Darden Restaurants,2025,2026,2,3,1,True,1,1,1,0,Q1 2026,1,1,8.1,stock_life_cycles,2026-09-03,Q1 2007 to Q2 2026,78
UVSP,Univest Financial Corp.,2024,2026,3,6,1,True,0,0,1,5,,0,-4,8.1,stock_life_cycles,2026-09-03,Q1 2007 to Q2 2026,78
MLI,Mueller Industries,2025,2026,2,3,1,True,1,0,1,1,Q3 2025,0,1,8.1,stock_life_cycles,2026-09-03,Q1 2007 to Q2 2026,78
UVV,Universal Corp.,2024,2026,3,6,1,True,0,0,1,5,,0,-4,8.1,stock_life_cycles,2026-09-03,Q1 2007 to Q2 2026,78
GPGI,GPGI Inc.,2025,2026,2,3,1,True,1,0,1,1,Q2 2025,0,1,8.1,stock_life_cycles,2026-09-03,Q1 2007 to Q2 2026,78
GPRK,Geopark Ltd,2024,2025,2,3,1,True,0,0,2,1,,0,1,8.1,stock_life_cycles,2026-09-03,Q1 2007 to Q2 2026,78
ODD,Oddity Tech Ltd Cl A,2023,2026,4,13,3,False,3,3,4,3,Q3 2023,3,1,8.1,stock_life_cycles,2026-09-03,Q1 2007 to Q2 2026,78
OPY,Oppenheimer Holdings Inc. CL A,2025,2026,2,3,1,True,1,0,1,1,Q2 2025,0,1,8.1,stock_life_cycles,2026-09-03,Q1 2007 to Q2 2026,78
CUBI,Customers Bancorp Inc.,2019,2026,8,6,2,False,0,2,3,1,,2,0,8.0,stock_life_cycles,2026-09-03,Q1 2007 to Q2 2026,78
AESI,Atlas Energy Solutions Inc,2025,2026,2,4,1,True,1,0,1,2,Q2 2025,0,0,8.0,stock_life_cycles,2026-09-03,Q1 2007 to Q2 2026,78
BFLY,Butterfly Network Inc,2025,2026,2,4,1,True,2,1,0,1,Q2 2025,1,0,8.0,stock_life_cycles,2026-09-03,Q1 2007 to Q2 2026,78
IE,Ivanhoe Electric Inc   Us,2025,2026,2,4,1,True,1,0,1,2,Q2 2025,0,0,8.0,stock_life_cycles,2026-09-03,Q1 2007 to Q2 2026,78
CEF,Sprott Physical Gold And Sil,2025,2026,2,2,1,True,1,0,0,1,Q3 2025,0,0,8.0,stock_life_cycles,2026-09-03,Q1 2007 to Q2 2026,78
RHLD,Resolute Holdings Manag,2025,2026,2,2,1,True,0,0,1,1,,0,0,8.0,stock_life_cycles,2026-09-03,Q1 2007 to Q2 2026,78
VLY,Valley National Bancorp,2025,2026,2,2,1,True,0,0,1,1,,0,0,8.0,stock_life_cycles,2026-09-03,Q1 2007 to Q2 2026,78
RDI,Reading International Inc.,2022,2025,4,10,1,True,0,0,0,10,,0,-10,8.0,stock_life_cycles,2026-09-03,Q1 2007 to Q2 2026,78
MOAT,Vaneck Morningstar Wide Moat,2024,2026,3,7,1,True,0,0,1,6,,0,-5,8.0,stock_life_cycles,2026-09-03,Q1 2007 to Q2 2026,78
IJS,Ishares S&P  Small Cap 600 Va,2025,2026,2,2,1,True,1,0,0,1,Q4 2025,0,0,8.0,stock_life_cycles,2026-09-03,Q1 2007 to Q2 2026,78
IESC,IES Holdings Inc.,2025,2026,2,4,1,True,1,0,1,2,Q2 2025,0,0,8.0,stock_life_cycles,2026-09-03,Q1 2007 to Q2 2026,78
HYBB,Ishares Bb Rated Corp Bond,2025,2026,2,2,1,True,1,0,0,1,Q4 2025,0,0,8.0,stock_life_cycles,2026-09-03,Q1 2007 to Q2 2026,78
FNDF,Schwab Fndmn Intl Lrg Co ETF,2024,2026,3,7,1,True,0,0,1,6,,0,-5,8.0,stock_life_cycles,2026-09-03,Q1 2007 to Q2 2026,78
ASPI,Asp Isotopes Inc,2025,2026,2,4,1,True,1,0,1,2,Q2 2025,0,0,8.0,stock_life_cycles,2026-09-03,Q1 2007 to Q2 2026,78
VNOM,Viper Energy Inc.,2025,2026,2,2,1,True,1,0,0,1,Q3 2025,0,0,8.0,stock_life_cycles,2026-09-03,Q1 2007 to Q2 2026,78
CAVA,Cava Group Inc,2023,2026,4,8,3,False,2,3,2,1,Q2 2023,3,0,8.0,stock_life_cycles,2026-09-03,Q1 2007 to Q2 2026,78
RYCEY,Rolls Royce Holdings Sp ADR,2024,2025,2,4,1,True,2,1,0,1,Q2 2024,1,0,8.0,stock_life_cycles,2026-09-03,Q1 2007 to Q2 2026,78
MAVF,Matrix Advisors Value ETF,2025,2026,2,6,1,True,1,0,2,3,Q1 2025,0,0,8.0,stock_life_cycles,2026-09-03,Q1 2007 to Q2 2026,78
SA,Seabridge Gold Inc.,2024,2026,3,7,1,True,0,0,1,6,,0,-5,8.0,stock_life_cycles,2026-09-03,Q1 2007 to Q2 2026,78
IJK,Ishares S&P  Mid Cap 400 Grow,2025,2026,2,2,1,True,1,0,0,1,Q4 2025,0,0,8.0,stock_life_cycles,2026-09-03,Q1 2007 to Q2 2026,78
GDXJ,Vaneck Junior Gold Miners,2024,2025,2,4,1,True,0,0,2,2,,0,0,8.0,stock_life_cycles,2026-09-03,Q1 2007 to Q2 2026,78
CTEV,Claritev Corp.,2025,2026,2,4,1,True,2,1,0,1,Q2 2025,1,0,8.0,stock_life_cycles,2026-09-03,Q1 2007 to Q2 2026,78
WRLC,Windrock Ltd Co,2025,2026,2,2,1,True,1,0,0,1,Q1 2025,0,0,8.0,stock_life_cycles,2026-09-03,Q1 2007 to Q2 2026,78
GGAL,Grupo Financiero Galicia S.A.,2025,2026,2,4,1,True,2,1,0,1,Q2 2025,1,0,8.0,stock_life_cycles,2026-09-03,Q1 2007 to Q2 2026,78
WGHTQ-OLD,WW International Inc.,2020,2023,4,14,3,False,3,5,4,2,Q4 2020,5,0,8.0,stock_life_cycles,2026-09-03,Q1 2007 to Q2 2026,78
CR,Crane Co,2023,2026,4,12,1,True,1,0,0,11,Q2 2023,0,-10,8.0,stock_life_cycles,2026-09-03,Q1 2007 to Q2 2026,78
LINC,Lincoln Educational Services Corp.,2025,2026,2,2,1,True,0,0,1,1,,0,0,8.0,stock_life_cycles,2026-09-03,Q1 2007 to Q2 2026,78
PHVS,Pharvaris NV,2023,2024,2,2,1,True,0,0,1,1,,0,0,8.0,stock_life_cycles,2026-09-03,Q1 2007 to Q2 2026,78
PIFYF,Pine Cliff Energy Ltd,2024,2025,2,4,1,True,2,1,0,1,Q1 2024,1,0,8.0,stock_life_cycles,2026-09-03,Q1 2007 to Q2 2026,78
NDSN,Nordson Corp.,2025,2026,2,2,1,True,1,0,0,1,Q3 2025,0,0,8.0,stock_life_cycles,2026-09-03,Q1 2007 to Q2 2026,78
WDFC,WD-40 Co.,2025,2026,2,2,1,True,1,0,0,1,Q4 2025,0,0,8.0,stock_life_cycles,2026-09-03,Q1 2007 to Q2 2026,78
MUSA,Murphy USA Inc.,2025,2026,2,2,1,True,1,0,0,1,Q4 2025,0,0,8.0,stock_life_cycles,2026-09-03,Q1 2007 to Q2 2026,78
TITN,Titan Machinery Inc.,2025,2026,2,2,1,True,0,0,1,1,,0,0,8.0,stock_life_cycles,2026-09-03,Q1 2007 to Q2 2026,78
FTDR,frontdoor Inc.,2018,2025,8,4,2,False,2,2,0,0,Q4 2018,2,0,8.0,stock_life_cycles,2026-09-03,Q1 2007 to Q2 2026,78
BUDFF,Anheuser Busch Inbev SA NV,2022,2026,5,15,1,True,0,0,0,15,,0,-15,8.0,stock_life_cycles,2026-09-03,Q1 2007 to Q2 2026,78
IRS,Irsa  Sp ADR,2025,2026,2,4,1,True,1,0,1,2,Q2 2025,0,0,8.0,stock_life_cycles,2026-09-03,Q1 2007 to Q2 2026,78
VONE,Vanguard Russell 1000,2025,2026,2,2,1,True,1,1,0,0,Q1 2026,1,0,8.0,stock_life_cycles,2026-09-03,Q1 2007 to Q2 2026,78
ATAI,AtaiBeckley Inc.,2025,2026,2,2,1,True,1,1,0,0,Q1 2026,1,0,8.0,stock_life_cycles,2026-09-03,Q1 2007 to Q2 2026,78
IRMD,iRadimed Corp.,2025,2026,2,4,1,True,1,0,1,2,Q2 2025,0,0,8.0,stock_life_cycles,2026-09-03,Q1 2007 to Q2 2026,78
ASYS,Amtech Systems Inc.,2025,2026,2,2,1,True,0,0,1,1,,0,0,8.0,stock_life_cycles,2026-09-03,Q1 2007 to Q2 2026,78
MAC,Macerich Co.,2019,2026,8,8,2,False,0,2,4,2,,2,0,8.0,stock_life_cycles,2026-09-03,Q1 2007 to Q2 2026,78
LZ,Lubrizol Corp.,2025,2026,2,2,1,True,1,0,0,1,Q4 2025,0,0,8.0,stock_life_cycles,2026-09-03,Q1 2007 to Q2 2026,78
EFXT,Enerflex Ltd,2025,2026,2,2,1,True,1,0,0,1,Q4 2025,0,0,8.0,stock_life_cycles,2026-09-03,Q1 2007 to Q2 2026,78
ERIE,Erie Indemnity Co. CL A,2025,2026,2,2,1,True,1,0,0,1,Q4 2025,0,0,8.0,stock_life_cycles,2026-09-03,Q1 2007 to Q2 2026,78
BNT,Brookfield Wealth Solutions Ltd,2021,2024,4,6,3,False,3,3,0,0,Q2 2021,3,0,8.0,stock_life_cycles,2026-09-03,Q1 2007 to Q2 2026,78
SITM,SiTime Corp.,2025,2026,2,2,1,True,1,1,0,0,Q1 2026,1,0,8.0,stock_life_cycles,2026-09-03,Q1 2007 to Q2 2026,78
GCO,Genesco Inc.,2024,2026,3,7,1,True,0,0,1,6,,0,-5,8.0,stock_life_cycles,2026-09-03,Q1 2007 to Q2 2026,78
FHN,First Horizon Corp.,2022,2025,4,10,3,False,2,3,3,2,Q2 2022,3,0,8.0,stock_life_cycles,2026-09-03,Q1 2007 to Q2 2026,78
LIF,Life360 Inc,2025,2026,2,4,1,True,2,1,0,1,Q2 2025,1,0,8.0,stock_life_cycles,2026-09-03,Q1 2007 to Q2 2026,78
FXI,Ishares China Large Cap ETF,2023,2026,4,15,3,False,4,4,3,4,Q2 2023,4,-1,7.9,stock_life_cycles,2026-09-03,Q1 2007 to Q2 2026,78
PRG,PROG Holdings Inc.,2024,2026,3,8,1,True,0,0,1,7,,0,-6,7.9,stock_life_cycles,2026-09-03,Q1 2007 to Q2 2026,78
PSEC,Prospect Capital Corp.,2025,2025,1,4,1,True,1,0,3,0,Q1 2025,0,4,7.9,stock_life_cycles,2026-09-03,Q1 2007 to Q2 2026,78
XES,Ss SPDR S&P  Og Eqp & Serv,2025,2026,2,3,1,True,0,0,1,2,,0,-1,7.9,stock_life_cycles,2026-09-03,Q1 2007 to Q2 2026,78
VCTR,Victory Capital Holdings,2025,2026,2,3,1,True,0,0,1,2,,0,-1,7.9,stock_life_cycles,2026-09-03,Q1 2007 to Q2 2026,78
FORM,FormFactor Inc.,2025,2026,2,3,1,True,0,0,1,2,,0,-1,7.9,stock_life_cycles,2026-09-03,Q1 2007 to Q2 2026,78
RWAY,Runway Growth Finance Corp,2023,2025,3,6,1,True,0,0,0,6,,0,-6,7.9,stock_life_cycles,2026-09-03,Q1 2007 to Q2 2026,78
ZI,ZoomInfo Technologies Inc.,2022,2025,4,11,3,False,1,4,4,2,Q4 2022,4,-1,7.9,stock_life_cycles,2026-09-03,Q1 2007 to Q2 2026,78
STRL,Sterling Construction Co. Inc.,2025,2026,2,3,1,True,0,0,1,2,,0,-1,7.9,stock_life_cycles,2026-09-03,Q1 2007 to Q2 2026,78
AEG,Aegon Ltd,2024,2026,3,6,1,True,0,0,0,6,,0,-6,7.9,stock_life_cycles,2026-09-03,Q1 2007 to Q2 2026,78
TWX,Time Warner Inc.,2016,2018,3,12,3,False,4,4,4,0,Q4 2016,4,4,7.9,stock_life_cycles,2026-09-03,Q1 2007 to Q2 2026,78
ROAD,Construction Partners Inc. CL A,2025,2026,2,3,1,True,0,0,1,2,,0,-1,7.9,stock_life_cycles,2026-09-03,Q1 2007 to Q2 2026,78
LOAR,Loar Holdings Inc,2024,2025,2,3,1,True,1,0,0,2,Q2 2024,0,-1,7.9,stock_life_cycles,2026-09-03,Q1 2007 to Q2 2026,78
FBLA,Fb Bancorp Inc,2024,2025,2,3,1,True,1,0,0,2,Q4 2024,0,-1,7.9,stock_life_cycles,2026-09-03,Q1 2007 to Q2 2026,78
SRSC,Sears Canada Inc.,2012,2017,6,17,2,False,3,3,10,1,Q4 2012,3,9,7.9,stock_life_cycles,2026-09-03,Q1 2007 to Q2 2026,78
GFL,Gfl Environmental Inc Sub Vt,2025,2026,2,3,1,True,0,0,1,2,,0,-1,7.9,stock_life_cycles,2026-09-03,Q1 2007 to Q2 2026,78
HCKT,Hackett Group Inc.,2024,2026,3,8,1,True,0,0,1,7,,0,-6,7.9,stock_life_cycles,2026-09-03,Q1 2007 to Q2 2026,78
KN,Knowles Corp.,2024,2026,3,8,1,True,0,0,1,7,,0,-6,7.9,stock_life_cycles,2026-09-03,Q1 2007 to Q2 2026,78
DBDQQ-OLD,Diebold Inc.,2016,2022,7,16,2,False,1,2,9,4,Q3 2016,2,4,7.9,stock_life_cycles,2026-09-03,Q1 2007 to Q2 2026,78
SHEN,Shenandoah Telecommunications Co.,2025,2025,1,4,1,True,1,0,3,0,Q1 2025,0,4,7.9,stock_life_cycles,2026-09-03,Q1 2007 to Q2 2026,78
ITW,Illinois Tool Works,2025,2026,2,3,1,True,0,0,1,2,,0,-1,7.9,stock_life_cycles,2026-09-03,Q1 2007 to Q2 2026,78
PHIN,PHINIA Inc.,2024,2026,3,8,1,True,0,0,1,7,,0,-6,7.9,stock_life_cycles,2026-09-03,Q1 2007 to Q2 2026,78
THO,Thor Industries,2024,2026,3,6,1,True,0,0,0,6,,0,-6,7.9,stock_life_cycles,2026-09-03,Q1 2007 to Q2 2026,78
CLFD,Clearfield Inc.,2025,2026,2,5,1,True,0,0,2,3,,0,-1,7.9,stock_life_cycles,2026-09-03,Q1 2007 to Q2 2026,78
BOKF,BOK Financial Corp.,2024,2026,3,8,1,True,0,0,1,7,,0,-6,7.9,stock_life_cycles,2026-09-03,Q1 2007 to Q2 2026,78
DCO,Ducommun Inc.,2025,2026,2,2,1,True,0,0,0,2,,0,-2,7.8,stock_life_cycles,2026-09-03,Q1 2007 to Q2 2026,78
VNQ,Vanguard Real Estate ETF,2025,2026,2,4,1,True,0,0,1,3,,0,-2,7.8,stock_life_cycles,2026-09-03,Q1 2007 to Q2 2026,78
VIAV,Viavi Solutions Inc.,2025,2026,2,2,1,True,0,0,0,2,,0,-2,7.8,stock_life_cycles,2026-09-03,Q1 2007 to Q2 2026,78
APPN,Appian Corp.,2019,2026,8,4,2,False,1,2,0,1,Q4 2025,2,-2,7.8,stock_life_cycles,2026-09-03,Q1 2007 to Q2 2026,78
VBR,Vanguard Small Cap Value ETF,2025,2026,2,4,1,True,0,0,1,3,,0,-2,7.8,stock_life_cycles,2026-09-03,Q1 2007 to Q2 2026,78
AEIS,Advanced Energy Industries,2025,2026,2,2,1,True,0,0,0,2,,0,-2,7.8,stock_life_cycles,2026-09-03,Q1 2007 to Q2 2026,78
ZINC,Horsehead Holding Corp.,2009,2016,8,12,2,False,0,2,5,5,,2,-2,7.8,stock_life_cycles,2026-09-03,Q1 2007 to Q2 2026,78
MORT,Vaneck Mortgage Reit Income,2025,2026,2,2,1,True,0,0,0,2,,0,-2,7.8,stock_life_cycles,2026-09-03,Q1 2007 to Q2 2026,78
CENX,Century Aluminum Co.,2025,2026,2,2,1,True,0,0,0,2,,0,-2,7.8,stock_life_cycles,2026-09-03,Q1 2007 to Q2 2026,78
CFLT-OLD,Confluent Inc.,2021,2023,3,15,3,False,4,4,5,2,Q2 2021,4,3,7.8,stock_life_cycles,2026-09-03,Q1 2007 to Q2 2026,78
S-OLD,Sprint Corp.,2013,2020,8,4,2,False,1,2,0,1,Q1 2020,2,-2,7.8,stock_life_cycles,2026-09-03,Q1 2007 to Q2 2026,78
HL,Hecla Mining Co.,2025,2026,2,2,1,True,0,0,0,2,,0,-2,7.8,stock_life_cycles,2026-09-03,Q1 2007 to Q2 2026,78
NGS,Natural Gas Services Group Inc.,2025,2026,2,2,1,True,0,0,0,2,,0,-2,7.8,stock_life_cycles,2026-09-03,Q1 2007 to Q2 2026,78
POWL,Powell Industries,2025,2026,2,4,1,True,1,0,0,3,Q2 2025,0,-2,7.8,stock_life_cycles,2026-09-03,Q1 2007 to Q2 2026,78
PCH-OLD,PotlatchDeltic Corp.,2020,2026,7,9,2,False,1,2,5,1,Q1 2020,2,3,7.8,stock_life_cycles,2026-09-03,Q1 2007 to Q2 2026,78
AMRC,Ameresco Inc. CL A,2025,2026,2,2,1,True,0,0,0,2,,0,-2,7.8,stock_life_cycles,2026-09-03,Q1 2007 to Q2 2026,78
TMCWW,TMC the metals company Inc. WTS,2021,2024,4,6,3,False,1,3,1,1,Q3 2021,3,-2,7.8,stock_life_cycles,2026-09-03,Q1 2007 to Q2 2026,78
GDDY,GoDaddy Inc.,2019,2026,8,6,2,False,1,2,1,2,Q3 2025,2,-2,7.8,stock_life_cycles,2026-09-03,Q1 2007 to Q2 2026,78
SUN,Sunoco Inc.,2025,2025,1,3,1,True,1,0,2,0,Q1 2025,0,3,7.8,stock_life_cycles,2026-09-03,Q1 2007 to Q2 2026,78
CDE,Coeur Mining Inc.,2025,2026,2,2,1,True,0,0,0,2,,0,-2,7.8,stock_life_cycles,2026-09-03,Q1 2007 to Q2 2026,78
CCJ,Cameco Corp.,2025,2026,2,4,1,True,1,0,0,3,Q2 2025,0,-2,7.8,stock_life_cycles,2026-09-03,Q1 2007 to Q2 2026,78
TTMI,TTM Technologies Inc.,2025,2026,2,2,1,True,0,0,0,2,,0,-2,7.8,stock_life_cycles,2026-09-03,Q1 2007 to Q2 2026,78
ASPS,Altisource Portfolio Solutions S.A.,2018,2025,8,8,2,False,0,1,3,4,,1,-2,7.8,stock_life_cycles,2026-09-03,Q1 2007 to Q2 2026,78
DY,Dycom Industries,2025,2026,2,2,1,True,0,0,0,2,,0,-2,7.8,stock_life_cycles,2026-09-03,Q1 2007 to Q2 2026,78
IIIN,Insteel Industries Inc.,2025,2026,2,2,1,True,0,0,0,2,,0,-2,7.8,stock_life_cycles,2026-09-03,Q1 2007 to Q2 2026,78
EBC,Eastern Bankshares Inc.,2025,2026,2,2,1,True,0,0,0,2,,0,-2,7.8,stock_life_cycles,2026-09-03,Q1 2007 to Q2 2026,78
TT,Trane Technologies plc,2023,2026,4,6,3,False,2,2,0,2,Q3 2023,2,-2,7.8,stock_life_cycles,2026-09-03,Q1 2007 to Q2 2026,78
CATH,Global X S&P 500 Catholic Values ETF,2025,2026,2,3,1,True,0,0,0,3,,0,-3,7.7,stock_life_cycles,2026-09-03,Q1 2007 to Q2 2026,78
COCXF,Lindt & Spruengli AG,2024,2025,2,3,1,True,0,0,0,3,,0,-3,7.7,stock_life_cycles,2026-09-03,Q1 2007 to Q2 2026,78
DNB-OLD,Dun & Bradstreet,2022,2025,4,15,3,False,1,3,5,6,Q4 2022,3,-3,7.7,stock_life_cycles,2026-09-03,Q1 2007 to Q2 2026,78
ZG,Zillow Group Inc. CL A,2025,2025,1,4,1,True,1,0,2,1,Q1 2025,0,2,7.7,stock_life_cycles,2026-09-03,Q1 2007 to Q2 2026,78
ZLDSF,Zalando Se,2025,2025,1,2,1,True,1,0,1,0,Q2 2025,0,2,7.7,stock_life_cycles,2026-09-03,Q1 2007 to Q2 2026,78
MLCO,Melco Resorts & Entertainment,2024,2025,2,7,1,True,0,0,2,5,,0,-3,7.7,stock_life_cycles,2026-09-03,Q1 2007 to Q2 2026,78
ENT,Global Eagle Entertainment,2013,2019,7,10,2,False,2,2,4,2,Q4 2013,2,2,7.7,stock_life_cycles,2026-09-03,Q1 2007 to Q2 2026,78
AZPN-OLD,Aspen Technology Inc.,2019,2024,6,15,2,False,1,3,10,1,Q1 2022,3,7,7.7,stock_life_cycles,2026-09-03,Q1 2007 to Q2 2026,78
VYMI,Vanguard Int High Dvd Yld In,2025,2026,2,3,1,True,0,0,0,3,,0,-3,7.7,stock_life_cycles,2026-09-03,Q1 2007 to Q2 2026,78
JACK,Jack in the Box Inc.,2020,2022,3,12,3,False,3,3,4,2,Q1 2020,3,2,7.7,stock_life_cycles,2026-09-03,Q1 2007 to Q2 2026,78
VONG,Vanguard Russell 1000 Growth,2026,2026,1,2,1,True,1,0,1,0,Q1 2026,0,2,7.7,stock_life_cycles,2026-09-03,Q1 2007 to Q2 2026,78
NWE,Northwestern Corp.,2025,2026,2,5,1,True,0,0,1,4,,0,-3,7.7,stock_life_cycles,2026-09-03,Q1 2007 to Q2 2026,78
WILLF,Demant A s,2025,2025,1,2,1,True,1,0,1,0,Q1 2025,0,2,7.7,stock_life_cycles,2026-09-03,Q1 2007 to Q2 2026,78
HE,Hawaiian Electric Industries,2018,2024,7,10,2,False,2,2,4,2,Q3 2018,2,2,7.7,stock_life_cycles,2026-09-03,Q1 2007 to Q2 2026,78
EEFT,Euronet Worldwide Inc.,2025,2025,1,1,1,True,1,0,0,0,Q4 2025,0,1,7.6,stock_life_cycles,2026-09-03,Q1 2007 to Q2 2026,78
MBB,Ishares Mbs ETF,2026,2026,1,1,1,True,1,0,0,0,Q1 2026,0,1,7.6,stock_life_cycles,2026-09-03,Q1 2007 to Q2 2026,78
RVI,Robinhood Ventures Fund I,2026,2026,1,1,1,True,1,0,0,0,Q1 2026,0,1,7.6,stock_life_cycles,2026-09-03,Q1 2007 to Q2 2026,78
ANIP,ANI Pharmaceuticals Inc.,2026,2026,1,1,1,True,1,0,0,0,Q1 2026,0,1,7.6,stock_life_cycles,2026-09-03,Q1 2007 to Q2 2026,78
ANRO,Alto Neuroscience Inc,2026,2026,1,1,1,True,1,0,0,0,Q1 2026,0,1,7.6,stock_life_cycles,2026-09-03,Q1 2007 to Q2 2026,78
ANNX,Annexon Inc.,2026,2026,1,1,1,True,1,0,0,0,Q1 2026,0,1,7.6,stock_life_cycles,2026-09-03,Q1 2007 to Q2 2026,78
HSPT-OLD,Horizon Space Acquisition Ii,2026,2026,1,1,1,True,1,0,0,0,Q1 2026,0,1,7.6,stock_life_cycles,2026-09-03,Q1 2007 to Q2 2026,78
PUIGF,Puig Brands SA B,2025,2025,1,1,1,True,1,0,0,0,Q1 2025,0,1,7.6,stock_life_cycles,2026-09-03,Q1 2007 to Q2 2026,78
CASH,Meta Financial Group Inc.,2024,2024,1,1,1,True,1,0,0,0,Q2 2024,0,1,7.6,stock_life_cycles,2026-09-03,Q1 2007 to Q2 2026,78
UFPI,UFP Industries Inc.,2026,2026,1,1,1,True,1,0,0,0,Q2 2026,0,1,7.6,stock_life_cycles,2026-09-03,Q1 2007 to Q2 2026,78
MINE,Mayfair Gold Corp,2026,2026,1,1,1,True,1,0,0,0,Q1 2026,0,1,7.6,stock_life_cycles,2026-09-03,Q1 2007 to Q2 2026,78
IGOV,Ishares International Treasu,2026,2026,1,1,1,True,1,0,0,0,Q1 2026,0,1,7.6,stock_life_cycles,2026-09-03,Q1 2007 to Q2 2026,78
FRMI,Fermi Inc.,2026,2026,1,1,1,True,1,0,0,0,Q1 2026,0,1,7.6,stock_life_cycles,2026-09-03,Q1 2007 to Q2 2026,78
RNST,Renasant Corp.,2026,2026,1,1,1,True,1,0,0,0,Q1 2026,0,1,7.6,stock_life_cycles,2026-09-03,Q1 2007 to Q2 2026,78
ILF,Ishares Latin America 40 ETF,2025,2025,1,1,1,True,1,0,0,0,Q4 2025,0,1,7.6,stock_life_cycles,2026-09-03,Q1 2007 to Q2 2026,78
MCHI,Ishares Msci China ETF,2026,2026,1,1,1,True,1,0,0,0,Q1 2026,0,1,7.6,stock_life_cycles,2026-09-03,Q1 2007 to Q2 2026,78
ANDG,Andersen Group Inc   A,2025,2025,1,1,1,True,1,0,0,0,Q4 2025,0,1,7.6,stock_life_cycles,2026-09-03,Q1 2007 to Q2 2026,78
VIGI,Vanguard Int Div App Indx Fd,2026,2026,1,1,1,True,1,0,0,0,Q1 2026,0,1,7.6,stock_life_cycles,2026-09-03,Q1 2007 to Q2 2026,78
ARX,Accelerant Holdings Cl A,2025,2025,1,1,1,True,1,0,0,0,Q3 2025,0,1,7.6,stock_life_cycles,2026-09-03,Q1 2007 to Q2 2026,78
INFQ,Infleqtion Inc,2026,2026,1,1,1,True,1,0,0,0,Q1 2026,0,1,7.6,stock_life_cycles,2026-09-03,Q1 2007 to Q2 2026,78
INMD,Inmode Ltd,2025,2025,1,1,1,True,1,0,0,0,Q4 2025,0,1,7.6,stock_life_cycles,2026-09-03,Q1 2007 to Q2 2026,78
INOD,Innodata Inc.,2026,2026,1,1,1,True,1,0,0,0,Q1 2026,0,1,7.6,stock_life_cycles,2026-09-03,Q1 2007 to Q2 2026,78
VRM,Vroom Inc,2026,2026,1,1,1,True,1,0,0,0,Q1 2026,0,1,7.6,stock_life_cycles,2026-09-03,Q1 2007 to Q2 2026,78
VHT,Vanguard Health Care ETF,2026,2026,1,1,1,True,1,0,0,0,Q1 2026,0,1,7.6,stock_life_cycles,2026-09-03,Q1 2007 to Q2 2026,78
FSLY,Fastly Inc.,2026,2026,1,1,1,True,1,0,0,0,Q1 2026,0,1,7.6,stock_life_cycles,2026-09-03,Q1 2007 to Q2 2026,78
IJT,Ishares S&P  Small Cap 600 Gr,2025,2025,1,1,1,True,1,0,0,0,Q4 2025,0,1,7.6,stock_life_cycles,2026-09-03,Q1 2007 to Q2 2026,78
USFD,US Foods Holding Corp.,2026,2026,1,1,1,True,1,0,0,0,Q1 2026,0,1,7.6,stock_life_cycles,2026-09-03,Q1 2007 to Q2 2026,78
MNTN,Mntn Inc A,2025,2025,1,1,1,True,1,0,0,0,Q2 2025,0,1,7.6,stock_life_cycles,2026-09-03,Q1 2007 to Q2 2026,78
OBT,Orange County Bancorp Inc,2025,2025,1,1,1,True,1,0,0,0,Q2 2025,0,1,7.6,stock_life_cycles,2026-09-03,Q1 2007 to Q2 2026,78
OCSL,Oaktree Specialty Lending Corp,2023,2023,1,1,1,True,0,0,1,0,,0,1,7.6,stock_life_cycles,2026-09-03,Q1 2007 to Q2 2026,78
CTRN,Citi Trends Inc.,2026,2026,1,1,1,True,1,0,0,0,Q1 2026,0,1,7.6,stock_life_cycles,2026-09-03,Q1 2007 to Q2 2026,78
XNDU,Xanadu Quantum Technolo Cl B,2026,2026,1,1,1,True,1,0,0,0,Q1 2026,0,1,7.6,stock_life_cycles,2026-09-03,Q1 2007 to Q2 2026,78
DTE,DTE Energy Co.,2026,2026,1,1,1,True,1,0,0,0,Q1 2026,0,1,7.6,stock_life_cycles,2026-09-03,Q1 2007 to Q2 2026,78
FPS,Forgent Power Solutions Inc,2026,2026,1,1,1,True,1,0,0,0,Q1 2026,0,1,7.6,stock_life_cycles,2026-09-03,Q1 2007 to Q2 2026,78
ICHR,Ichor Holdings Ltd,2026,2026,1,1,1,True,1,0,0,0,Q1 2026,0,1,7.6,stock_life_cycles,2026-09-03,Q1 2007 to Q2 2026,78
XCEM,Columbia Em Core Ex China,2026,2026,1,1,1,True,1,0,0,0,Q1 2026,0,1,7.6,stock_life_cycles,2026-09-03,Q1 2007 to Q2 2026,78
BETR,Better Home & Finance Holdin,2026,2026,1,1,1,True,1,0,0,0,Q1 2026,0,1,7.6,stock_life_cycles,2026-09-03,Q1 2007 to Q2 2026,78
KLAR,Klarna Group Plc,2025,2025,1,1,1,True,1,0,0,0,Q3 2025,0,1,7.6,stock_life_cycles,2026-09-03,Q1 2007 to Q2 2026,78
ZD,Ziff Davis Inc.,2026,2026,1,1,1,True,1,0,0,0,Q1 2026,0,1,7.6,stock_life_cycles,2026-09-03,Q1 2007 to Q2 2026,78
CWAN-OLD,Clearwater Analytics Hds A,2023,2026,4,10,3,False,0,3,3,4,,3,-4,7.6,stock_life_cycles,2026-09-03,Q1 2007 to Q2 2026,78
ARCB,ArcBest Corp.,2026,2026,1,1,1,True,1,0,0,0,Q1 2026,0,1,7.6,stock_life_cycles,2026-09-03,Q1 2007 to Q2 2026,78
USIG,Ishares Broad Usd Investment,2026,2026,1,1,1,True,1,0,0,0,Q1 2026,0,1,7.6,stock_life_cycles,2026-09-03,Q1 2007 to Q2 2026,78
CEPT-OLD,Cantor Equity Partners Cl A,2026,2026,1,1,1,True,1,0,0,0,Q1 2026,0,1,7.6,stock_life_cycles,2026-09-03,Q1 2007 to Q2 2026,78
IART,Integra LifeSciences Holdings,2026,2026,1,1,1,True,1,0,0,0,Q1 2026,0,1,7.6,stock_life_cycles,2026-09-03,Q1 2007 to Q2 2026,78
FRDM,Freedom 100 Emeging Mrkt ETF,2026,2026,1,1,1,True,1,0,0,0,Q1 2026,0,1,7.6,stock_life_cycles,2026-09-03,Q1 2007 to Q2 2026,78
MORN,Morningstar Inc.,2026,2026,1,1,1,True,1,0,0,0,Q1 2026,0,1,7.6,stock_life_cycles,2026-09-03,Q1 2007 to Q2 2026,78
CEPU,Central Puerto Sponsored ADR,2026,2026,1,1,1,True,1,0,0,0,Q1 2026,0,1,7.6,stock_life_cycles,2026-09-03,Q1 2007 to Q2 2026,78
ILLUU,Illumination Acquisition Cor,2026,2026,1,1,1,True,1,0,0,0,Q1 2026,0,1,7.6,stock_life_cycles,2026-09-03,Q1 2007 to Q2 2026,78
TWST,Twist Bioscience Corp.,2026,2026,1,1,1,True,1,0,0,0,Q1 2026,0,1,7.6,stock_life_cycles,2026-09-03,Q1 2007 to Q2 2026,78
MFC,Manulife Financial Corp.,2026,2026,1,1,1,True,1,0,0,0,Q1 2026,0,1,7.6,stock_life_cycles,2026-09-03,Q1 2007 to Q2 2026,78
IMAX,IMAX Corp.,2020,2026,7,5,2,False,2,2,1,0,Q4 2020,2,1,7.6,stock_life_cycles,2026-09-03,Q1 2007 to Q2 2026,78
DLX,Deluxe Corp.,2026,2026,1,1,1,True,1,0,0,0,Q1 2026,0,1,7.6,stock_life_cycles,2026-09-03,Q1 2007 to Q2 2026,78
DNTH,Dianthus Therapeutics Inc,2026,2026,1,1,1,True,1,0,0,0,Q1 2026,0,1,7.6,stock_life_cycles,2026-09-03,Q1 2007 to Q2 2026,78
QUOT-OLD,Quotient Technology Inc.,2020,2023,4,14,3,False,2,4,3,5,Q4 2020,4,-4,7.6,stock_life_cycles,2026-09-03,Q1 2007 to Q2 2026,78
VGLT,Vanguard Long Term Treasury,2026,2026,1,1,1,True,1,0,0,0,Q1 2026,0,1,7.6,stock_life_cycles,2026-09-03,Q1 2007 to Q2 2026,78
VOT,Vanguard Mid Cap Growth ETF,2025,2025,1,1,1,True,1,0,0,0,Q2 2025,0,1,7.6,stock_life_cycles,2026-09-03,Q1 2007 to Q2 2026,78
SIL,Global X Silver Miners ETF,2025,2025,1,3,1,True,1,1,1,0,Q2 2025,1,1,7.6,stock_life_cycles,2026-09-03,Q1 2007 to Q2 2026,78
SHAZ,Sharonai Holdings Inc,2026,2026,1,1,1,True,1,0,0,0,Q1 2026,0,1,7.6,stock_life_cycles,2026-09-03,Q1 2007 to Q2 2026,78
AVNT,Avient Corp.,2026,2026,1,1,1,True,1,0,0,0,Q1 2026,0,1,7.6,stock_life_cycles,2026-09-03,Q1 2007 to Q2 2026,78
TER,Teradyne Inc.,2026,2026,1,1,1,True,1,0,0,0,Q1 2026,0,1,7.6,stock_life_cycles,2026-09-03,Q1 2007 to Q2 2026,78
ALVOW,Alvotech SA  27,2022,2022,1,1,1,True,1,0,0,0,Q2 2022,0,1,7.6,stock_life_cycles,2026-09-03,Q1 2007 to Q2 2026,78
BTAI,Bioxcel Therapeutics Inc,2025,2025,1,1,1,True,1,0,0,0,Q2 2025,0,1,7.6,stock_life_cycles,2026-09-03,Q1 2007 to Q2 2026,78
LOGI,Logitech International SA,2026,2026,1,1,1,True,1,0,0,0,Q1 2026,0,1,7.6,stock_life_cycles,2026-09-03,Q1 2007 to Q2 2026,78
LPTH,LightPath Technologies Inc. CL A,2026,2026,1,1,1,True,1,0,0,0,Q1 2026,0,1,7.6,stock_life_cycles,2026-09-03,Q1 2007 to Q2 2026,78
AMBA,Ambarella Inc.,2026,2026,1,1,1,True,1,0,0,0,Q1 2026,0,1,7.6,stock_life_cycles,2026-09-03,Q1 2007 to Q2 2026,78
SCZ,Ishares Msci Eafe Small Cap,2026,2026,1,1,1,True,1,0,0,0,Q1 2026,0,1,7.6,stock_life_cycles,2026-09-03,Q1 2007 to Q2 2026,78
FLYX.WS,Eg Acquisition Corp A  WTS28,2023,2023,1,1,1,True,1,0,0,0,Q4 2023,0,1,7.6,stock_life_cycles,2026-09-03,Q1 2007 to Q2 2026,78
PRTH,Priority Technology Holdings,2025,2025,1,1,1,True,1,0,0,0,Q4 2025,0,1,7.6,stock_life_cycles,2026-09-03,Q1 2007 to Q2 2026,78
JAN,Janus Living Inc Cl A 1,2026,2026,1,1,1,True,1,0,0,0,Q1 2026,0,1,7.6,stock_life_cycles,2026-09-03,Q1 2007 to Q2 2026,78
LTGIF,Lt Group Inc,2024,2024,1,1,1,True,1,0,0,0,Q1 2024,0,1,7.6,stock_life_cycles,2026-09-03,Q1 2007 to Q2 2026,78
PNFP,Pinnacle Financial Partners Inc.,2026,2026,1,1,1,True,1,0,0,0,Q1 2026,0,1,7.6,stock_life_cycles,2026-09-03,Q1 2007 to Q2 2026,78
FL-OLD,Foot Locker Inc.,2021,2024,4,10,3,False,3,3,0,4,Q4 2021,3,-4,7.6,stock_life_cycles,2026-09-03,Q1 2007 to Q2 2026,78
EMXC,Ishares Msci Emr Mrk Ex Chna,2026,2026,1,1,1,True,1,0,0,0,Q2 2026,0,1,7.6,stock_life_cycles,2026-09-03,Q1 2007 to Q2 2026,78
BWLP,Bw Lpg Ltd,2026,2026,1,1,1,True,1,0,0,0,Q1 2026,0,1,7.6,stock_life_cycles,2026-09-03,Q1 2007 to Q2 2026,78
DMRA,Damora Therapeutics Inc.,2026,2026,1,1,1,True,1,0,0,0,Q1 2026,0,1,7.6,stock_life_cycles,2026-09-03,Q1 2007 to Q2 2026,78
PTC,PTC Inc.,2022,2025,4,20,3,False,4,4,4,8,Q3 2022,4,-4,7.6,stock_life_cycles,2026-09-03,Q1 2007 to Q2 2026,78
SCCO,Southern Copper Corp.,2026,2026,1,1,1,True,1,0,0,0,Q1 2026,0,1,7.6,stock_life_cycles,2026-09-03,Q1 2007 to Q2 2026,78
AMRZ.SW,AMRIZE Ltd.,2026,2026,1,1,1,True,1,0,0,0,Q1 2026,0,1,7.6,stock_life_cycles,2026-09-03,Q1 2007 to Q2 2026,78
FTK,Flotek Industries Inc.,2026,2026,1,1,1,True,1,0,0,0,Q1 2026,0,1,7.6,stock_life_cycles,2026-09-03,Q1 2007 to Q2 2026,78
VPU,Vanguard Utilities ETF,2026,2026,1,1,1,True,1,0,0,0,Q1 2026,0,1,7.6,stock_life_cycles,2026-09-03,Q1 2007 to Q2 2026,78
SCHH,Schwab Us Reit ETF,2026,2026,1,1,1,True,1,0,0,0,Q1 2026,0,1,7.6,stock_life_cycles,2026-09-03,Q1 2007 to Q2 2026,78
SCHG,Schwab Us Large Cap Growth,2024,2024,1,1,1,True,0,0,1,0,,0,1,7.6,stock_life_cycles,2026-09-03,Q1 2007 to Q2 2026,78
SCHF,Schwab Intl Equity ETF,2026,2026,1,1,1,True,0,0,1,0,,0,1,7.6,stock_life_cycles,2026-09-03,Q1 2007 to Q2 2026,78
FLCA,Franklin FTSE Canada ETF,2023,2023,1,1,1,True,1,0,0,0,Q4 2023,0,1,7.6,stock_life_cycles,2026-09-03,Q1 2007 to Q2 2026,78
FLY,Firefly Aerospace Inc,2026,2026,1,1,1,True,1,0,0,0,Q1 2026,0,1,7.6,stock_life_cycles,2026-09-03,Q1 2007 to Q2 2026,78
FLYX,Flyexclusive Inc,2023,2023,1,1,1,True,1,0,0,0,Q4 2023,0,1,7.6,stock_life_cycles,2026-09-03,Q1 2007 to Q2 2026,78
PRAX,Praxis Precision Medicines Inc.,2026,2026,1,1,1,True,1,0,0,0,Q1 2026,0,1,7.6,stock_life_cycles,2026-09-03,Q1 2007 to Q2 2026,78
NAK,Northern Dynasty Minerals Ltd,2026,2026,1,1,1,True,1,0,0,0,Q1 2026,0,1,7.6,stock_life_cycles,2026-09-03,Q1 2007 to Q2 2026,78
IPAR,Inter Parfums Inc.,2026,2026,1,1,1,True,1,0,0,0,Q1 2026,0,1,7.6,stock_life_cycles,2026-09-03,Q1 2007 to Q2 2026,78
MANE,Veradermics Inc,2026,2026,1,1,1,True,1,0,0,0,Q1 2026,0,1,7.6,stock_life_cycles,2026-09-03,Q1 2007 to Q2 2026,78
PEPG,Pepgen Inc,2025,2025,1,1,1,True,0,0,1,0,,0,1,7.6,stock_life_cycles,2026-09-03,Q1 2007 to Q2 2026,78
NLR,Vaneck Urani & Nuclr ETF Usd,2025,2025,1,1,1,True,1,0,0,0,Q1 2025,0,1,7.6,stock_life_cycles,2026-09-03,Q1 2007 to Q2 2026,78
HBM,Hudbay Minerals Inc.,2026,2026,1,1,1,True,1,0,0,0,Q1 2026,0,1,7.6,stock_life_cycles,2026-09-03,Q1 2007 to Q2 2026,78
BMM,Blue Moon Metals Inc,2026,2026,1,1,1,True,1,0,0,0,Q1 2026,0,1,7.6,stock_life_cycles,2026-09-03,Q1 2007 to Q2 2026,78
SOLS,Solstice Adv Materials Inc,2026,2026,1,1,1,True,1,0,0,0,Q1 2026,0,1,7.6,stock_life_cycles,2026-09-03,Q1 2007 to Q2 2026,78
ETON,Eton Pharmaceuticals Inc.,2026,2026,1,1,1,True,1,0,0,0,Q1 2026,0,1,7.6,stock_life_cycles,2026-09-03,Q1 2007 to Q2 2026,78
EU,Encore Energy Corp,2024,2024,1,1,1,True,1,0,0,0,Q3 2024,0,1,7.6,stock_life_cycles,2026-09-03,Q1 2007 to Q2 2026,78
SMH,Semiconductor HOLDRs,2026,2026,1,1,1,True,1,0,0,0,Q1 2026,0,1,7.6,stock_life_cycles,2026-09-03,Q1 2007 to Q2 2026,78
BLSH,Bullish,2025,2025,1,1,1,True,1,0,0,0,Q3 2025,0,1,7.6,stock_life_cycles,2026-09-03,Q1 2007 to Q2 2026,78
ERFSF,Eurofins Scientific SE,2026,2026,1,1,1,True,1,0,0,0,Q1 2026,0,1,7.6,stock_life_cycles,2026-09-03,Q1 2007 to Q2 2026,78
LNT,Alliant Energy,2025,2026,2,4,1,True,0,0,0,4,,0,-4,7.6,stock_life_cycles,2026-09-03,Q1 2007 to Q2 2026,78
PICS,Pics Nv,2026,2026,1,1,1,True,1,0,0,0,Q1 2026,0,1,7.6,stock_life_cycles,2026-09-03,Q1 2007 to Q2 2026,78
SIVR,Abrdn Physical Silver Shares,2025,2025,1,1,1,True,1,0,0,0,Q4 2025,0,1,7.6,stock_life_cycles,2026-09-03,Q1 2007 to Q2 2026,78
LBRT,Liberty Oilfield Services Inc.,2025,2025,1,1,1,True,1,0,0,0,Q4 2025,0,1,7.6,stock_life_cycles,2026-09-03,Q1 2007 to Q2 2026,78
NOVT,Novanta Inc.,2026,2026,1,1,1,True,1,0,0,0,Q2 2026,0,1,7.6,stock_life_cycles,2026-09-03,Q1 2007 to Q2 2026,78
NUV,Nuveen Municipal Value,2025,2025,1,1,1,True,1,0,0,0,Q4 2025,0,1,7.6,stock_life_cycles,2026-09-03,Q1 2007 to Q2 2026,78
KRSP.WS,Rice Acquisition Corp 3,2025,2025,1,1,1,True,1,0,0,0,Q4 2025,0,1,7.6,stock_life_cycles,2026-09-03,Q1 2007 to Q2 2026,78
KRSP,Rice Acquisition Corp 3 A,2025,2025,1,1,1,True,1,0,0,0,Q4 2025,0,1,7.6,stock_life_cycles,2026-09-03,Q1 2007 to Q2 2026,78
ETOR,Etoro Group Ltd A,2025,2025,1,1,1,True,1,0,0,0,Q2 2025,0,1,7.6,stock_life_cycles,2026-09-03,Q1 2007 to Q2 2026,78
LAB,Standard Biotools Inc,2024,2024,1,1,1,True,1,0,0,0,Q1 2024,0,1,7.6,stock_life_cycles,2026-09-03,Q1 2007 to Q2 2026,78
WLTH,Wealthfront Corp,2025,2025,1,1,1,True,1,0,0,0,Q4 2025,0,1,7.6,stock_life_cycles,2026-09-03,Q1 2007 to Q2 2026,78
GEMI,Gemini Space Station Inc A,2025,2025,1,1,1,True,1,0,0,0,Q3 2025,0,1,7.6,stock_life_cycles,2026-09-03,Q1 2007 to Q2 2026,78
ALGM,Allegro MicroSystems Inc.,2026,2026,1,1,1,True,1,0,0,0,Q1 2026,0,1,7.6,stock_life_cycles,2026-09-03,Q1 2007 to Q2 2026,78
PAYP,Paypay Corp,2026,2026,1,1,1,True,1,0,0,0,Q1 2026,0,1,7.6,stock_life_cycles,2026-09-03,Q1 2007 to Q2 2026,78
PBFS,Pioneer Bancorp Inc.,2024,2024,1,1,1,True,0,0,1,0,,0,1,7.6,stock_life_cycles,2026-09-03,Q1 2007 to Q2 2026,78
COPX,Global X Copper Miners ETF,2026,2026,1,1,1,True,1,0,0,0,Q1 2026,0,1,7.6,stock_life_cycles,2026-09-03,Q1 2007 to Q2 2026,78
ORKA,Oruka Therapeutics Inc,2025,2025,1,1,1,True,1,0,0,0,Q3 2025,0,1,7.6,stock_life_cycles,2026-09-03,Q1 2007 to Q2 2026,78
KRTX-OLD,Karuna Therapeutics Inc.,2021,2024,4,18,3,False,0,3,7,8,,3,-4,7.6,stock_life_cycles,2026-09-03,Q1 2007 to Q2 2026,78
KPLTW,Katapult Holdings WTS 060926,2021,2021,1,1,1,True,1,0,0,0,Q2 2021,0,1,7.6,stock_life_cycles,2026-09-03,Q1 2007 to Q2 2026,78
STC,Stewart Information Services,2020,2026,7,5,2,False,1,1,2,1,Q1 2020,1,1,7.6,stock_life_cycles,2026-09-03,Q1 2007 to Q2 2026,78
HLI,Houlihan Lokey Inc.,2024,2026,3,4,3,False,0,2,2,0,,2,0,7.5,stock_life_cycles,2026-09-03,Q1 2007 to Q2 2026,78
PFG,Principal Financial Group,2025,2026,2,5,1,True,0,0,0,5,,0,-5,7.5,stock_life_cycles,2026-09-03,Q1 2007 to Q2 2026,78
CINF,Cincinnati Financial,2020,2026,7,4,2,False,2,2,0,0,Q4 2020,2,0,7.5,stock_life_cycles,2026-09-03,Q1 2007 to Q2 2026,78
CGEN,Compugen Ltd,2024,2024,1,2,1,True,0,0,1,1,,0,0,7.5,stock_life_cycles,2026-09-03,Q1 2007 to Q2 2026,78
DIN,Dine Brands Global Inc.,2019,2025,7,8,2,False,1,2,3,2,Q4 2019,2,0,7.5,stock_life_cycles,2026-09-03,Q1 2007 to Q2 2026,78
HUBG,Hub Group 'A',2025,2026,2,5,1,True,0,0,0,5,,0,-5,7.5,stock_life_cycles,2026-09-03,Q1 2007 to Q2 2026,78
BATL,Battalion Oil Corp.,2025,2025,1,2,1,True,0,0,1,1,,0,0,7.5,stock_life_cycles,2026-09-03,Q1 2007 to Q2 2026,78
HMRZF,Hennes & Mauritz Ab B Shs,2025,2025,1,2,1,True,1,0,0,1,Q1 2025,0,0,7.5,stock_life_cycles,2026-09-03,Q1 2007 to Q2 2026,78
INN,Summit Hotel Properties Inc.,2025,2025,1,2,1,True,1,0,0,1,Q2 2025,0,0,7.5,stock_life_cycles,2026-09-03,Q1 2007 to Q2 2026,78
ASLE,Aersale Corp,2025,2025,1,2,1,True,1,0,0,1,Q2 2025,0,0,7.5,stock_life_cycles,2026-09-03,Q1 2007 to Q2 2026,78
MDLA,Medallia Inc.,2019,2021,3,6,3,False,2,3,1,0,Q3 2019,3,0,7.5,stock_life_cycles,2026-09-03,Q1 2007 to Q2 2026,78
ONIT,Onity Group Inc.,2018,2026,9,26,2,False,1,3,7,15,Q4 2025,3,-10,7.5,stock_life_cycles,2026-09-03,Q1 2007 to Q2 2026,78
LTSSF,Lotus Bakeries,2025,2025,1,2,1,True,1,0,0,1,Q1 2025,0,0,7.5,stock_life_cycles,2026-09-03,Q1 2007 to Q2 2026,78
BULL,Webull Corp,2025,2025,1,2,1,True,1,0,0,1,Q2 2025,0,0,7.5,stock_life_cycles,2026-09-03,Q1 2007 to Q2 2026,78
EDR-OLD,Endeavor Group Holdings Inc.,2021,2023,3,10,3,False,3,3,2,2,Q2 2021,3,0,7.5,stock_life_cycles,2026-09-03,Q1 2007 to Q2 2026,78
TCVA-OLD,TCV Acquisition Corp.,2021,2023,3,6,3,False,3,3,0,0,Q2 2021,3,0,7.5,stock_life_cycles,2026-09-03,Q1 2007 to Q2 2026,78
SDGR,SCHRODINGER Inc.,2020,2020,1,4,1,True,1,0,1,2,Q1 2020,0,0,7.5,stock_life_cycles,2026-09-03,Q1 2007 to Q2 2026,78
VCEL,Vericel Corp.,2025,2025,1,1,1,True,0,0,0,1,,0,-1,7.4,stock_life_cycles,2026-09-03,Q1 2007 to Q2 2026,78
RUSHB,Rush Enterprises Inc. - CL B,2026,2026,1,1,1,True,0,0,0,1,,0,-1,7.4,stock_life_cycles,2026-09-03,Q1 2007 to Q2 2026,78
BLND,Blend Labs Inc.,2021,2026,6,22,2,False,2,2,11,7,Q3 2021,2,4,7.4,stock_life_cycles,2026-09-03,Q1 2007 to Q2 2026,78
BIP,Brookfield Infrastructure Partners,2010,2016,7,5,2,False,2,2,0,1,Q4 2010,2,-1,7.4,stock_life_cycles,2026-09-03,Q1 2007 to Q2 2026,78
COL,Rockwell Collins,2012,2018,7,13,2,False,1,2,5,5,Q3 2018,2,-1,7.4,stock_life_cycles,2026-09-03,Q1 2007 to Q2 2026,78
CHNG-OLD,Change Healthcare Inc.,2020,2022,3,19,3,False,3,3,6,7,Q1 2020,3,-1,7.4,stock_life_cycles,2026-09-03,Q1 2007 to Q2 2026,78
FUBO,fuboTV Inc.,2020,2026,7,7,2,False,2,2,1,2,Q4 2020,2,-1,7.4,stock_life_cycles,2026-09-03,Q1 2007 to Q2 2026,78
GUTS,Fractyl Health Inc,2026,2026,1,1,1,True,0,0,0,1,,0,-1,7.4,stock_life_cycles,2026-09-03,Q1 2007 to Q2 2026,78
WING,Wingstop Inc.,2021,2026,6,12,2,False,3,3,5,1,Q1 2021,3,4,7.4,stock_life_cycles,2026-09-03,Q1 2007 to Q2 2026,78
XT,Ishar Fture Exp Tech ETF Usd,2025,2025,1,1,1,True,0,0,0,1,,0,-1,7.4,stock_life_cycles,2026-09-03,Q1 2007 to Q2 2026,78
BMO,Bank of Montreal,2025,2025,1,1,1,True,0,0,0,1,,0,-1,7.4,stock_life_cycles,2026-09-03,Q1 2007 to Q2 2026,78
FRX-OLD,Forest Laboratories,2008,2014,7,7,2,False,1,2,2,2,Q2 2008,2,-1,7.4,stock_life_cycles,2026-09-03,Q1 2007 to Q2 2026,78
DRC,Dresser Rand Group Inc.,2013,2015,3,9,3,False,3,3,1,2,Q2 2013,3,-1,7.4,stock_life_cycles,2026-09-03,Q1 2007 to Q2 2026,78
CATO,Cato Corp. CL A,2022,2022,1,1,1,True,0,0,0,1,,0,-1,7.4,stock_life_cycles,2026-09-03,Q1 2007 to Q2 2026,78
CAE,CAE Inc.,2025,2025,1,1,1,True,0,0,0,1,,0,-1,7.4,stock_life_cycles,2026-09-03,Q1 2007 to Q2 2026,78
JCP,Penney (J.C.),2010,2015,6,8,2,False,2,2,4,0,Q3 2010,2,4,7.4,stock_life_cycles,2026-09-03,Q1 2007 to Q2 2026,78
TSEM,Tower Semiconductor Ltd.,2023,2025,3,7,3,False,2,3,1,1,Q3 2023,3,-1,7.4,stock_life_cycles,2026-09-03,Q1 2007 to Q2 2026,78
QCRH,QCR Holdings Inc.,2025,2025,1,4,1,True,0,0,1,3,,0,-2,7.3,stock_life_cycles,2026-09-03,Q1 2007 to Q2 2026,78
NSIT,Insight Enterprises Inc.,2021,2026,6,15,2,False,1,2,8,4,Q1 2021,2,3,7.3,stock_life_cycles,2026-09-03,Q1 2007 to Q2 2026,78
GGP,Genl Growth Properties,2008,2013,6,13,2,False,3,2,5,3,Q4 2008,2,3,7.3,stock_life_cycles,2026-09-03,Q1 2007 to Q2 2026,78
TRMB,Trimble Inc.,2024,2026,3,4,3,False,1,3,0,0,Q1 2024,3,-2,7.3,stock_life_cycles,2026-09-03,Q1 2007 to Q2 2026,78
TRVI,Trevi Therapeutics Inc.,2025,2025,1,4,1,True,0,0,1,3,,0,-2,7.3,stock_life_cycles,2026-09-03,Q1 2007 to Q2 2026,78
EIX,Edison Int'l,2019,2025,7,4,2,False,1,2,0,1,Q2 2019,2,-2,7.3,stock_life_cycles,2026-09-03,Q1 2007 to Q2 2026,78
VC,Visteon Corp.,2019,2025,7,8,2,False,2,3,1,2,Q3 2019,3,-2,7.3,stock_life_cycles,2026-09-03,Q1 2007 to Q2 2026,78
EVR,Evercore Inc.,2024,2026,3,6,3,False,1,2,1,2,Q2 2025,2,-2,7.3,stock_life_cycles,2026-09-03,Q1 2007 to Q2 2026,78
ALRS,Alerus Financial Corp.,2025,2025,1,4,1,True,0,0,1,3,,0,-2,7.3,stock_life_cycles,2026-09-03,Q1 2007 to Q2 2026,78
VMD,Viemed Healthcare Inc.,2021,2026,6,5,2,False,1,1,3,0,Q2 2021,1,3,7.3,stock_life_cycles,2026-09-03,Q1 2007 to Q2 2026,78
CTLP-OLD,Cantaloupe Inc.,2021,2026,6,6,2,False,2,2,2,0,Q1 2021,2,2,7.2,stock_life_cycles,2026-09-03,Q1 2007 to Q2 2026,78
S,SentinelOne Inc.,2021,2023,3,17,3,False,3,3,4,7,Q2 2021,3,-3,7.2,stock_life_cycles,2026-09-03,Q1 2007 to Q2 2026,78
WBT-OLD,Welbilt Inc.,2016,2022,7,9,2,False,2,2,1,4,Q1 2016,2,-3,7.2,stock_life_cycles,2026-09-03,Q1 2007 to Q2 2026,78
ETSY,Etsy Inc.,2024,2026,3,7,3,False,2,3,0,2,Q3 2025,3,-3,7.2,stock_life_cycles,2026-09-03,Q1 2007 to Q2 2026,78
SHPG,Shire plc,2018,2019,2,7,3,False,3,3,1,0,Q2 2018,3,1,7.1,stock_life_cycles,2026-09-03,Q1 2007 to Q2 2026,78
BPMC-OLD,Blueprint Medicines Corp.,2020,2025,6,11,2,False,1,2,5,3,Q4 2020,2,1,7.1,stock_life_cycles,2026-09-03,Q1 2007 to Q2 2026,78
TALK,Talkspace Inc.,2021,2026,6,5,2,False,1,1,2,1,Q1 2021,1,1,7.1,stock_life_cycles,2026-09-03,Q1 2007 to Q2 2026,78
PSTH-OLD,Pershing Square Tontine Holdings Ltd,2020,2022,3,8,3,False,2,3,0,3,Q3 2020,3,-4,7.1,stock_life_cycles,2026-09-03,Q1 2007 to Q2 2026,78
VIAB,Viacom Inc.,2010,2015,6,9,2,False,1,2,4,2,Q1 2012,2,1,7.1,stock_life_cycles,2026-09-03,Q1 2007 to Q2 2026,78
SVV,Savers Value Village Inc,2024,2026,3,12,3,False,3,4,1,4,Q2 2024,4,-4,7.1,stock_life_cycles,2026-09-03,Q1 2007 to Q2 2026,78
XERS,Xeris Pharmaceuticals Inc.,2021,2026,6,7,2,False,1,2,3,1,Q4 2021,2,1,7.1,stock_life_cycles,2026-09-03,Q1 2007 to Q2 2026,78
ROOT,Root Inc. CL A,2021,2026,6,5,2,False,2,2,1,0,Q1 2021,2,1,7.1,stock_life_cycles,2026-09-03,Q1 2007 to Q2 2026,78
WES,Western Midstream Partners LP,2020,2022,3,20,3,False,4,4,4,8,Q1 2020,4,-4,7.1,stock_life_cycles,2026-09-03,Q1 2007 to Q2 2026,78
PATH,UiPath Inc.,2021,2026,6,7,2,False,2,1,2,2,Q2 2021,1,1,7.1,stock_life_cycles,2026-09-03,Q1 2007 to Q2 2026,78
PWR,Quanta Services,2019,2026,8,10,2,False,0,1,0,9,,1,-10,7.0,stock_life_cycles,2026-09-03,Q1 2007 to Q2 2026,78
SHOS,Sears Hometown & Outlet Stores,2014,2019,6,10,2,False,2,2,3,3,Q3 2014,2,0,7.0,stock_life_cycles,2026-09-03,Q1 2007 to Q2 2026,78
JEF-OLD,Jefferies Group Inc.-old,2008,2013,6,6,2,False,3,3,0,0,Q4 2008,3,0,7.0,stock_life_cycles,2026-09-03,Q1 2007 to Q2 2026,78
DENN-OLD,Denny's Corp.,2020,2025,6,4,2,False,1,2,1,0,Q4 2020,2,0,7.0,stock_life_cycles,2026-09-03,Q1 2007 to Q2 2026,78
PLNT,Planet Fitness Inc.,2024,2025,2,6,3,False,3,3,0,0,Q2 2024,3,0,7.0,stock_life_cycles,2026-09-03,Q1 2007 to Q2 2026,78
MED,Medifast Inc.,2019,2024,6,8,2,False,2,2,2,2,Q3 2019,2,0,7.0,stock_life_cycles,2026-09-03,Q1 2007 to Q2 2026,78
CBRL,Cracker Barrel Old Cntry Store,2022,2026,5,7,2,False,2,1,4,0,Q2 2022,1,5,7.0,stock_life_cycles,2026-09-03,Q1 2007 to Q2 2026,78
RBRK,Rubrik Inc A,2024,2025,2,6,3,False,3,3,0,0,Q2 2024,3,0,7.0,stock_life_cycles,2026-09-03,Q1 2007 to Q2 2026,78
JOBY.WS,Joby Aviation Inc. WTS,2021,2023,3,11,3,False,3,3,0,5,Q3 2021,3,-5,7.0,stock_life_cycles,2026-09-03,Q1 2007 to Q2 2026,78
SRAD,Sportradar Group AG,2021,2026,6,4,2,False,2,2,0,0,Q3 2021,2,0,7.0,stock_life_cycles,2026-09-03,Q1 2007 to Q2 2026,78
PFS,Provident Financial Services Inc.,2020,2025,6,4,2,False,2,2,0,0,Q3 2020,2,0,7.0,stock_life_cycles,2026-09-03,Q1 2007 to Q2 2026,78
RTO,Rentokil Initial plc,2024,2025,2,5,3,False,2,3,0,0,Q2 2024,3,-1,6.9,stock_life_cycles,2026-09-03,Q1 2007 to Q2 2026,78
RTP.U,Reinvent Technology Partners Units,2020,2021,2,5,3,False,2,3,0,0,Q3 2020,3,-1,6.9,stock_life_cycles,2026-09-03,Q1 2007 to Q2 2026,78
TPHS,Trinity Place Holdings,2019,2025,7,38,2,False,0,2,16,20,,2,-6,6.9,stock_life_cycles,2026-09-03,Q1 2007 to Q2 2026,78
BILI,Bilibili Inc.,2020,2025,6,7,2,False,3,3,0,1,Q4 2020,3,-1,6.9,stock_life_cycles,2026-09-03,Q1 2007 to Q2 2026,78
AOS,A.O. Smith Corp.,2019,2022,4,13,2,False,1,2,10,0,Q1 2020,2,9,6.9,stock_life_cycles,2026-09-03,Q1 2007 to Q2 2026,78
ENDP,Endo International plc,2017,2022,6,10,2,False,1,2,3,4,Q1 2017,2,-2,6.8,stock_life_cycles,2026-09-03,Q1 2007 to Q2 2026,78
GPOR,Gulfport Energy Corp.,2020,2026,7,21,2,False,3,4,4,10,Q1 2020,4,-7,6.8,stock_life_cycles,2026-09-03,Q1 2007 to Q2 2026,78
AIG.WS,American Intl. Grp. WTS,2015,2017,3,15,3,False,1,3,3,8,Q3 2015,3,-7,6.8,stock_life_cycles,2026-09-03,Q1 2007 to Q2 2026,78
MCY,Mercury General Corp.,2018,2025,8,26,1,False,0,1,17,8,,1,8,6.8,stock_life_cycles,2026-09-03,Q1 2007 to Q2 2026,78
SPLK-OLD,Splunk Inc.,2021,2023,3,17,3,False,1,3,4,9,Q2 2021,3,-7,6.8,stock_life_cycles,2026-09-03,Q1 2007 to Q2 2026,78
BZ,Kanzhun Ltd,2021,2026,6,16,2,False,2,2,5,7,Q2 2021,2,-2,6.8,stock_life_cycles,2026-09-03,Q1 2007 to Q2 2026,78
MTTR,Matterport Inc.,2021,2022,2,7,3,False,2,3,0,2,Q3 2021,3,-3,6.7,stock_life_cycles,2026-09-03,Q1 2007 to Q2 2026,78
DK,Delek US Holdings Inc.,2019,2024,6,11,2,False,3,3,1,4,Q3 2019,3,-3,6.7,stock_life_cycles,2026-09-03,Q1 2007 to Q2 2026,78
CHKEL,Chesapeake Energy Corp. WTS,2021,2026,6,9,2,False,3,3,0,3,Q1 2021,3,-3,6.7,stock_life_cycles,2026-09-03,Q1 2007 to Q2 2026,78
EA,Electronic Arts,2019,2024,6,17,2,False,2,2,5,8,Q2 2019,2,-3,6.7,stock_life_cycles,2026-09-03,Q1 2007 to Q2 2026,78
ED,Consolidated Edison,2017,2023,7,8,2,False,0,2,0,6,,2,-8,6.7,stock_life_cycles,2026-09-03,Q1 2007 to Q2 2026,78
OBDC,Blue Owl Capital Corp.,2022,2026,5,10,2,False,3,3,3,1,Q1 2022,3,2,6.7,stock_life_cycles,2026-09-03,Q1 2007 to Q2 2026,78
LTRPA-OLD,Liberty TripAdvisor Hldgs,2020,2024,5,8,2,False,1,2,4,1,Q1 2020,2,2,6.7,stock_life_cycles,2026-09-03,Q1 2007 to Q2 2026,78
IQ,iQIYI Inc.,2021,2025,5,9,2,False,1,2,4,2,Q1 2021,2,1,6.6,stock_life_cycles,2026-09-03,Q1 2007 to Q2 2026,78
SEMR-OLD,SEMrush Holdings Inc.,2021,2025,5,19,2,False,2,2,8,7,Q1 2021,2,1,6.6,stock_life_cycles,2026-09-03,Q1 2007 to Q2 2026,78
YNDX,Yandex N.V.,2019,2025,7,15,2,False,1,2,2,10,Q4 2019,2,-9,6.6,stock_life_cycles,2026-09-03,Q1 2007 to Q2 2026,78
WNS-OLD,WNS Holdings ADR,2021,2025,5,7,2,False,2,2,2,1,Q2 2021,2,1,6.6,stock_life_cycles,2026-09-03,Q1 2007 to Q2 2026,78
IMKTA,Ingles Markets Inc.,2020,2024,5,4,2,False,1,2,1,0,Q4 2020,2,0,6.5,stock_life_cycles,2026-09-03,Q1 2007 to Q2 2026,78
PRCH,Porch Group Inc,2022,2026,5,6,2,False,2,2,1,1,Q3 2022,2,0,6.5,stock_life_cycles,2026-09-03,Q1 2007 to Q2 2026,78
TW-OLD,Towers Watson & Co.,2012,2016,5,6,2,False,2,2,1,1,Q4 2012,2,0,6.5,stock_life_cycles,2026-09-03,Q1 2007 to Q2 2026,78
HIPO,Hippo Holdings Inc.,2021,2021,1,6,3,False,3,3,0,0,Q1 2021,3,0,6.5,stock_life_cycles,2026-09-03,Q1 2007 to Q2 2026,78
PBI,Pitney Bowes Inc.,2021,2026,6,17,2,False,1,2,5,9,Q2 2025,2,-5,6.5,stock_life_cycles,2026-09-03,Q1 2007 to Q2 2026,78
BMBL,Bumble Inc.,2021,2025,5,4,2,False,2,2,0,0,Q1 2021,2,0,6.5,stock_life_cycles,2026-09-03,Q1 2007 to Q2 2026,78
RTPYU,Reinvent Technology Partners Y Units,2021,2021,1,7,3,False,3,3,0,1,Q1 2021,3,-1,6.4,stock_life_cycles,2026-09-03,Q1 2007 to Q2 2026,78
FDO,Family Dollar Stores,2011,2015,5,7,2,False,1,2,2,2,Q1 2011,2,-1,6.4,stock_life_cycles,2026-09-03,Q1 2007 to Q2 2026,78
ACHR,Archer Aviation Inc.,2021,2025,5,5,2,False,2,2,0,1,Q3 2021,2,-1,6.4,stock_life_cycles,2026-09-03,Q1 2007 to Q2 2026,78
AAMI,Acadian Asset Management Inc.,2021,2025,5,5,2,False,1,2,1,1,Q1 2021,2,-1,6.4,stock_life_cycles,2026-09-03,Q1 2007 to Q2 2026,78
SKYW,SkyWest Inc.,2022,2026,5,5,2,False,1,2,1,1,Q4 2022,2,-1,6.4,stock_life_cycles,2026-09-03,Q1 2007 to Q2 2026,78
PSFE,Paysafe Ltd,2021,2021,1,8,3,False,3,3,0,2,Q1 2021,3,-2,6.3,stock_life_cycles,2026-09-03,Q1 2007 to Q2 2026,78
CCAP,Crescent Capital BDC Inc.,2020,2025,6,11,2,False,2,2,0,7,Q1 2020,2,-7,6.3,stock_life_cycles,2026-09-03,Q1 2007 to Q2 2026,78
KERX,Keryx Biopharmaceuticals Inc.,2015,2018,4,8,2,False,1,2,4,1,Q3 2015,2,2,6.2,stock_life_cycles,2026-09-03,Q1 2007 to Q2 2026,78
PSQ,ProShares Short QQQ,2020,2023,4,6,2,False,2,2,2,0,Q3 2020,2,2,6.2,stock_life_cycles,2026-09-03,Q1 2007 to Q2 2026,78
PUMP,ProPetro Holding Corp.,2023,2026,4,4,2,False,1,1,2,0,Q3 2023,1,2,6.2,stock_life_cycles,2026-09-03,Q1 2007 to Q2 2026,78
SCU-OLD,Sculptor Capital Management,2019,2023,5,11,2,False,1,2,3,5,Q3 2019,2,-3,6.2,stock_life_cycles,2026-09-03,Q1 2007 to Q2 2026,78
TPICQ-OLD,TPI Composites Inc.,2022,2025,4,6,2,False,2,2,2,0,Q3 2022,2,2,6.2,stock_life_cycles,2026-09-03,Q1 2007 to Q2 2026,78
RUN,Sunrun Inc.,2018,2022,5,3,2,False,0,2,0,1,,2,-3,6.2,stock_life_cycles,2026-09-03,Q1 2007 to Q2 2026,78
DV,DoubleVerify Holdings Inc.,2021,2025,5,7,2,False,1,1,1,4,Q2 2021,1,-3,6.2,stock_life_cycles,2026-09-03,Q1 2007 to Q2 2026,78
RDFN,Redfin Corp.,2021,2025,5,7,2,False,1,2,1,3,Q2 2025,2,-3,6.2,stock_life_cycles,2026-09-03,Q1 2007 to Q2 2026,78
MRNA,Moderna Inc.,2021,2025,5,15,2,False,2,3,4,6,Q2 2021,3,-3,6.2,stock_life_cycles,2026-09-03,Q1 2007 to Q2 2026,78
GOGL-OLD,Golden Ocean Grp,2021,2024,4,5,2,False,2,2,1,0,Q1 2021,2,1,6.1,stock_life_cycles,2026-09-03,Q1 2007 to Q2 2026,78
PGY,Pagaya Technologies Ltd  A,2022,2026,5,10,2,False,2,2,1,5,Q3 2022,2,-4,6.1,stock_life_cycles,2026-09-03,Q1 2007 to Q2 2026,78
CHKEZ,Chesapeake Energy Corp. CL B WTS,2021,2025,5,8,2,False,2,2,0,4,Q1 2021,2,-4,6.1,stock_life_cycles,2026-09-03,Q1 2007 to Q2 2026,78
SPNS-OLD,Sapiens International Corp,2023,2025,3,14,2,False,0,2,10,2,,2,6,6.1,stock_life_cycles,2026-09-03,Q1 2007 to Q2 2026,78
KOS,Kosmos Energy Ltd.,2023,2025,3,12,2,False,1,2,8,1,Q3 2023,2,6,6.1,stock_life_cycles,2026-09-03,Q1 2007 to Q2 2026,78
ESTC,Elastic NV,2022,2026,5,6,2,False,1,3,0,2,Q3 2023,3,-4,6.1,stock_life_cycles,2026-09-03,Q1 2007 to Q2 2026,78
VERX,Vertex Inc.,2022,2025,4,5,2,False,1,2,2,0,Q1 2025,2,1,6.1,stock_life_cycles,2026-09-03,Q1 2007 to Q2 2026,78
BBBYQ-OLD,Bed Bath & Beyond,2019,2022,4,9,2,False,2,3,3,1,Q3 2019,3,1,6.1,stock_life_cycles,2026-09-03,Q1 2007 to Q2 2026,78
SBLK,Star Bulk Carriers Corp.,2022,2026,5,14,2,False,1,2,4,7,Q2 2023,2,-4,6.1,stock_life_cycles,2026-09-03,Q1 2007 to Q2 2026,78
JBHT,J.B. Hunt Transport Services Inc.,2023,2026,4,7,2,False,1,1,3,2,Q1 2026,1,1,6.1,stock_life_cycles,2026-09-03,Q1 2007 to Q2 2026,78
NX,Quanex Building Products,2024,2026,3,9,2,False,1,1,6,1,Q3 2024,1,5,6.0,stock_life_cycles,2026-09-03,Q1 2007 to Q2 2026,78
AYX-OLD,Alteryx Inc.,2019,2022,4,12,2,False,2,2,4,4,Q3 2019,2,0,6.0,stock_life_cycles,2026-09-03,Q1 2007 to Q2 2026,78
IOT,Samsara Inc Cl A,2022,2025,4,4,2,False,2,2,0,0,Q2 2022,2,0,6.0,stock_life_cycles,2026-09-03,Q1 2007 to Q2 2026,78
HNR,Harvest Natural Resources Inc.,2009,2014,6,14,2,False,2,3,0,9,Q2 2011,3,-10,6.0,stock_life_cycles,2026-09-03,Q1 2007 to Q2 2026,78
WDC,Western Digital Corp.,2019,2022,4,8,2,False,2,3,2,1,Q3 2020,3,0,6.0,stock_life_cycles,2026-09-03,Q1 2007 to Q2 2026,78
TBPH,Theravance Biopharma Inc.,2016,2024,9,13,1,False,0,1,4,8,,1,-5,6.0,stock_life_cycles,2026-09-03,Q1 2007 to Q2 2026,78
RYAM,Rayonier Advanced Materials Inc.,2014,2017,4,8,2,False,2,2,2,2,Q3 2014,2,0,6.0,stock_life_cycles,2026-09-03,Q1 2007 to Q2 2026,78
VTS,Vitesse Energy Inc.,2023,2026,4,4,2,False,2,2,0,0,Q1 2023,2,0,6.0,stock_life_cycles,2026-09-03,Q1 2007 to Q2 2026,78
MMP-OLD,Magellan Midstream Partners LP,2020,2023,4,6,2,False,3,3,0,0,Q4 2020,3,0,6.0,stock_life_cycles,2026-09-03,Q1 2007 to Q2 2026,78
XLP,Consumer Staples SPDR,2023,2026,4,4,2,False,2,2,0,0,Q3 2023,2,0,6.0,stock_life_cycles,2026-09-03,Q1 2007 to Q2 2026,78
XTO,XTO Energy Inc.,2007,2010,4,4,2,False,2,2,0,0,Q4 2007,2,0,6.0,stock_life_cycles,2026-09-03,Q1 2007 to Q2 2026,78
JWSN.WS,Jaws Mustang Acquisition WTS 013026,2021,2024,4,4,2,False,2,2,0,0,Q2 2021,2,0,6.0,stock_life_cycles,2026-09-03,Q1 2007 to Q2 2026,78
PPO,Polypore International Inc.,2012,2015,4,4,2,False,2,2,0,0,Q1 2012,2,0,6.0,stock_life_cycles,2026-09-03,Q1 2007 to Q2 2026,78
JAMF-OLD,Jamf Holding Corp.,2022,2025,4,5,2,False,0,2,2,1,,2,-1,5.9,stock_life_cycles,2026-09-03,Q1 2007 to Q2 2026,78
BERY-OLD,Berry Global Group Inc.,2021,2024,4,7,2,False,1,2,2,2,Q2 2021,2,-1,5.9,stock_life_cycles,2026-09-03,Q1 2007 to Q2 2026,78
KC,Kingsoft Cloud Holdings,2022,2025,4,3,2,False,1,2,0,0,Q1 2025,2,-1,5.9,stock_life_cycles,2026-09-03,Q1 2007 to Q2 2026,78
DBI,Designer Brands Inc.,2018,2021,4,5,2,False,1,2,1,1,Q2 2020,2,-1,5.9,stock_life_cycles,2026-09-03,Q1 2007 to Q2 2026,78
BRLT,Brilliant Earth Group Inc A,2022,2025,4,9,2,False,3,3,1,2,Q3 2022,3,-1,5.9,stock_life_cycles,2026-09-03,Q1 2007 to Q2 2026,78
FIVN,Five9 Inc.,2023,2026,4,7,2,False,0,2,3,2,,2,-1,5.9,stock_life_cycles,2026-09-03,Q1 2007 to Q2 2026,78
FRSH,Freshworks Inc.,2021,2024,4,13,2,False,2,2,4,5,Q3 2021,2,-1,5.9,stock_life_cycles,2026-09-03,Q1 2007 to Q2 2026,78
NET,Cloudflare Inc.,2019,2022,4,3,2,False,1,2,0,0,Q3 2019,2,-1,5.9,stock_life_cycles,2026-09-03,Q1 2007 to Q2 2026,78
VRMMQ-OLD,Vroom Inc.,2021,2024,4,10,2,False,4,5,0,1,Q1 2022,5,-2,5.8,stock_life_cycles,2026-09-03,Q1 2007 to Q2 2026,78
FE,FirstEnergy Corp.,2021,2024,4,6,2,False,1,2,1,2,Q1 2021,2,-2,5.8,stock_life_cycles,2026-09-03,Q1 2007 to Q2 2026,78
NCNO,nCino Inc.,2022,2025,4,8,2,False,1,2,2,3,Q2 2024,2,-2,5.8,stock_life_cycles,2026-09-03,Q1 2007 to Q2 2026,78
AVLR-OLD,Avalara Inc.,2019,2022,4,8,2,False,1,2,2,3,Q2 2019,2,-2,5.8,stock_life_cycles,2026-09-03,Q1 2007 to Q2 2026,78
LORL,Loral Space & Communications,2018,2021,4,12,2,False,1,2,4,5,Q4 2019,2,-2,5.8,stock_life_cycles,2026-09-03,Q1 2007 to Q2 2026,78
MTG,MGIC Investment,2023,2026,4,4,2,False,0,2,1,1,,2,-2,5.8,stock_life_cycles,2026-09-03,Q1 2007 to Q2 2026,78
ATH,Athene Holding Ltd.,2020,2022,3,8,2,False,2,2,3,1,Q3 2020,2,2,5.7,stock_life_cycles,2026-09-03,Q1 2007 to Q2 2026,78
WORK,Slack Technologies Inc.,2019,2021,3,14,2,False,2,2,6,4,Q3 2019,2,2,5.7,stock_life_cycles,2026-09-03,Q1 2007 to Q2 2026,78
OM,Outset Medical Inc.,2022,2025,4,5,2,False,1,2,0,2,Q1 2025,2,-3,5.7,stock_life_cycles,2026-09-03,Q1 2007 to Q2 2026,78
BELFA,Bel Fuse Inc. CL A,2022,2025,4,5,2,False,1,2,0,2,Q1 2025,2,-3,5.7,stock_life_cycles,2026-09-03,Q1 2007 to Q2 2026,78
PCGU,PG&E Units,2020,2023,4,5,2,False,1,2,0,2,Q3 2020,2,-3,5.7,stock_life_cycles,2026-09-03,Q1 2007 to Q2 2026,78
ICDI,Independence Contract Drilling,2018,2024,7,6,1,False,2,2,2,0,Q1 2018,2,2,5.7,stock_life_cycles,2026-09-03,Q1 2007 to Q2 2026,78
MDC-OLD,M.D.C. Hldgs,2020,2023,4,11,2,False,2,2,2,5,Q2 2020,2,-3,5.7,stock_life_cycles,2026-09-03,Q1 2007 to Q2 2026,78
VRAYQ,ViewRay Inc.,2019,2025,7,18,1,False,0,1,10,7,,1,2,5.7,stock_life_cycles,2026-09-03,Q1 2007 to Q2 2026,78
TLM,Talisman Energy Inc.,2013,2015,3,5,2,False,2,2,1,0,Q3 2013,2,1,5.6,stock_life_cycles,2026-09-03,Q1 2007 to Q2 2026,78
LE,Lands End Inc.,2014,2017,4,16,2,False,3,3,3,7,Q2 2014,3,-4,5.6,stock_life_cycles,2026-09-03,Q1 2007 to Q2 2026,78
PLAN-OLD,ANAPLAN Inc.,2020,2022,3,5,2,False,1,2,2,0,Q1 2020,2,1,5.6,stock_life_cycles,2026-09-03,Q1 2007 to Q2 2026,78
GDRX,GoodRx Holdings,2020,2022,3,5,2,False,1,2,2,0,Q4 2021,2,1,5.6,stock_life_cycles,2026-09-03,Q1 2007 to Q2 2026,78
SWN-OLD,Southwestern Energy,2022,2024,3,11,2,False,2,2,4,3,Q1 2022,2,1,5.6,stock_life_cycles,2026-09-03,Q1 2007 to Q2 2026,78
XCO,EXCO Resources Inc.,2012,2017,6,8,1,False,0,1,7,0,,1,6,5.6,stock_life_cycles,2026-09-03,Q1 2007 to Q2 2026,78
JWN-OLD,Nordstrom,2021,2024,4,6,2,False,1,2,0,3,Q4 2021,2,-4,5.6,stock_life_cycles,2026-09-03,Q1 2007 to Q2 2026,78
JWSMF ,Jaws Mustang Acquisition Corp.,2021,2023,3,4,2,False,2,2,0,0,Q1 2021,2,0,5.5,stock_life_cycles,2026-09-03,Q1 2007 to Q2 2026,78
MNSO,Miniso Group Holding Ltd ADR,2023,2025,3,4,2,False,1,2,1,0,Q3 2025,2,0,5.5,stock_life_cycles,2026-09-03,Q1 2007 to Q2 2026,78
TUPBQ-OLD,Tupperware Brands Corp.,2021,2023,3,10,2,False,0,2,5,3,,2,0,5.5,stock_life_cycles,2026-09-03,Q1 2007 to Q2 2026,78
SLCA-OLD,U.S. Silica Holdings Inc.,2018,2024,7,6,1,False,2,2,1,1,Q4 2018,2,0,5.5,stock_life_cycles,2026-09-03,Q1 2007 to Q2 2026,78
CIM,Chimera Investment Corp.,2019,2023,5,16,2,False,0,2,3,11,,2,-10,5.5,stock_life_cycles,2026-09-03,Q1 2007 to Q2 2026,78
RONI-OLD,Rice Acquisition Corp Ii  A,2021,2023,3,4,2,False,2,2,0,0,Q4 2021,2,0,5.5,stock_life_cycles,2026-09-03,Q1 2007 to Q2 2026,78
FPAC-OLD,Far Peak Acquisition Corp.,2021,2023,3,4,2,False,2,2,0,0,Q1 2021,2,0,5.5,stock_life_cycles,2026-09-03,Q1 2007 to Q2 2026,78
UP,Wheels Up Experience Inc.,2021,2023,3,6,2,False,3,3,0,0,Q3 2021,3,0,5.5,stock_life_cycles,2026-09-03,Q1 2007 to Q2 2026,78
MESO,Mesoblast Ltd  Spon ADR,2024,2026,3,4,2,False,2,2,0,0,Q4 2024,2,0,5.5,stock_life_cycles,2026-09-03,Q1 2007 to Q2 2026,78
MCDIF,McDermott International Inc.,2018,2020,3,4,2,False,2,2,0,0,Q2 2018,2,0,5.5,stock_life_cycles,2026-09-03,Q1 2007 to Q2 2026,78
AIV,Apartment Investment & Mgmt Co.,2008,2014,7,4,1,False,1,2,1,0,Q4 2008,2,0,5.5,stock_life_cycles,2026-09-03,Q1 2007 to Q2 2026,78
X-OLD,United States Steel Corp.,2023,2025,3,8,2,False,3,3,1,1,Q3 2023,3,0,5.5,stock_life_cycles,2026-09-03,Q1 2007 to Q2 2026,78
ARM,Arvinmeritor Inc.,2023,2025,3,4,2,False,2,2,0,0,Q3 2023,2,0,5.5,stock_life_cycles,2026-09-03,Q1 2007 to Q2 2026,78
ARCH-OLD,Arch Resources Inc.,2023,2025,3,8,2,False,2,2,2,2,Q3 2023,2,0,5.5,stock_life_cycles,2026-09-03,Q1 2007 to Q2 2026,78
XM-OLD,Qualtrics International Inc. CL A,2021,2023,3,10,2,False,2,2,3,3,Q1 2021,2,0,5.5,stock_life_cycles,2026-09-03,Q1 2007 to Q2 2026,78
GRA,WR Grace & Co.,2019,2021,3,14,2,False,3,3,4,4,Q3 2019,3,0,5.5,stock_life_cycles,2026-09-03,Q1 2007 to Q2 2026,78
PSFE.WS,Paysafe Ltd WTS,2021,2023,3,3,2,False,1,2,0,0,Q1 2021,2,-1,5.4,stock_life_cycles,2026-09-03,Q1 2007 to Q2 2026,78
DVMT-OLD,Dell Technologies Inc. old,2016,2018,3,7,2,False,2,2,1,2,Q3 2016,2,-1,5.4,stock_life_cycles,2026-09-03,Q1 2007 to Q2 2026,78
ALKS,Alkermes plc,2023,2025,3,3,2,False,1,2,0,0,Q2 2025,2,-1,5.4,stock_life_cycles,2026-09-03,Q1 2007 to Q2 2026,78
VRTV-OLD,Veritiv Corp.,2017,2023,7,7,1,False,0,1,3,3,,1,-1,5.4,stock_life_cycles,2026-09-03,Q1 2007 to Q2 2026,78
DGNU-OLD,Dragoneer Growth Opportunities Corp. III,2021,2023,3,5,2,False,2,2,0,1,Q1 2021,2,-1,5.4,stock_life_cycles,2026-09-03,Q1 2007 to Q2 2026,78
CTLT-OLD,Catalent Inc.,2021,2023,3,7,2,False,1,3,2,1,Q1 2023,3,-1,5.4,stock_life_cycles,2026-09-03,Q1 2007 to Q2 2026,78
DESP-OLD,Despegar.com Corp.,2019,2021,3,15,2,False,1,2,6,6,Q1 2019,2,-1,5.4,stock_life_cycles,2026-09-03,Q1 2007 to Q2 2026,78
AGRO,Adecoagro SA,2023,2025,3,7,2,False,2,3,1,1,Q4 2023,3,-1,5.4,stock_life_cycles,2026-09-03,Q1 2007 to Q2 2026,78
WSM,Williams-Sonoma Inc.,2023,2025,3,9,2,False,1,2,3,3,Q2 2025,2,-1,5.4,stock_life_cycles,2026-09-03,Q1 2007 to Q2 2026,78
EXFY,Expensify Inc   A,2021,2023,3,3,2,False,1,2,0,0,Q4 2021,2,-1,5.4,stock_life_cycles,2026-09-03,Q1 2007 to Q2 2026,78
MQ,Marqeta Inc.,2021,2023,3,7,2,False,2,2,1,2,Q3 2021,2,-1,5.4,stock_life_cycles,2026-09-03,Q1 2007 to Q2 2026,78
PCTY,Paylocity Holding Corp.,2023,2025,3,5,2,False,2,3,0,0,Q3 2023,3,-1,5.4,stock_life_cycles,2026-09-03,Q1 2007 to Q2 2026,78
ERF-OLD,Enerplus Corp.,2022,2024,3,3,2,False,1,2,0,0,Q4 2023,2,-1,5.4,stock_life_cycles,2026-09-03,Q1 2007 to Q2 2026,78
NEWR-OLD,New Relic Inc.,2021,2023,3,9,2,False,1,2,3,3,Q2 2021,2,-1,5.4,stock_life_cycles,2026-09-03,Q1 2007 to Q2 2026,78
OPFI,Oppfi Inc,2024,2026,3,7,2,False,2,2,1,2,Q2 2024,2,-1,5.4,stock_life_cycles,2026-09-03,Q1 2007 to Q2 2026,78
ATRA,Atara Biotherapeutics Inc.,2018,2023,6,11,1,False,0,1,7,3,,1,3,5.3,stock_life_cycles,2026-09-03,Q1 2007 to Q2 2026,78
AKBA,Akebia Therapeutics Inc.,2018,2020,3,8,2,False,2,2,1,3,Q3 2018,2,-2,5.3,stock_life_cycles,2026-09-03,Q1 2007 to Q2 2026,78
DO-OLD,Diamond Offshore Drilling Inc.,2022,2024,3,6,2,False,1,2,1,2,Q2 2022,2,-2,5.3,stock_life_cycles,2026-09-03,Q1 2007 to Q2 2026,78
TMQ,Trilogy Metals Inc.,2016,2023,8,13,1,False,1,1,2,9,Q3 2016,1,-7,5.3,stock_life_cycles,2026-09-03,Q1 2007 to Q2 2026,78
MEHCQ-OLD,23andMe Holding Co.,2021,2023,3,8,2,False,3,3,0,2,Q4 2021,3,-2,5.3,stock_life_cycles,2026-09-03,Q1 2007 to Q2 2026,78
BMY.R,Bristol-Myers Squibb Rights,2019,2021,3,8,2,False,2,2,1,3,Q4 2019,2,-2,5.3,stock_life_cycles,2026-09-03,Q1 2007 to Q2 2026,78
PRTYQ-OLD,Party City Holdco Inc.,2019,2023,5,10,1,False,1,1,8,0,Q3 2019,1,8,5.3,stock_life_cycles,2026-09-03,Q1 2007 to Q2 2026,78
RMR,RMR Group Inc.,2020,2025,6,5,1,False,1,1,3,0,Q1 2020,1,3,5.3,stock_life_cycles,2026-09-03,Q1 2007 to Q2 2026,78
RBA,Ritchie Bros. Auctioneers Inc.,2023,2025,3,4,2,False,1,2,0,1,Q1 2025,2,-2,5.3,stock_life_cycles,2026-09-03,Q1 2007 to Q2 2026,78
OR,Osisko Gold Royalties Ltd,2019,2024,6,5,1,False,1,1,3,0,Q4 2019,1,3,5.3,stock_life_cycles,2026-09-03,Q1 2007 to Q2 2026,78
TGI-OLD,Triumph Group Inc.,2013,2019,7,18,1,False,1,1,7,9,Q3 2013,1,-2,5.3,stock_life_cycles,2026-09-03,Q1 2007 to Q2 2026,78
WRLD,World Acceptance Corp.,2018,2024,7,16,1,False,0,1,7,8,,1,-2,5.3,stock_life_cycles,2026-09-03,Q1 2007 to Q2 2026,78
PAHC,Phibro Animal Health Corp.,2024,2026,3,4,2,False,1,1,0,2,Q1 2026,1,-2,5.3,stock_life_cycles,2026-09-03,Q1 2007 to Q2 2026,78
DCT-OLD,Duck Creek Technologies,2022,2023,2,6,2,False,1,2,3,0,Q1 2022,2,2,5.2,stock_life_cycles,2026-09-03,Q1 2007 to Q2 2026,78
TPL,Texas Pacific Land Corp.,2021,2024,4,16,2,False,1,2,3,10,Q4 2021,2,-8,5.2,stock_life_cycles,2026-09-03,Q1 2007 to Q2 2026,78
HURN,Huron Consulting Group Inc.,2025,2026,2,8,2,False,2,2,3,1,Q2 2025,2,2,5.2,stock_life_cycles,2026-09-03,Q1 2007 to Q2 2026,78
DQ,Daqo New Energy Corp ADR,2023,2025,3,11,2,False,2,3,2,4,Q1 2023,3,-3,5.2,stock_life_cycles,2026-09-03,Q1 2007 to Q2 2026,78
ETD,Ethan Allen Interiors,2025,2026,2,4,2,False,0,1,3,0,,1,2,5.2,stock_life_cycles,2026-09-03,Q1 2007 to Q2 2026,78
RHT,Red Hat Inc.,2018,2019,2,6,2,False,2,2,2,0,Q4 2018,2,2,5.2,stock_life_cycles,2026-09-03,Q1 2007 to Q2 2026,78
VMW-OLD,VMware Inc.,2016,2018,3,5,2,False,1,2,0,2,Q2 2018,2,-3,5.2,stock_life_cycles,2026-09-03,Q1 2007 to Q2 2026,78
BUR,Burford Capital Ltd,2021,2026,6,16,1,False,1,1,8,6,Q4 2021,1,2,5.2,stock_life_cycles,2026-09-03,Q1 2007 to Q2 2026,78
ATEC,Alphatec Holdings Inc.,2025,2026,2,6,2,False,1,1,3,1,Q2 2025,1,2,5.2,stock_life_cycles,2026-09-03,Q1 2007 to Q2 2026,78
NSAM,Northstar Asset Management Grp,2016,2017,2,6,2,False,2,2,2,0,Q1 2016,2,2,5.2,stock_life_cycles,2026-09-03,Q1 2007 to Q2 2026,78
AMBQ,Ambiq Micro Inc,2025,2026,2,4,2,False,1,1,2,0,Q3 2025,1,2,5.2,stock_life_cycles,2026-09-03,Q1 2007 to Q2 2026,78
UI,Ubiquiti Inc.,2014,2019,6,6,1,False,1,1,3,1,Q3 2014,1,2,5.2,stock_life_cycles,2026-09-03,Q1 2007 to Q2 2026,78
ACT-OLD,Actavis plc,2013,2015,3,5,2,False,1,2,0,2,Q1 2015,2,-3,5.2,stock_life_cycles,2026-09-03,Q1 2007 to Q2 2026,78
RTN-OLD,Raytheon Co.,2019,2020,2,6,2,False,2,2,2,0,Q3 2019,2,2,5.2,stock_life_cycles,2026-09-03,Q1 2007 to Q2 2026,78
NBSE-OLD,NeuBase Therapeutics Inc.,2019,2024,6,6,1,False,1,1,3,1,Q3 2019,1,2,5.2,stock_life_cycles,2026-09-03,Q1 2007 to Q2 2026,78
VRN-OLD,Veren Inc.,2024,2025,2,6,2,False,1,2,3,0,Q1 2025,2,2,5.2,stock_life_cycles,2026-09-03,Q1 2007 to Q2 2026,78
LMB,Limbach Holdings Inc.,2025,2026,2,7,2,False,2,2,2,1,Q2 2025,2,1,5.1,stock_life_cycles,2026-09-03,Q1 2007 to Q2 2026,78
CNL,CLECO Corp.,2015,2016,2,5,2,False,2,2,1,0,Q3 2015,2,1,5.1,stock_life_cycles,2026-09-03,Q1 2007 to Q2 2026,78
VITL,Vital Signs,2025,2026,2,5,2,False,1,1,2,1,Q3 2025,1,1,5.1,stock_life_cycles,2026-09-03,Q1 2007 to Q2 2026,78
IAU,iShares Gold Trust,2025,2026,2,3,2,False,1,0,1,1,Q2 2025,0,1,5.1,stock_life_cycles,2026-09-03,Q1 2007 to Q2 2026,78
CTXS-OLD,Citrix Systems,2021,2022,2,7,2,False,2,2,2,1,Q1 2021,2,1,5.1,stock_life_cycles,2026-09-03,Q1 2007 to Q2 2026,78
LKNCY,Luckin Coffee Inc.,2019,2020,2,5,2,False,2,2,1,0,Q4 2019,2,1,5.1,stock_life_cycles,2026-09-03,Q1 2007 to Q2 2026,78
HLLY,Holley Inc,2025,2026,2,5,2,False,1,1,2,1,Q4 2025,1,1,5.1,stock_life_cycles,2026-09-03,Q1 2007 to Q2 2026,78
NRF,NorthStar Realty Finance Corp.,2016,2017,2,5,2,False,2,2,1,0,Q1 2016,2,1,5.1,stock_life_cycles,2026-09-03,Q1 2007 to Q2 2026,78
JPM.WS,JPMorgan Chase WTS,2015,2018,4,13,2,False,0,2,2,9,,2,-9,5.1,stock_life_cycles,2026-09-03,Q1 2007 to Q2 2026,78
SKYT,Skywater Technology Inc,2025,2026,2,5,2,False,1,0,2,2,Q1 2026,0,1,5.1,stock_life_cycles,2026-09-03,Q1 2007 to Q2 2026,78
TILE,Interface Inc. CL A,2024,2026,3,4,2,False,0,1,0,3,,1,-4,5.1,stock_life_cycles,2026-09-03,Q1 2007 to Q2 2026,78
SI,Silvergate Capital Corp. CL A,2022,2023,2,5,2,False,2,2,1,0,Q3 2022,2,1,5.1,stock_life_cycles,2026-09-03,Q1 2007 to Q2 2026,78
FVRR,Fiverr Int Ltd,2025,2026,2,4,2,False,2,2,0,0,Q2 2025,2,0,5.0,stock_life_cycles,2026-09-03,Q1 2007 to Q2 2026,78
RAIL,FreightCar America Inc.,2017,2021,5,7,1,False,1,1,5,0,Q3 2017,1,5,5.0,stock_life_cycles,2026-09-03,Q1 2007 to Q2 2026,78
JTKWY,Just Eat Takeaway.com,2021,2022,2,4,2,False,2,2,0,0,Q1 2021,2,0,5.0,stock_life_cycles,2026-09-03,Q1 2007 to Q2 2026,78
APTS-OLD,Preferred Apartment Communities Inc. CL A,2021,2022,2,6,2,False,1,2,2,1,Q3 2021,2,0,5.0,stock_life_cycles,2026-09-03,Q1 2007 to Q2 2026,78
HQY,HealthEquity Inc.,2025,2026,2,6,2,False,3,3,0,0,Q2 2025,3,0,5.0,stock_life_cycles,2026-09-03,Q1 2007 to Q2 2026,78
DNA.WS,Ginkgo Bioworks Holdings Inc. WTS,2021,2022,2,4,2,False,2,2,0,0,Q3 2021,2,0,5.0,stock_life_cycles,2026-09-03,Q1 2007 to Q2 2026,78
CDK-OLD,CDK Global Inc.,2019,2020,2,4,2,False,1,2,1,0,Q3 2020,2,0,5.0,stock_life_cycles,2026-09-03,Q1 2007 to Q2 2026,78
AMPS.WS,Altus Power Inc WTS 27,2021,2022,2,4,2,False,2,2,0,0,Q4 2021,2,0,5.0,stock_life_cycles,2026-09-03,Q1 2007 to Q2 2026,78
MGNI,Magnite Inc.,2025,2026,2,4,2,False,1,1,1,1,Q2 2025,1,0,5.0,stock_life_cycles,2026-09-03,Q1 2007 to Q2 2026,78
PRKS,United Parks and Resorts Inc.,2025,2026,2,4,2,False,1,2,1,0,Q3 2025,2,0,5.0,stock_life_cycles,2026-09-03,Q1 2007 to Q2 2026,78
DIDIY,DiDi Global Inc.,2021,2022,2,4,2,False,2,2,0,0,Q2 2021,2,0,5.0,stock_life_cycles,2026-09-03,Q1 2007 to Q2 2026,78
MBLY,Mobileye Global Inc.,2022,2023,2,4,2,False,2,2,0,0,Q4 2022,2,0,5.0,stock_life_cycles,2026-09-03,Q1 2007 to Q2 2026,78
ZEN-OLD,Zendesk Inc.,2021,2022,2,4,2,False,1,2,1,0,Q4 2021,2,0,5.0,stock_life_cycles,2026-09-03,Q1 2007 to Q2 2026,78
GRABW,Grab Holdings Ltd WTS 26,2021,2022,2,4,2,False,2,2,0,0,Q4 2021,2,0,5.0,stock_life_cycles,2026-09-03,Q1 2007 to Q2 2026,78
KPLT,Katapult Holdings Inc.,2021,2023,3,9,2,False,2,2,0,5,Q1 2021,2,-5,5.0,stock_life_cycles,2026-09-03,Q1 2007 to Q2 2026,78
CIXXF-OLD,Ci Financial Corp,2022,2023,2,4,2,False,2,2,0,0,Q4 2022,2,0,5.0,stock_life_cycles,2026-09-03,Q1 2007 to Q2 2026,78
HIMS,Hims & Hers Health Inc.,2023,2025,3,7,2,False,1,2,0,4,Q2 2025,2,-5,5.0,stock_life_cycles,2026-09-03,Q1 2007 to Q2 2026,78
CZOO.WS,Cazoo Group Ltd WTS,2021,2022,2,4,2,False,2,2,0,0,Q1 2021,2,0,5.0,stock_life_cycles,2026-09-03,Q1 2007 to Q2 2026,78
NXY,Nexen Inc.,2012,2013,2,4,2,False,1,2,1,0,Q3 2012,2,0,5.0,stock_life_cycles,2026-09-03,Q1 2007 to Q2 2026,78
ONE-OLD,Higher One Holdings Inc.,2012,2014,3,9,2,False,0,2,2,5,,2,-5,5.0,stock_life_cycles,2026-09-03,Q1 2007 to Q2 2026,78
ZYME,Zymeworks Inc.,2020,2021,2,4,2,False,2,2,0,0,Q4 2020,2,0,5.0,stock_life_cycles,2026-09-03,Q1 2007 to Q2 2026,78
NUVB.WS,Nuvation Bio Inc. WTS,2021,2026,6,2,1,False,1,1,0,0,Q1 2021,1,0,5.0,stock_life_cycles,2026-09-03,Q1 2007 to Q2 2026,78
WMK,Weis Markets Inc.,2025,2026,2,6,2,False,2,1,1,2,Q2 2025,1,0,5.0,stock_life_cycles,2026-09-03,Q1 2007 to Q2 2026,78
AVAN-OLD,Avanti Acquisition Corp.,2021,2022,2,4,2,False,2,2,0,0,Q1 2021,2,0,5.0,stock_life_cycles,2026-09-03,Q1 2007 to Q2 2026,78
SVFAU-OLD,SVF Investment Corp. Units,2021,2022,2,4,2,False,2,2,0,0,Q1 2021,2,0,5.0,stock_life_cycles,2026-09-03,Q1 2007 to Q2 2026,78
SAFM-OLD,Sanderson Farms,2021,2022,2,4,2,False,2,2,0,0,Q4 2021,2,0,5.0,stock_life_cycles,2026-09-03,Q1 2007 to Q2 2026,78
SQSP-OLD,Squarespace Inc.,2021,2022,2,4,2,False,2,2,0,0,Q2 2021,2,0,5.0,stock_life_cycles,2026-09-03,Q1 2007 to Q2 2026,78
KRUS,Kura Sushi USA Inc. CL A,2025,2026,2,6,2,False,3,3,0,0,Q2 2025,3,0,5.0,stock_life_cycles,2026-09-03,Q1 2007 to Q2 2026,78
NXDR,Nextdoor Holdings Inc.,2021,2022,2,5,2,False,2,2,0,1,Q1 2021,2,-1,4.9,stock_life_cycles,2026-09-03,Q1 2007 to Q2 2026,78
STOR-OLD,STORE Capital Corp.,2017,2022,6,5,1,False,1,1,1,2,Q2 2017,1,-1,4.9,stock_life_cycles,2026-09-03,Q1 2007 to Q2 2026,78
PAH,Platform Specialty Products Corp.,2014,2019,6,3,1,False,0,1,1,1,,1,-1,4.9,stock_life_cycles,2026-09-03,Q1 2007 to Q2 2026,78
AEE,Ameren Corp.,2017,2023,7,6,1,False,0,1,0,5,,1,-6,4.9,stock_life_cycles,2026-09-03,Q1 2007 to Q2 2026,78
BYN-OLD,Banyan Acquisition Corp A,2023,2024,2,5,2,False,2,3,0,0,Q2 2023,3,-1,4.9,stock_life_cycles,2026-09-03,Q1 2007 to Q2 2026,78
HIPO.WS,Hippo Holdings Inc. WTS,2021,2022,2,5,2,False,2,2,0,1,Q3 2021,2,-1,4.9,stock_life_cycles,2026-09-03,Q1 2007 to Q2 2026,78
AJAX.U,Ajax I Units,2020,2021,2,3,2,False,1,2,0,0,Q4 2020,2,-1,4.9,stock_life_cycles,2026-09-03,Q1 2007 to Q2 2026,78
PDCO-OLD,Patterson Cos. Inc.,2024,2025,2,3,2,False,0,2,1,0,,2,-1,4.9,stock_life_cycles,2026-09-03,Q1 2007 to Q2 2026,78
EGLE-OLD,Eagle Bulk Shipping,2023,2024,2,5,2,False,2,3,0,0,Q1 2024,3,-1,4.9,stock_life_cycles,2026-09-03,Q1 2007 to Q2 2026,78
AVAN.WS,Avanti Acquisition Corp. WTS,2021,2022,2,3,2,False,1,2,0,0,Q1 2021,2,-1,4.9,stock_life_cycles,2026-09-03,Q1 2007 to Q2 2026,78
SVFB-OLD,SVF Investment Corp. 2,2021,2022,2,3,2,False,1,2,0,0,Q1 2021,2,-1,4.9,stock_life_cycles,2026-09-03,Q1 2007 to Q2 2026,78
SUMO-OLD,Sumo Logic Inc.,2021,2022,2,7,2,False,0,2,3,2,,2,-1,4.9,stock_life_cycles,2026-09-03,Q1 2007 to Q2 2026,78
SHYF-OLD,Shyft Group Inc.,2024,2025,2,5,2,False,0,2,2,1,,2,-1,4.9,stock_life_cycles,2026-09-03,Q1 2007 to Q2 2026,78
LM,Legg Mason,2015,2020,6,5,1,False,1,2,1,1,Q2 2019,2,-1,4.9,stock_life_cycles,2026-09-03,Q1 2007 to Q2 2026,78
LITTU-OLD,Logistics Innovation Technologies Corp. Units,2021,2022,2,5,2,False,2,2,0,1,Q2 2021,2,-1,4.9,stock_life_cycles,2026-09-03,Q1 2007 to Q2 2026,78
EYE,National Vision Holdings Inc.,2025,2026,2,5,2,False,1,1,1,2,Q3 2025,1,-1,4.9,stock_life_cycles,2026-09-03,Q1 2007 to Q2 2026,78
EFC,Ellington Financial LLC,2019,2025,7,14,1,False,0,1,4,9,,1,-6,4.9,stock_life_cycles,2026-09-03,Q1 2007 to Q2 2026,78
SAIL,Sailpoint Inc,2025,2026,2,3,2,False,1,2,0,0,Q1 2025,2,-1,4.9,stock_life_cycles,2026-09-03,Q1 2007 to Q2 2026,78
LDHAU-OLD,LDH Growth Corp I Units,2021,2022,2,3,2,False,1,2,0,0,Q1 2021,2,-1,4.9,stock_life_cycles,2026-09-03,Q1 2007 to Q2 2026,78
IS-OLD,ironSource Ltd,2021,2022,2,7,2,False,2,2,1,2,Q2 2021,2,-1,4.9,stock_life_cycles,2026-09-03,Q1 2007 to Q2 2026,78
INSW,International Seaways Inc.,2021,2022,2,5,2,False,2,2,0,1,Q3 2021,2,-1,4.9,stock_life_cycles,2026-09-03,Q1 2007 to Q2 2026,78
RESI-OLD,Altisource Residential Corp.,2019,2020,2,5,2,False,1,2,1,1,Q1 2019,2,-1,4.9,stock_life_cycles,2026-09-03,Q1 2007 to Q2 2026,78
MUR,Murphy Oil,2025,2026,2,3,2,False,1,0,0,2,Q1 2026,0,-1,4.9,stock_life_cycles,2026-09-03,Q1 2007 to Q2 2026,78
CBZ,CBIZ Inc.,2025,2026,2,5,2,False,1,2,1,1,Q3 2025,2,-1,4.9,stock_life_cycles,2026-09-03,Q1 2007 to Q2 2026,78
DGII,Digi International,2025,2026,2,5,2,False,0,0,2,3,,0,-1,4.9,stock_life_cycles,2026-09-03,Q1 2007 to Q2 2026,78
INSM,Insmed Inc.,2024,2025,2,5,2,False,1,2,1,1,Q2 2024,2,-1,4.9,stock_life_cycles,2026-09-03,Q1 2007 to Q2 2026,78
OCBI,Orange County Bancorp Inc.,2020,2025,6,3,1,False,1,2,0,0,Q2 2024,2,-1,4.9,stock_life_cycles,2026-09-03,Q1 2007 to Q2 2026,78
DNMRQ-OLD,Danimer Scientific Inc.,2020,2024,5,12,1,False,1,1,7,3,Q4 2020,1,4,4.9,stock_life_cycles,2026-09-03,Q1 2007 to Q2 2026,78
ETRN-OLD,Equitrans Mid.stream Corp,2020,2021,2,3,2,False,1,2,0,0,Q2 2020,2,-1,4.9,stock_life_cycles,2026-09-03,Q1 2007 to Q2 2026,78
CHKEW,Chesapeake Energy Corp. CL A WTS,2021,2022,2,5,2,False,2,2,0,1,Q1 2021,2,-1,4.9,stock_life_cycles,2026-09-03,Q1 2007 to Q2 2026,78
UWMC,UWM Holdings Corp.,2021,2022,2,3,2,False,1,2,0,0,Q2 2021,2,-1,4.9,stock_life_cycles,2026-09-03,Q1 2007 to Q2 2026,78
SYT-OLD,Syngenta,2016,2017,2,5,2,False,2,2,0,1,Q4 2016,2,-1,4.9,stock_life_cycles,2026-09-03,Q1 2007 to Q2 2026,78
VNTRF,Venator Materials PLC,2018,2019,2,3,2,False,1,2,0,0,Q4 2018,2,-1,4.9,stock_life_cycles,2026-09-03,Q1 2007 to Q2 2026,78
LMACW,Liberty Media Acquisition Corp. WTS,2021,2022,2,5,2,False,2,2,0,1,Q1 2021,2,-1,4.9,stock_life_cycles,2026-09-03,Q1 2007 to Q2 2026,78
PGNY,Progyny Inc.,2025,2026,2,3,2,False,0,1,1,1,,1,-1,4.9,stock_life_cycles,2026-09-03,Q1 2007 to Q2 2026,78
LFG-OLD,Archaea Energy Inc.,2021,2022,2,11,2,False,2,2,3,4,Q1 2021,2,-1,4.9,stock_life_cycles,2026-09-03,Q1 2007 to Q2 2026,78
WCG,Wellcare Health Plans Inc.,2007,2011,5,7,1,False,1,1,4,1,Q4 2007,1,3,4.8,stock_life_cycles,2026-09-03,Q1 2007 to Q2 2026,78
SKX-OLD,Skechers U.S.A. Inc.,2024,2025,2,8,2,False,2,3,1,2,Q1 2024,3,-2,4.8,stock_life_cycles,2026-09-03,Q1 2007 to Q2 2026,78
KLXI,KLX Inc.,2015,2016,2,4,2,False,1,2,0,1,Q4 2015,2,-2,4.8,stock_life_cycles,2026-09-03,Q1 2007 to Q2 2026,78
RADI-OLD,Radius Global Infrastructure,2020,2021,2,4,2,False,1,2,0,1,Q4 2020,2,-2,4.8,stock_life_cycles,2026-09-03,Q1 2007 to Q2 2026,78
VOXX-OLD,VOXX International Corp.,2019,2025,7,23,1,False,0,1,8,14,,1,-7,4.8,stock_life_cycles,2026-09-03,Q1 2007 to Q2 2026,78
ZIMV-OLD,ZimVie Inc.,2024,2025,2,6,2,False,0,2,2,2,,2,-2,4.8,stock_life_cycles,2026-09-03,Q1 2007 to Q2 2026,78
CLNS,Colony NorthStar Inc.,2017,2018,2,8,2,False,2,2,1,3,Q1 2017,2,-2,4.8,stock_life_cycles,2026-09-03,Q1 2007 to Q2 2026,78
VTEX,VTEX,2021,2022,2,6,2,False,2,2,0,2,Q3 2021,2,-2,4.8,stock_life_cycles,2026-09-03,Q1 2007 to Q2 2026,78
ASPU,Aspen Group Inc.,2019,2023,5,9,1,False,1,1,5,2,Q1 2019,1,3,4.8,stock_life_cycles,2026-09-03,Q1 2007 to Q2 2026,78
RIO,Rio Tinto plc,2024,2025,2,4,2,False,1,2,0,1,Q4 2025,2,-2,4.8,stock_life_cycles,2026-09-03,Q1 2007 to Q2 2026,78
HAR,Harman Int'l Industries,2012,2017,6,18,1,False,2,3,6,7,Q2 2013,3,-2,4.8,stock_life_cycles,2026-09-03,Q1 2007 to Q2 2026,78
BROS,Dutch Bros Inc Class A,2025,2026,2,4,2,False,1,3,0,0,Q4 2025,3,-2,4.8,stock_life_cycles,2026-09-03,Q1 2007 to Q2 2026,78
CWEGF,Crew Energy Inc.,2019,2024,6,8,1,False,0,1,3,4,,1,-2,4.8,stock_life_cycles,2026-09-03,Q1 2007 to Q2 2026,78
HDS,HD Supply Holdings,2020,2020,1,6,2,False,2,2,2,0,Q1 2020,2,2,4.7,stock_life_cycles,2026-09-03,Q1 2007 to Q2 2026,78
EVER,EverQuote Inc. CL A,2025,2026,2,5,2,False,1,1,0,3,Q2 2025,1,-3,4.7,stock_life_cycles,2026-09-03,Q1 2007 to Q2 2026,78
RBBN,Ribbon Communications Inc.,2025,2026,2,5,2,False,0,2,1,2,,2,-3,4.7,stock_life_cycles,2026-09-03,Q1 2007 to Q2 2026,78
UPL,Ultra Petroleum Corp.,2012,2016,5,6,1,False,1,1,3,1,Q4 2012,1,2,4.7,stock_life_cycles,2026-09-03,Q1 2007 to Q2 2026,78
EK-OLD,Eastman Kodak - Old,2007,2011,5,6,1,False,0,1,4,1,,1,2,4.7,stock_life_cycles,2026-09-03,Q1 2007 to Q2 2026,78
INWK-OLD,InnerWorkings Inc.,2019,2020,2,5,2,False,1,2,0,2,Q3 2020,2,-3,4.7,stock_life_cycles,2026-09-03,Q1 2007 to Q2 2026,78
WASH,Washington Trust Bancorp Inc.,2020,2024,5,8,1,False,1,1,4,2,Q2 2020,1,2,4.7,stock_life_cycles,2026-09-03,Q1 2007 to Q2 2026,78
AFIIQ,Armstrong Flooring Inc.,2016,2020,5,5,1,False,1,1,2,1,Q2 2016,1,1,4.6,stock_life_cycles,2026-09-03,Q1 2007 to Q2 2026,78
FDML,Federal-Mogul Holdings Corp.,2013,2017,5,3,1,False,0,1,2,0,,1,1,4.6,stock_life_cycles,2026-09-03,Q1 2007 to Q2 2026,78
ATCO-OLD,Atlas Corp.,2020,2023,4,10,1,False,1,1,7,1,Q1 2020,1,6,4.6,stock_life_cycles,2026-09-03,Q1 2007 to Q2 2026,78
BGP,Borders Group,2007,2011,5,3,1,False,0,1,2,0,,1,1,4.6,stock_life_cycles,2026-09-03,Q1 2007 to Q2 2026,78
HBB,Hamilton Beach Brands Hldg Co,2020,2025,6,16,1,False,1,1,5,9,Q3 2020,1,-4,4.6,stock_life_cycles,2026-09-03,Q1 2007 to Q2 2026,78
KSU,Kansas City Southern,2021,2021,1,5,2,False,2,2,1,0,Q2 2021,2,1,4.6,stock_life_cycles,2026-09-03,Q1 2007 to Q2 2026,78
DMND,Diamond Foods Inc.,2011,2015,5,5,1,False,2,2,1,0,Q4 2011,2,1,4.6,stock_life_cycles,2026-09-03,Q1 2007 to Q2 2026,78
TVTY-OLD,Tivity Health Inc.,2021,2022,2,6,2,False,0,2,1,3,,2,-4,4.6,stock_life_cycles,2026-09-03,Q1 2007 to Q2 2026,78
AXE,Anixter International,2015,2019,5,7,1,False,2,2,2,1,Q1 2015,2,1,4.6,stock_life_cycles,2026-09-03,Q1 2007 to Q2 2026,78
WAFD,Washington Federal Inc.,2018,2024,7,17,1,False,0,1,4,12,,1,-9,4.6,stock_life_cycles,2026-09-03,Q1 2007 to Q2 2026,78
TRQ-OLD,Turquoise Hill Resources Ltd.,2014,2018,5,4,1,False,2,2,0,0,Q3 2014,2,0,4.5,stock_life_cycles,2026-09-03,Q1 2007 to Q2 2026,78
NGA.WS,Northern Genesis Acquisition Corp. WTS,2021,2021,1,4,2,False,2,2,0,0,Q1 2021,2,0,4.5,stock_life_cycles,2026-09-03,Q1 2007 to Q2 2026,78
DDL,Dingdong Cayman Ltd,2021,2025,5,4,1,False,1,1,1,1,Q2 2021,1,0,4.5,stock_life_cycles,2026-09-03,Q1 2007 to Q2 2026,78
LWAY,Lifeway Foods Inc.,2025,2025,1,4,2,False,1,2,1,0,Q1 2025,2,0,4.5,stock_life_cycles,2026-09-03,Q1 2007 to Q2 2026,78
SIVBQ-OLD,SVB Financial Group,2019,2023,5,12,1,False,0,1,6,5,,1,0,4.5,stock_life_cycles,2026-09-03,Q1 2007 to Q2 2026,78
HA-OLD,Hawaiian Holdings Inc.,2019,2024,6,17,1,False,0,1,6,10,,1,-5,4.5,stock_life_cycles,2026-09-03,Q1 2007 to Q2 2026,78
SRNGU,Soaring Eagle Acquisition Units,2021,2021,1,4,2,False,2,2,0,0,Q1 2021,2,0,4.5,stock_life_cycles,2026-09-03,Q1 2007 to Q2 2026,78
ELF,"e.l.f. Beauty, Inc.",2025,2025,1,4,2,False,1,2,1,0,Q3 2025,2,0,4.5,stock_life_cycles,2026-09-03,Q1 2007 to Q2 2026,78
GCH,Greater China Fund Inc.,2008,2012,5,2,1,False,0,1,1,0,,1,0,4.5,stock_life_cycles,2026-09-03,Q1 2007 to Q2 2026,78
TBA,Thoma Bravo Advantage,2021,2021,1,4,2,False,2,2,0,0,Q1 2021,2,0,4.5,stock_life_cycles,2026-09-03,Q1 2007 to Q2 2026,78
TBIO,Translate Bio Inc.,2018,2021,4,7,1,False,1,1,5,0,Q2 2018,1,5,4.5,stock_life_cycles,2026-09-03,Q1 2007 to Q2 2026,78
VYGG-OLD,VY Global Growth,2021,2021,1,4,2,False,2,2,0,0,Q1 2021,2,0,4.5,stock_life_cycles,2026-09-03,Q1 2007 to Q2 2026,78
BBDC,Barings BDC Inc.,2020,2025,6,9,1,False,1,1,1,6,Q4 2020,1,-5,4.5,stock_life_cycles,2026-09-03,Q1 2007 to Q2 2026,78
VIA,Via Transportation Inc Cl A,2025,2025,1,4,2,False,2,2,0,0,Q3 2025,2,0,4.5,stock_life_cycles,2026-09-03,Q1 2007 to Q2 2026,78
VOE,Vanguard Mid Cap Value ETF,2025,2025,1,4,2,False,2,2,0,0,Q1 2025,2,0,4.5,stock_life_cycles,2026-09-03,Q1 2007 to Q2 2026,78
HZNP,Horizon Therapeutics plc,2023,2023,1,4,2,False,2,2,0,0,Q2 2023,2,0,4.5,stock_life_cycles,2026-09-03,Q1 2007 to Q2 2026,78
BNED,Barnes & Noble Education Inc.,2015,2019,5,9,1,False,1,1,3,4,Q3 2015,1,-1,4.4,stock_life_cycles,2026-09-03,Q1 2007 to Q2 2026,78
SPH,"Suburban Propane Partners, L.P.",2017,2020,4,8,1,False,1,1,5,1,Q2 2017,1,4,4.4,stock_life_cycles,2026-09-03,Q1 2007 to Q2 2026,78
ASCMA,Ascent Capital Group,2015,2019,5,7,1,False,1,1,2,3,Q1 2015,1,-1,4.4,stock_life_cycles,2026-09-03,Q1 2007 to Q2 2026,78
PRPC.U-OLD,CC Neuberger Principal Holdings III Units,2021,2021,1,3,2,False,1,2,0,0,Q1 2021,2,-1,4.4,stock_life_cycles,2026-09-03,Q1 2007 to Q2 2026,78
MGY,Magnolia Oil & Gas Corp.,2018,2021,4,12,1,False,1,1,7,3,Q3 2018,1,4,4.4,stock_life_cycles,2026-09-03,Q1 2007 to Q2 2026,78
SMTS,Sierra Metals Inc.,2019,2022,4,8,1,False,1,1,5,1,Q4 2019,1,4,4.4,stock_life_cycles,2026-09-03,Q1 2007 to Q2 2026,78
RTPYW,Reinvent Technology Partners WTS,2021,2021,1,3,2,False,1,2,0,0,Q1 2021,2,-1,4.4,stock_life_cycles,2026-09-03,Q1 2007 to Q2 2026,78
MEG-OLD,Media General,2012,2016,5,3,1,False,1,1,0,1,Q3 2012,1,-1,4.4,stock_life_cycles,2026-09-03,Q1 2007 to Q2 2026,78
OZM,Och Ziff Capital Mgmt Grp LLC,2016,2019,4,6,1,False,1,1,4,0,Q2 2016,1,4,4.4,stock_life_cycles,2026-09-03,Q1 2007 to Q2 2026,78
IRBT,iRobot Corp.,2018,2022,5,7,1,False,3,3,0,1,Q1 2018,3,-1,4.4,stock_life_cycles,2026-09-03,Q1 2007 to Q2 2026,78
EEM,Ishares Msci Emerging Market,2025,2025,1,3,2,False,1,2,0,0,Q3 2025,2,-1,4.4,stock_life_cycles,2026-09-03,Q1 2007 to Q2 2026,78
ESVIF,Ensign Energy Services Inc.,2007,2010,4,12,1,False,0,1,8,3,,1,4,4.4,stock_life_cycles,2026-09-03,Q1 2007 to Q2 2026,78
IPG-OLD,Interpublic Group,2024,2025,2,12,2,False,0,2,3,7,,2,-6,4.4,stock_life_cycles,2026-09-03,Q1 2007 to Q2 2026,78
RTPZ.WS,Reinvent Technology Partners Z WTS,2021,2021,1,3,2,False,1,2,0,0,Q1 2021,2,-1,4.4,stock_life_cycles,2026-09-03,Q1 2007 to Q2 2026,78
MEUSW,23andMe Holding Co. WTS,2021,2021,1,3,2,False,1,2,0,0,Q1 2021,2,-1,4.4,stock_life_cycles,2026-09-03,Q1 2007 to Q2 2026,78
CVLT,CommVault Systems Inc.,2025,2025,1,4,2,False,1,2,0,1,Q2 2025,2,-2,4.3,stock_life_cycles,2026-09-03,Q1 2007 to Q2 2026,78
KLIC,Kulicke & Soffa Ind.,2017,2021,5,8,1,False,1,1,2,4,Q3 2017,1,-2,4.3,stock_life_cycles,2026-09-03,Q1 2007 to Q2 2026,78
BILL,Bill.com Holdings,2020,2023,4,9,1,False,3,3,3,0,Q3 2020,3,3,4.3,stock_life_cycles,2026-09-03,Q1 2007 to Q2 2026,78
CLPR,Clipper Realty Inc.,2018,2018,1,4,2,False,1,2,0,1,Q1 2018,2,-2,4.3,stock_life_cycles,2026-09-03,Q1 2007 to Q2 2026,78
MCG-OLD,Membership Collective Grp Inc.,2021,2025,5,8,1,False,2,2,1,3,Q3 2021,2,-2,4.3,stock_life_cycles,2026-09-03,Q1 2007 to Q2 2026,78
WFC.WS,Wells Fargo WTS,2018,2018,1,2,2,False,0,2,0,0,,2,-2,4.3,stock_life_cycles,2026-09-03,Q1 2007 to Q2 2026,78
LSTR,Landstar System Inc.,2022,2026,5,5,1,False,1,2,0,2,Q3 2025,2,-3,4.2,stock_life_cycles,2026-09-03,Q1 2007 to Q2 2026,78
SCHO,Schwab Short-Term U.S. Treasury ETF,2021,2024,4,6,1,False,2,2,2,0,Q2 2021,2,2,4.2,stock_life_cycles,2026-09-03,Q1 2007 to Q2 2026,78
OIH,Vaneck Oil Services ETF,2022,2025,4,10,1,False,2,2,4,2,Q1 2022,2,2,4.2,stock_life_cycles,2026-09-03,Q1 2007 to Q2 2026,78
AP,Ampco-Pittsburgh Corp.,2017,2020,4,6,1,False,1,1,3,1,Q3 2017,1,2,4.2,stock_life_cycles,2026-09-03,Q1 2007 to Q2 2026,78
SNBR,Sleep Number Corp.,2020,2023,4,12,1,False,0,1,7,4,,1,2,4.2,stock_life_cycles,2026-09-03,Q1 2007 to Q2 2026,78
MGI-OLD,MoneyGram International,2014,2017,4,4,1,False,1,1,2,0,Q4 2014,1,2,4.2,stock_life_cycles,2026-09-03,Q1 2007 to Q2 2026,78
HNRG,Hallador Energy,2020,2024,5,3,1,False,0,1,0,2,,1,-3,4.2,stock_life_cycles,2026-09-03,Q1 2007 to Q2 2026,78
TLIS-OLD,Talis Biomedical Corp.,2021,2024,4,5,1,False,1,1,2,1,Q4 2021,1,1,4.1,stock_life_cycles,2026-09-03,Q1 2007 to Q2 2026,78
SPWH,Sportsman's Warehouse Hldgs,2019,2022,4,7,1,False,1,2,3,1,Q1 2022,2,1,4.1,stock_life_cycles,2026-09-03,Q1 2007 to Q2 2026,78
FCG,First Trust Natural Gas ETF,2022,2025,4,5,1,False,2,2,1,0,Q1 2022,2,1,4.1,stock_life_cycles,2026-09-03,Q1 2007 to Q2 2026,78
SBNY,Signature Bank,2017,2020,4,7,1,False,1,1,3,2,Q4 2017,1,1,4.1,stock_life_cycles,2026-09-03,Q1 2007 to Q2 2026,78
EME,Emcor Group,2019,2023,5,4,1,False,0,1,0,3,,1,-4,4.1,stock_life_cycles,2026-09-03,Q1 2007 to Q2 2026,78
ASHTF,Ashtead Group plc,2022,2026,5,16,1,False,0,1,6,9,,1,-4,4.1,stock_life_cycles,2026-09-03,Q1 2007 to Q2 2026,78
EVVAQ-OLD,Enviva Partners LP,2018,2020,3,8,1,False,1,1,6,0,Q2 2018,1,6,4.1,stock_life_cycles,2026-09-03,Q1 2007 to Q2 2026,78
CFRUY,Compagnie Financiere Richemont Switz ADR,2022,2025,4,10,1,False,1,1,4,4,Q3 2022,1,0,4.0,stock_life_cycles,2026-09-03,Q1 2007 to Q2 2026,78
LGIH,LGI Homes Inc.,2022,2025,4,8,1,False,2,2,2,2,Q2 2022,2,0,4.0,stock_life_cycles,2026-09-03,Q1 2007 to Q2 2026,78
TXNM,TXNM Energy Inc.,2021,2024,4,4,1,False,2,2,0,0,Q3 2021,2,0,4.0,stock_life_cycles,2026-09-03,Q1 2007 to Q2 2026,78
GB-OLD,Global Blue Group Holding AG,2021,2025,5,5,1,False,0,1,0,4,,1,-5,4.0,stock_life_cycles,2026-09-03,Q1 2007 to Q2 2026,78
TOO,Teekay Offshore Partners LP,2017,2020,4,2,1,False,1,1,0,0,Q4 2017,1,0,4.0,stock_life_cycles,2026-09-03,Q1 2007 to Q2 2026,78
SAVE,Spirit Airlines,2018,2021,4,4,1,False,2,2,0,0,Q2 2018,2,0,4.0,stock_life_cycles,2026-09-03,Q1 2007 to Q2 2026,78
HGTY.WS,Hagerty Inc. WTS,2021,2024,4,2,1,False,1,1,0,0,Q4 2021,1,0,4.0,stock_life_cycles,2026-09-03,Q1 2007 to Q2 2026,78
AIW,Arlington Asset Investment Corp.,2013,2016,4,2,1,False,1,1,0,0,Q4 2013,1,0,4.0,stock_life_cycles,2026-09-03,Q1 2007 to Q2 2026,78
SCACW,Saban Capital Acquisition Corp. WTS,2016,2019,4,2,1,False,1,1,0,0,Q4 2016,1,0,4.0,stock_life_cycles,2026-09-03,Q1 2007 to Q2 2026,78
HZON.U-OLD,Horizon Acquisition Corp. II Units,2020,2023,4,4,1,False,2,2,0,0,Q4 2020,2,0,4.0,stock_life_cycles,2026-09-03,Q1 2007 to Q2 2026,78
DDS,Dillard Inc.,2018,2021,4,8,1,False,3,3,1,1,Q4 2018,3,0,4.0,stock_life_cycles,2026-09-03,Q1 2007 to Q2 2026,78
PANA-OLD,Panacea Acquisition Corp. II,2020,2023,4,4,1,False,2,2,0,0,Q3 2020,2,0,4.0,stock_life_cycles,2026-09-03,Q1 2007 to Q2 2026,78
WHD,Cactus Inc.,2022,2026,5,11,1,False,1,2,2,6,Q1 2024,2,-5,4.0,stock_life_cycles,2026-09-03,Q1 2007 to Q2 2026,78
JZEOF,JZ Equity Partners,2008,2012,5,9,1,False,0,1,2,6,,1,-5,4.0,stock_life_cycles,2026-09-03,Q1 2007 to Q2 2026,78
DFH,Dream Finders Homes Inc   A,2023,2026,4,2,1,False,1,1,0,0,Q4 2023,1,0,4.0,stock_life_cycles,2026-09-03,Q1 2007 to Q2 2026,78
DXM,Dex Media Inc.,2013,2016,4,2,1,False,1,1,0,0,Q2 2013,1,0,4.0,stock_life_cycles,2026-09-03,Q1 2007 to Q2 2026,78
SLAC.WS-OLD,Social Leverage Acquisition Corp. WTS,2021,2024,4,2,1,False,1,1,0,0,Q2 2021,1,0,4.0,stock_life_cycles,2026-09-03,Q1 2007 to Q2 2026,78
MCFT,MasterCraft Boat Holdings Inc.,2019,2022,4,10,1,False,1,1,4,4,Q3 2019,1,0,4.0,stock_life_cycles,2026-09-03,Q1 2007 to Q2 2026,78
CRESW,Cresud Inc. WTS,2021,2024,4,2,1,False,1,1,0,0,Q2 2021,1,0,4.0,stock_life_cycles,2026-09-03,Q1 2007 to Q2 2026,78
NWPX,Northwest Pipe Co.,2017,2021,5,7,1,False,1,1,0,5,Q3 2017,1,-5,4.0,stock_life_cycles,2026-09-03,Q1 2007 to Q2 2026,78
MMS,MAXIMUS Inc.,2022,2025,4,6,1,False,0,1,3,2,,1,0,4.0,stock_life_cycles,2026-09-03,Q1 2007 to Q2 2026,78
IDWM,IDW Media Holdings,2019,2025,7,25,1,False,0,1,5,19,,1,-15,4.0,stock_life_cycles,2026-09-03,Q1 2007 to Q2 2026,78
IPMLF,Imperial Metals Corp.,2013,2015,3,6,1,False,1,1,4,0,Q4 2013,1,4,3.9,stock_life_cycles,2026-09-03,Q1 2007 to Q2 2026,78
DEST,Destination Maternity Corp.,2016,2019,4,3,1,False,1,1,0,1,Q4 2016,1,-1,3.9,stock_life_cycles,2026-09-03,Q1 2007 to Q2 2026,78
GIB,CGI Inc.,2021,2024,4,5,1,False,1,1,1,2,Q2 2021,1,-1,3.9,stock_life_cycles,2026-09-03,Q1 2007 to Q2 2026,78
WPX,WPX Energy,2018,2021,4,7,1,False,0,1,3,3,,1,-1,3.9,stock_life_cycles,2026-09-03,Q1 2007 to Q2 2026,78
GLRE,Greenlight Capital Re Ltd.,2008,2011,4,3,1,False,0,1,1,1,,1,-1,3.9,stock_life_cycles,2026-09-03,Q1 2007 to Q2 2026,78
CTT-OLD,CatchMark Timber Trust Inc.,2019,2022,4,5,1,False,1,2,1,1,Q4 2021,2,-1,3.9,stock_life_cycles,2026-09-03,Q1 2007 to Q2 2026,78
QCP,Quality Care Properties Inc.,2016,2018,3,6,1,False,1,1,4,0,Q4 2016,1,4,3.9,stock_life_cycles,2026-09-03,Q1 2007 to Q2 2026,78
UFI,Unifi Inc.,2018,2020,3,6,1,False,1,1,4,0,Q2 2018,1,4,3.9,stock_life_cycles,2026-09-03,Q1 2007 to Q2 2026,78
NEU,NewMarket Corp.,2012,2015,4,3,1,False,1,2,0,0,Q3 2013,2,-1,3.9,stock_life_cycles,2026-09-03,Q1 2007 to Q2 2026,78
SWBI,Smith & Wesson Brands,2022,2025,4,5,1,False,1,1,1,2,Q2 2022,1,-1,3.9,stock_life_cycles,2026-09-03,Q1 2007 to Q2 2026,78
TCRD,"THL Credit, Inc.",2018,2020,3,8,1,False,0,1,6,1,,1,4,3.9,stock_life_cycles,2026-09-03,Q1 2007 to Q2 2026,78
NXEOU,Nexeo Solutions Inc. UN,2014,2016,3,7,1,False,1,1,4,1,Q3 2014,1,3,3.8,stock_life_cycles,2026-09-03,Q1 2007 to Q2 2026,78
EVI,EVI Industries Inc.,2020,2023,4,6,1,False,1,1,1,3,Q1 2020,1,-2,3.8,stock_life_cycles,2026-09-03,Q1 2007 to Q2 2026,78
CSE,CapitalSource Inc.,2009,2012,4,6,1,False,1,1,1,3,Q4 2009,1,-2,3.8,stock_life_cycles,2026-09-03,Q1 2007 to Q2 2026,78
CYTT-OLD,Cytec Industries,2013,2015,3,7,1,False,1,1,4,1,Q4 2013,1,3,3.8,stock_life_cycles,2026-09-03,Q1 2007 to Q2 2026,78
DDAIF,Daimler AG,2007,2010,4,4,1,False,1,2,0,1,Q3 2008,2,-2,3.8,stock_life_cycles,2026-09-03,Q1 2007 to Q2 2026,78
VEON,VEON Ltd.,2015,2017,3,7,1,False,1,1,4,1,Q1 2015,1,3,3.8,stock_life_cycles,2026-09-03,Q1 2007 to Q2 2026,78
MOMO,Hello Group Inc  Spn ADR,2024,2026,3,9,1,False,0,1,6,2,,1,3,3.8,stock_life_cycles,2026-09-03,Q1 2007 to Q2 2026,78
BBD,Banco Bradesco,2022,2024,3,11,1,False,0,1,7,3,,1,3,3.8,stock_life_cycles,2026-09-03,Q1 2007 to Q2 2026,78
CVRR,CVR Refining LP,2016,2019,4,2,1,False,0,1,0,1,,1,-2,3.8,stock_life_cycles,2026-09-03,Q1 2007 to Q2 2026,78
HOME,At Home Group Inc.,2019,2021,3,5,1,False,1,1,3,0,Q3 2019,1,3,3.8,stock_life_cycles,2026-09-03,Q1 2007 to Q2 2026,78
SNR,New Senior Investment Group,2019,2021,3,9,1,False,0,1,6,2,,1,3,3.8,stock_life_cycles,2026-09-03,Q1 2007 to Q2 2026,78
HOPE,Hope Bancorp Inc.,2020,2023,4,2,1,False,0,1,0,1,,1,-2,3.8,stock_life_cycles,2026-09-03,Q1 2007 to Q2 2026,78
TYL,Tyler Technologies Inc.,2023,2026,4,10,1,False,0,1,4,5,,1,-2,3.8,stock_life_cycles,2026-09-03,Q1 2007 to Q2 2026,78
CAM,Cameron International Corp.,2013,2015,3,7,1,False,1,1,4,1,Q3 2013,1,3,3.8,stock_life_cycles,2026-09-03,Q1 2007 to Q2 2026,78
DGEAF,Diageo Plc,2022,2026,5,9,1,False,1,2,0,6,Q4 2025,2,-7,3.8,stock_life_cycles,2026-09-03,Q1 2007 to Q2 2026,78
AMPS-OLD,Altus Power Inc,2021,2023,3,5,1,False,1,1,3,0,Q4 2021,1,3,3.8,stock_life_cycles,2026-09-03,Q1 2007 to Q2 2026,78
FNCHQ,Finch Therapeutics Group Inc.,2021,2024,4,7,1,False,1,1,1,4,Q1 2021,1,-3,3.7,stock_life_cycles,2026-09-03,Q1 2007 to Q2 2026,78
ELME,ELME Communities,2023,2025,3,4,1,False,1,1,2,0,Q2 2023,1,2,3.7,stock_life_cycles,2026-09-03,Q1 2007 to Q2 2026,78
AMCX,AMC Networks Inc.,2018,2021,4,9,1,False,0,1,3,5,,1,-3,3.7,stock_life_cycles,2026-09-03,Q1 2007 to Q2 2026,78
VRNT-OLD,Verint Systems Inc.,2020,2022,3,8,1,False,1,1,4,2,Q2 2020,1,2,3.7,stock_life_cycles,2026-09-03,Q1 2007 to Q2 2026,78
AAWW-OLD,Atlas Air Worldwide Holdings,2020,2022,3,8,1,False,1,1,4,2,Q2 2020,1,2,3.7,stock_life_cycles,2026-09-03,Q1 2007 to Q2 2026,78
MWE,MarkWest Energy Partners,2013,2015,3,8,1,False,1,1,4,2,Q1 2013,1,2,3.7,stock_life_cycles,2026-09-03,Q1 2007 to Q2 2026,78
MWA.B,Mueller Water Products CL B,2007,2009,3,6,1,False,1,1,3,1,Q1 2007,1,2,3.7,stock_life_cycles,2026-09-03,Q1 2007 to Q2 2026,78
BOFL,Bank of Florida Corp.,2008,2010,3,4,1,False,1,1,2,0,Q2 2008,1,2,3.7,stock_life_cycles,2026-09-03,Q1 2007 to Q2 2026,78
USCB,USCB Financial Holdings Inc.,2021,2024,4,5,1,False,1,1,0,3,Q3 2021,1,-3,3.7,stock_life_cycles,2026-09-03,Q1 2007 to Q2 2026,78
BKW-OLD,Burger King Worldwide Inc.,2012,2014,3,4,1,False,1,1,2,0,Q3 2012,1,2,3.7,stock_life_cycles,2026-09-03,Q1 2007 to Q2 2026,78
MN-OLD,Manning & Napier,2017,2020,4,7,1,False,0,1,2,4,,1,-3,3.7,stock_life_cycles,2026-09-03,Q1 2007 to Q2 2026,78
ASHR,Xtrackers Harvest Csi 300 Ch,2024,2026,3,6,1,False,1,2,3,0,Q4 2025,2,2,3.7,stock_life_cycles,2026-09-03,Q1 2007 to Q2 2026,78
FOE-OLD,Ferro Corp.,2019,2021,3,6,1,False,1,1,3,1,Q4 2019,1,2,3.7,stock_life_cycles,2026-09-03,Q1 2007 to Q2 2026,78
STRA,Strategic Education Inc.,2018,2020,3,10,1,False,1,1,5,3,Q2 2018,1,2,3.7,stock_life_cycles,2026-09-03,Q1 2007 to Q2 2026,78
SSW,Seaspan Corp.,2018,2020,3,4,1,False,1,1,2,0,Q2 2018,1,2,3.7,stock_life_cycles,2026-09-03,Q1 2007 to Q2 2026,78
RRR-OLD,RSC Holdings Inc.,2009,2011,3,4,1,False,1,1,2,0,Q4 2009,1,2,3.7,stock_life_cycles,2026-09-03,Q1 2007 to Q2 2026,78
SH,Proshares Short S&P 500,2021,2023,3,3,1,False,1,1,1,0,Q1 2021,1,1,3.6,stock_life_cycles,2026-09-03,Q1 2007 to Q2 2026,78
TERP,TerraForm Power Inc.,2017,2019,3,3,1,False,1,1,1,0,Q2 2017,1,1,3.6,stock_life_cycles,2026-09-03,Q1 2007 to Q2 2026,78
PDBC,Invesco Optimum Yield Divers,2023,2025,3,3,1,False,1,1,1,0,Q1 2023,1,1,3.6,stock_life_cycles,2026-09-03,Q1 2007 to Q2 2026,78
SHY,iShares 1-3 Year Treasury Bond ETF,2021,2023,3,9,1,False,0,1,5,3,,1,1,3.6,stock_life_cycles,2026-09-03,Q1 2007 to Q2 2026,78
BRY-OLD,Berry Petroleum Corp.,2022,2025,4,4,1,False,0,1,0,3,,1,-4,3.6,stock_life_cycles,2026-09-03,Q1 2007 to Q2 2026,78
SHPW-OLD,Shapeways Holdings Inc.,2021,2023,3,5,1,False,2,2,1,0,Q3 2021,2,1,3.6,stock_life_cycles,2026-09-03,Q1 2007 to Q2 2026,78
HCP-OLD,Hashicorp Inc Cl A,2021,2023,3,5,1,False,1,1,2,1,Q4 2021,1,1,3.6,stock_life_cycles,2026-09-03,Q1 2007 to Q2 2026,78
INXN,Interxion Holding NV,2014,2016,3,3,1,False,1,1,1,0,Q3 2014,1,1,3.6,stock_life_cycles,2026-09-03,Q1 2007 to Q2 2026,78
POT,Potash Corp. of Saskatchewan Inc.,2009,2012,4,12,1,False,0,1,4,7,,1,-4,3.6,stock_life_cycles,2026-09-03,Q1 2007 to Q2 2026,78
ASHTY,Ashtead Group Plc Unspon ADR,2022,2024,3,3,1,False,1,1,1,0,Q3 2022,1,1,3.6,stock_life_cycles,2026-09-03,Q1 2007 to Q2 2026,78
LNTH,Lantheus Holdings Inc.,2023,2025,3,9,1,False,0,1,5,3,,1,1,3.6,stock_life_cycles,2026-09-03,Q1 2007 to Q2 2026,78
IVT,Inventrust Properties Corp,2021,2025,5,13,1,False,1,1,1,10,Q4 2021,1,-9,3.6,stock_life_cycles,2026-09-03,Q1 2007 to Q2 2026,78
ARRS,ARRIS International plc,2016,2018,3,9,1,False,1,1,4,3,Q4 2016,1,1,3.6,stock_life_cycles,2026-09-03,Q1 2007 to Q2 2026,78
ACIC,American Coastal Insurance C,2023,2025,3,5,1,False,1,1,2,1,Q4 2023,1,1,3.6,stock_life_cycles,2026-09-03,Q1 2007 to Q2 2026,78
ORCC,Owl Rock Capital Corp.,2020,2022,3,3,1,False,1,1,1,0,Q4 2020,1,1,3.6,stock_life_cycles,2026-09-03,Q1 2007 to Q2 2026,78
GRP.UN,Granite Real Estate Inv. Trust,2020,2022,3,3,1,False,1,1,1,0,Q1 2020,1,1,3.6,stock_life_cycles,2026-09-03,Q1 2007 to Q2 2026,78
DOOO,BRP Inc.,2022,2024,3,3,1,False,1,1,1,0,Q2 2022,1,1,3.6,stock_life_cycles,2026-09-03,Q1 2007 to Q2 2026,78
MPW-OLD,Medical Properties Trust,2022,2024,3,7,1,False,1,1,3,2,Q3 2022,1,1,3.6,stock_life_cycles,2026-09-03,Q1 2007 to Q2 2026,78
DLTH,Duluth Holdings Inc.,2015,2017,3,3,1,False,1,1,1,0,Q4 2015,1,1,3.6,stock_life_cycles,2026-09-03,Q1 2007 to Q2 2026,78
ACF,AmeriCredit Corp.,2008,2010,3,9,1,False,1,1,4,3,Q1 2008,1,1,3.6,stock_life_cycles,2026-09-03,Q1 2007 to Q2 2026,78
ON,ON Semiconductor Corp.,2024,2026,3,7,1,False,1,1,3,2,Q1 2024,1,1,3.6,stock_life_cycles,2026-09-03,Q1 2007 to Q2 2026,78
PE,Parsley Energy Inc.,2018,2021,4,8,1,False,0,1,2,5,,1,-4,3.6,stock_life_cycles,2026-09-03,Q1 2007 to Q2 2026,78
RONI.WS-OLD,Rice Acquisition Corp Ii WTS,2021,2023,3,3,1,False,1,1,1,0,Q4 2021,1,1,3.6,stock_life_cycles,2026-09-03,Q1 2007 to Q2 2026,78
NXEO,Nexeo Solutions Inc.,2014,2016,3,6,1,False,1,1,2,2,Q3 2014,1,0,3.5,stock_life_cycles,2026-09-03,Q1 2007 to Q2 2026,78
SSE,Seventy Seven Energy Inc.,2014,2016,3,2,1,False,1,1,0,0,Q3 2014,1,0,3.5,stock_life_cycles,2026-09-03,Q1 2007 to Q2 2026,78
SDIG-OLD,Stronghold Digital Mining A,2021,2023,3,6,1,False,2,2,1,1,Q4 2021,2,0,3.5,stock_life_cycles,2026-09-03,Q1 2007 to Q2 2026,78
HCNEW-OLD,Jaws Hurricane Acquisiti WTS,2021,2023,3,2,1,False,1,1,0,0,Q4 2021,1,0,3.5,stock_life_cycles,2026-09-03,Q1 2007 to Q2 2026,78
ECDA-OLD,Ecd Automotive Design Inc,2023,2025,3,2,1,False,1,1,0,0,Q4 2023,1,0,3.5,stock_life_cycles,2026-09-03,Q1 2007 to Q2 2026,78
FHB,First Hawaiian Inc.,2022,2024,3,10,1,False,0,1,5,4,,1,0,3.5,stock_life_cycles,2026-09-03,Q1 2007 to Q2 2026,78
DSSI,Diamond S Shipping Inc.,2019,2021,3,2,1,False,1,1,0,0,Q2 2019,1,0,3.5,stock_life_cycles,2026-09-03,Q1 2007 to Q2 2026,78
MGLN,Magellan Health Inc.,2019,2021,3,4,1,False,1,2,1,0,Q2 2020,2,0,3.5,stock_life_cycles,2026-09-03,Q1 2007 to Q2 2026,78
AQU,Aquaron Acquisition Corp,2022,2024,3,2,1,False,1,1,0,0,Q4 2022,1,0,3.5,stock_life_cycles,2026-09-03,Q1 2007 to Q2 2026,78
CCRD-OLD,CoreCard Corp.,2023,2025,3,4,1,False,0,1,2,1,,1,0,3.5,stock_life_cycles,2026-09-03,Q1 2007 to Q2 2026,78
CCE-OLD,Coca-Cola Enterprises,2008,2010,3,2,1,False,1,1,0,0,Q4 2008,1,0,3.5,stock_life_cycles,2026-09-03,Q1 2007 to Q2 2026,78
IMXI,International Money Express Inc.,2020,2023,4,7,1,False,0,1,1,5,,1,-5,3.5,stock_life_cycles,2026-09-03,Q1 2007 to Q2 2026,78
EUFN,Ishares Msci Europe Financia,2024,2026,3,2,1,False,1,1,0,0,Q4 2024,1,0,3.5,stock_life_cycles,2026-09-03,Q1 2007 to Q2 2026,78
PTWO-OLD,Pono Capital Two Inc Cl A,2022,2024,3,2,1,False,1,1,0,0,Q4 2022,1,0,3.5,stock_life_cycles,2026-09-03,Q1 2007 to Q2 2026,78
KVYO,Klaviyo Inc A,2023,2025,3,2,1,False,1,1,0,0,Q3 2023,1,0,3.5,stock_life_cycles,2026-09-03,Q1 2007 to Q2 2026,78
LEGAU-OLD,Lead Edge Growth Opportunities Units,2021,2023,3,2,1,False,1,1,0,0,Q1 2021,1,0,3.5,stock_life_cycles,2026-09-03,Q1 2007 to Q2 2026,78
PRNDY,Pernod Ricard Sa   Spon ADR,2022,2024,3,10,1,False,0,1,5,4,,1,0,3.5,stock_life_cycles,2026-09-03,Q1 2007 to Q2 2026,78
FSRXU-OLD,FinServ Acquisition Corp. II Units,2021,2023,3,2,1,False,1,1,0,0,Q1 2021,1,0,3.5,stock_life_cycles,2026-09-03,Q1 2007 to Q2 2026,78
CST,CST Brands,2013,2015,3,6,1,False,1,1,2,2,Q2 2013,1,0,3.5,stock_life_cycles,2026-09-03,Q1 2007 to Q2 2026,78
ASAN,Asana Inc.,2020,2022,3,4,1,False,0,1,2,1,,1,0,3.5,stock_life_cycles,2026-09-03,Q1 2007 to Q2 2026,78
DISAU-OLD,Disruptive Acquisition Corp. I Units,2021,2023,3,2,1,False,1,1,0,0,Q1 2021,1,0,3.5,stock_life_cycles,2026-09-03,Q1 2007 to Q2 2026,78
PRTK-OLD,Paratek Pharmaceuticals,2017,2019,3,2,1,False,0,1,1,0,,1,0,3.5,stock_life_cycles,2026-09-03,Q1 2007 to Q2 2026,78
SGP,Schering-Plough,2007,2009,3,2,1,False,0,1,1,0,,1,0,3.5,stock_life_cycles,2026-09-03,Q1 2007 to Q2 2026,78
TENK-OLD,Tenx Keane Acquisiti Class A,2022,2024,3,2,1,False,1,1,0,0,Q4 2022,1,0,3.5,stock_life_cycles,2026-09-03,Q1 2007 to Q2 2026,78
OZON-OLD,Ozon Holdings plc,2021,2023,3,6,1,False,0,1,3,2,,1,0,3.5,stock_life_cycles,2026-09-03,Q1 2007 to Q2 2026,78
GLST-OLD,Global Star Acquisition Cl A,2022,2024,3,2,1,False,1,1,0,0,Q4 2022,1,0,3.5,stock_life_cycles,2026-09-03,Q1 2007 to Q2 2026,78
ACGP,Associated Capital Group Inc.,2019,2021,3,2,1,False,1,1,0,0,Q1 2019,1,0,3.5,stock_life_cycles,2026-09-03,Q1 2007 to Q2 2026,78
BWC-OLD,Blue Whale Acquisition Cor A,2021,2023,3,2,1,False,1,1,0,0,Q4 2021,1,0,3.5,stock_life_cycles,2026-09-03,Q1 2007 to Q2 2026,78
AGU,Agrium Inc.,2014,2016,3,6,1,False,1,1,2,2,Q3 2014,1,0,3.5,stock_life_cycles,2026-09-03,Q1 2007 to Q2 2026,78
AVX,AVX Corp.,2018,2020,3,6,1,False,0,1,3,2,,1,0,3.5,stock_life_cycles,2026-09-03,Q1 2007 to Q2 2026,78
NPWR.WS,Rice Acquisition Corp Ii WTS,2023,2025,3,2,1,False,1,1,0,0,Q2 2023,1,0,3.5,stock_life_cycles,2026-09-03,Q1 2007 to Q2 2026,78
WEBR-OLD,Weber Inc.,2021,2023,3,2,1,False,1,1,0,0,Q3 2021,1,0,3.5,stock_life_cycles,2026-09-03,Q1 2007 to Q2 2026,78
LVMHF,Lvmh Moet Hennessy Louis Vui,2022,2024,3,4,1,False,1,2,1,0,Q1 2023,2,0,3.5,stock_life_cycles,2026-09-03,Q1 2007 to Q2 2026,78
HKHHY,Heineken Holding Nv Spn ADR,2023,2025,3,6,1,False,0,1,3,2,,1,0,3.5,stock_life_cycles,2026-09-03,Q1 2007 to Q2 2026,78
LITT-OLD,Logistics Innovation Technologies Corp.,2021,2023,3,2,1,False,1,1,0,0,Q4 2021,1,0,3.5,stock_life_cycles,2026-09-03,Q1 2007 to Q2 2026,78
EQC-OLD,Equity Commonwealth,2023,2025,3,2,1,False,1,1,0,0,Q2 2023,1,0,3.5,stock_life_cycles,2026-09-03,Q1 2007 to Q2 2026,78
STNLU,Sentinel Energy Services Inc. Units,2017,2019,3,2,1,False,1,1,0,0,Q4 2017,1,0,3.5,stock_life_cycles,2026-09-03,Q1 2007 to Q2 2026,78
SCAC-OLD,Saban Capital Acquisition Corp.,2016,2018,3,2,1,False,1,1,0,0,Q3 2016,1,0,3.5,stock_life_cycles,2026-09-03,Q1 2007 to Q2 2026,78
RTIX,RTI Surgical Holdings Inc.,2019,2020,2,7,1,False,1,1,5,0,Q1 2019,1,5,3.5,stock_life_cycles,2026-09-03,Q1 2007 to Q2 2026,78
GBL,GAMCO Investors Inc.,2019,2021,3,2,1,False,1,1,0,0,Q1 2019,1,0,3.5,stock_life_cycles,2026-09-03,Q1 2007 to Q2 2026,78
KSS,Kohl's Corp.,2020,2022,3,8,1,False,1,1,3,3,Q4 2020,1,0,3.5,stock_life_cycles,2026-09-03,Q1 2007 to Q2 2026,78
TSAT,Telesat Corp,2021,2023,3,4,1,False,1,1,1,1,Q4 2021,1,0,3.5,stock_life_cycles,2026-09-03,Q1 2007 to Q2 2026,78
LITTW-OLD,Logistics Innovation Tech WTS 28,2021,2023,3,2,1,False,1,1,0,0,Q4 2021,1,0,3.5,stock_life_cycles,2026-09-03,Q1 2007 to Q2 2026,78
WAVC.U-OLD,Waverley Capital Acquisition Corp. 1 Units,2021,2023,3,2,1,False,1,1,0,0,Q3 2021,1,0,3.5,stock_life_cycles,2026-09-03,Q1 2007 to Q2 2026,78
EGGF.WS,EG Acquisition Corp A WTS 28,2021,2023,3,2,1,False,1,1,0,0,Q4 2021,1,0,3.5,stock_life_cycles,2026-09-03,Q1 2007 to Q2 2026,78
SEMG,SemGroup Corp.,2010,2012,3,2,1,False,1,1,0,0,Q4 2010,1,0,3.5,stock_life_cycles,2026-09-03,Q1 2007 to Q2 2026,78
DCGO,Docgo Inc,2024,2026,3,4,1,False,2,2,0,0,Q2 2024,2,0,3.5,stock_life_cycles,2026-09-03,Q1 2007 to Q2 2026,78
HCNE-OLD,Jaws Hurricane Acquisition A,2021,2023,3,2,1,False,1,1,0,0,Q4 2021,1,0,3.5,stock_life_cycles,2026-09-03,Q1 2007 to Q2 2026,78
BRKR,Bruker Corp.,2023,2025,3,6,1,False,3,3,0,0,Q4 2023,3,0,3.5,stock_life_cycles,2026-09-03,Q1 2007 to Q2 2026,78
GTYHU,Gty Technology Hldgs Inc. Unit,2016,2018,3,2,1,False,1,1,0,0,Q4 2016,1,0,3.5,stock_life_cycles,2026-09-03,Q1 2007 to Q2 2026,78
BWCAW-OLD,Blue Whale Acq Corp  WTS23,2021,2023,3,2,1,False,1,1,0,0,Q4 2021,1,0,3.5,stock_life_cycles,2026-09-03,Q1 2007 to Q2 2026,78
ADV,Advantage Solutions Inc.,2020,2023,4,8,1,False,1,1,0,6,Q4 2020,1,-6,3.4,stock_life_cycles,2026-09-03,Q1 2007 to Q2 2026,78
NVRI-OLD,Enviri Corp.,2014,2015,2,6,1,False,1,1,4,0,Q1 2014,1,4,3.4,stock_life_cycles,2026-09-03,Q1 2007 to Q2 2026,78
AAIGF,AIA Group Ltd.,2010,2012,3,3,1,False,1,1,0,1,Q4 2010,1,-1,3.4,stock_life_cycles,2026-09-03,Q1 2007 to Q2 2026,78
BKSY.WS,BlackSky Technology Inc. WTS,2021,2023,3,3,1,False,1,1,0,1,Q3 2021,1,-1,3.4,stock_life_cycles,2026-09-03,Q1 2007 to Q2 2026,78
KVSC-OLD,Khosla Ventures Acquisition Co. III,2021,2023,3,3,1,False,1,1,0,1,Q1 2021,1,-1,3.4,stock_life_cycles,2026-09-03,Q1 2007 to Q2 2026,78
UDR,UDR Inc.,2023,2026,4,10,1,False,0,1,2,7,,1,-6,3.4,stock_life_cycles,2026-09-03,Q1 2007 to Q2 2026,78
PSTH.WS,Pershing Square Tontine Holdings WTS,2020,2022,3,3,1,False,1,1,0,1,Q3 2020,1,-1,3.4,stock_life_cycles,2026-09-03,Q1 2007 to Q2 2026,78
RBAC.WS,RedBall Acquisition Corp. WTS,2020,2022,3,3,1,False,1,1,0,1,Q4 2020,1,-1,3.4,stock_life_cycles,2026-09-03,Q1 2007 to Q2 2026,78
API,Agora Inc.,2020,2022,3,3,1,False,0,1,1,1,,1,-1,3.4,stock_life_cycles,2026-09-03,Q1 2007 to Q2 2026,78
BODY.WS,Beachbody Company WTS 123127,2021,2023,3,3,1,False,1,1,0,1,Q2 2021,1,-1,3.4,stock_life_cycles,2026-09-03,Q1 2007 to Q2 2026,78
FSUMF,Fortescue Metals Group Ltd.,2008,2010,3,3,1,False,1,1,0,1,Q4 2008,1,-1,3.4,stock_life_cycles,2026-09-03,Q1 2007 to Q2 2026,78
BND,Vanguard Total Bond Market,2023,2025,3,3,1,False,0,1,1,1,,1,-1,3.4,stock_life_cycles,2026-09-03,Q1 2007 to Q2 2026,78
LHCG-OLD,LHC Group Inc.,2020,2022,3,5,1,False,2,2,0,1,Q1 2020,2,-1,3.4,stock_life_cycles,2026-09-03,Q1 2007 to Q2 2026,78
AZUL,Azul S.A.,2022,2024,3,9,1,False,0,1,4,4,,1,-1,3.4,stock_life_cycles,2026-09-03,Q1 2007 to Q2 2026,78
JKS,Jinkosolar Holding Co ADR,2023,2025,3,7,1,False,1,2,2,2,Q1 2025,2,-1,3.4,stock_life_cycles,2026-09-03,Q1 2007 to Q2 2026,78
AMC,AMC Entertainment Hldgs Inc.,2017,2019,3,5,1,False,1,1,1,2,Q3 2017,1,-1,3.4,stock_life_cycles,2026-09-03,Q1 2007 to Q2 2026,78
EGGF-OLD,EG Acquisition Corp.,2021,2023,3,3,1,False,1,1,0,1,Q4 2021,1,-1,3.4,stock_life_cycles,2026-09-03,Q1 2007 to Q2 2026,78
VTYX-OLD,Ventyx Biosciences Inc,2021,2023,3,3,1,False,1,1,0,1,Q4 2021,1,-1,3.4,stock_life_cycles,2026-09-03,Q1 2007 to Q2 2026,78
CLDR,Cloudera Inc.,2019,2021,3,3,1,False,1,1,0,1,Q3 2019,1,-1,3.4,stock_life_cycles,2026-09-03,Q1 2007 to Q2 2026,78
FLFV-OLD,Feutune Light Acquisiti Cl A,2022,2024,3,3,1,False,1,1,0,1,Q3 2022,1,-1,3.4,stock_life_cycles,2026-09-03,Q1 2007 to Q2 2026,78
HEINY,Heineken Nv Spn ADR,2022,2024,3,9,1,False,0,1,4,4,,1,-1,3.4,stock_life_cycles,2026-09-03,Q1 2007 to Q2 2026,78
FMCC,Federal Home Loan Mortgage Corp.,2013,2015,3,7,1,False,2,2,1,2,Q2 2013,2,-1,3.4,stock_life_cycles,2026-09-03,Q1 2007 to Q2 2026,78
FCRD,First Eagle Alternative Capital BDC,2020,2022,3,7,1,False,1,1,2,3,Q3 2020,1,-1,3.4,stock_life_cycles,2026-09-03,Q1 2007 to Q2 2026,78
TBN,Tamboran Resources Corp,2024,2026,3,3,1,False,1,1,0,1,Q3 2024,1,-1,3.4,stock_life_cycles,2026-09-03,Q1 2007 to Q2 2026,78
CNSWF,Constellation Software Inc.,2023,2026,4,10,1,False,0,1,2,7,,1,-6,3.4,stock_life_cycles,2026-09-03,Q1 2007 to Q2 2026,78
TLRD,Tailored Brands,2019,2020,2,6,1,False,0,1,5,0,,1,4,3.4,stock_life_cycles,2026-09-03,Q1 2007 to Q2 2026,78
FNMA,Federal National Mortgage Association,2013,2015,3,7,1,False,2,2,1,2,Q2 2013,2,-1,3.4,stock_life_cycles,2026-09-03,Q1 2007 to Q2 2026,78
NXRT,NexPoint Residential Trust,2020,2022,3,3,1,False,1,1,0,1,Q1 2020,1,-1,3.4,stock_life_cycles,2026-09-03,Q1 2007 to Q2 2026,78
PACD,Pacific Drilling S.A.,2018,2020,3,3,1,False,1,1,0,1,Q4 2018,1,-1,3.4,stock_life_cycles,2026-09-03,Q1 2007 to Q2 2026,78
TEAD,Teads Holding Co.,2021,2023,3,3,1,False,1,1,0,1,Q3 2021,1,-1,3.4,stock_life_cycles,2026-09-03,Q1 2007 to Q2 2026,78
ONTF-OLD,ON24 Inc.,2021,2023,3,5,1,False,1,1,1,2,Q1 2021,1,-1,3.4,stock_life_cycles,2026-09-03,Q1 2007 to Q2 2026,78
BPO,Brookfield Office Properties,2009,2011,3,9,1,False,1,1,3,4,Q2 2009,1,-1,3.4,stock_life_cycles,2026-09-03,Q1 2007 to Q2 2026,78
OLO-OLD,Olo Inc.,2021,2022,2,6,1,False,1,1,4,0,Q1 2021,1,4,3.4,stock_life_cycles,2026-09-03,Q1 2007 to Q2 2026,78
STRS,Stratus Properties Inc.,2021,2023,3,7,1,False,1,1,2,3,Q2 2021,1,-1,3.4,stock_life_cycles,2026-09-03,Q1 2007 to Q2 2026,78
SRGA,Surgalign Holdings,2020,2022,3,7,1,False,1,1,2,3,Q3 2020,1,-1,3.4,stock_life_cycles,2026-09-03,Q1 2007 to Q2 2026,78
ZH,Zhihu Inc   ADR,2025,2026,2,3,1,False,1,0,2,0,Q3 2025,0,3,3.3,stock_life_cycles,2026-09-03,Q1 2007 to Q2 2026,78
ONEW,Onewater Marine Inc Cl A,2025,2026,2,3,1,False,0,0,3,0,,0,3,3.3,stock_life_cycles,2026-09-03,Q1 2007 to Q2 2026,78
ATNI,ATN International Inc.,2019,2021,3,6,1,False,0,1,2,3,,1,-2,3.3,stock_life_cycles,2026-09-03,Q1 2007 to Q2 2026,78
ALHC,Alignment Healthcare Inc.,2023,2025,3,6,1,False,1,2,1,2,Q2 2024,2,-2,3.3,stock_life_cycles,2026-09-03,Q1 2007 to Q2 2026,78
EGHT,8x8 Inc.,2020,2022,3,4,1,False,0,1,1,2,,1,-2,3.3,stock_life_cycles,2026-09-03,Q1 2007 to Q2 2026,78
MASS,908 Devices Inc,2025,2026,2,3,1,False,0,0,3,0,,0,3,3.3,stock_life_cycles,2026-09-03,Q1 2007 to Q2 2026,78
BLD-OLD,TopBuild Corp.,2021,2022,2,7,1,False,2,2,3,0,Q1 2021,2,3,3.3,stock_life_cycles,2026-09-03,Q1 2007 to Q2 2026,78
SIBN,SI-BONE Inc.,2025,2026,2,3,1,False,0,0,3,0,,0,3,3.3,stock_life_cycles,2026-09-03,Q1 2007 to Q2 2026,78
HSTM,HealthStream Inc.,2025,2026,2,3,1,False,0,0,3,0,,0,3,3.3,stock_life_cycles,2026-09-03,Q1 2007 to Q2 2026,78
EMC,EMC Corp.,2008,2009,2,5,1,False,1,1,3,0,Q2 2008,1,3,3.3,stock_life_cycles,2026-09-03,Q1 2007 to Q2 2026,78
SMTSF-OLD,Sierra Metals Inc,2022,2023,2,5,1,False,1,1,3,0,Q1 2022,1,3,3.3,stock_life_cycles,2026-09-03,Q1 2007 to Q2 2026,78
STRW,Strawberry Fields Reit Inc,2025,2026,2,3,1,False,0,0,3,0,,0,3,3.3,stock_life_cycles,2026-09-03,Q1 2007 to Q2 2026,78
UPRO,ProShares UltraPro S&P500,2022,2024,3,4,1,False,1,2,0,1,Q1 2023,2,-2,3.3,stock_life_cycles,2026-09-03,Q1 2007 to Q2 2026,78
PAM,Pampa Energía S.A.,2022,2025,4,7,1,False,0,1,0,6,,1,-7,3.3,stock_life_cycles,2026-09-03,Q1 2007 to Q2 2026,78
POSH-OLD,Poshmark Inc Class A,2021,2022,2,5,1,False,1,1,3,0,Q4 2021,1,3,3.3,stock_life_cycles,2026-09-03,Q1 2007 to Q2 2026,78
NTGR,NETGEAR Inc.,2025,2026,2,3,1,False,0,0,3,0,,0,3,3.3,stock_life_cycles,2026-09-03,Q1 2007 to Q2 2026,78
PROF,Profound Medical Corp,2025,2026,2,3,1,False,0,0,3,0,,0,3,3.3,stock_life_cycles,2026-09-03,Q1 2007 to Q2 2026,78
BBCP,Concrete Pumping Holdings Inc.,2025,2026,2,3,1,False,0,0,3,0,,0,3,3.3,stock_life_cycles,2026-09-03,Q1 2007 to Q2 2026,78
GTYH-OLD,GTY Technology Holdings Inc.,2020,2022,3,4,1,False,0,1,1,2,,1,-2,3.3,stock_life_cycles,2026-09-03,Q1 2007 to Q2 2026,78
TTAM,Titan America SA,2025,2026,2,3,1,False,0,0,3,0,,0,3,3.3,stock_life_cycles,2026-09-03,Q1 2007 to Q2 2026,78
FO,Fortune Brands Inc.,2010,2011,2,5,1,False,1,1,3,0,Q3 2010,1,3,3.3,stock_life_cycles,2026-09-03,Q1 2007 to Q2 2026,78
SXC,SunCoke Energy Inc.,2020,2021,2,4,1,False,1,1,2,0,Q4 2020,1,2,3.2,stock_life_cycles,2026-09-03,Q1 2007 to Q2 2026,78
CYRX,CryoPort Inc.,2025,2026,2,2,1,False,1,0,1,0,Q4 2025,0,2,3.2,stock_life_cycles,2026-09-03,Q1 2007 to Q2 2026,78
CRAY,Cray Inc.,2017,2019,3,5,1,False,1,1,0,3,Q3 2017,1,-3,3.2,stock_life_cycles,2026-09-03,Q1 2007 to Q2 2026,78
SPSC,SPS Commerce Inc.,2024,2025,2,6,1,False,1,1,3,1,Q3 2024,1,2,3.2,stock_life_cycles,2026-09-03,Q1 2007 to Q2 2026,78
PXED,Phoenix Education Partners I,2025,2026,2,2,1,False,1,0,1,0,Q4 2025,0,2,3.2,stock_life_cycles,2026-09-03,Q1 2007 to Q2 2026,78
QTRX,Quanterix Corp.,2025,2026,2,2,1,False,1,0,1,0,Q4 2025,0,2,3.2,stock_life_cycles,2026-09-03,Q1 2007 to Q2 2026,78
OPB,Opus Bank,2014,2016,3,5,1,False,1,1,0,3,Q2 2014,1,-3,3.2,stock_life_cycles,2026-09-03,Q1 2007 to Q2 2026,78
CENTA,Central Garden & Pet,2025,2026,2,2,1,False,1,0,1,0,Q4 2025,0,2,3.2,stock_life_cycles,2026-09-03,Q1 2007 to Q2 2026,78
ONTO,Onto Innovation Inc.,2025,2026,2,2,1,False,0,0,2,0,,0,2,3.2,stock_life_cycles,2026-09-03,Q1 2007 to Q2 2026,78
YHOO,Yahoo Inc.,2016,2017,2,4,1,False,1,1,2,0,Q1 2016,1,2,3.2,stock_life_cycles,2026-09-03,Q1 2007 to Q2 2026,78
DTM,Dt Midstream Inc,2023,2024,2,6,1,False,1,1,3,1,Q2 2023,1,2,3.2,stock_life_cycles,2026-09-03,Q1 2007 to Q2 2026,78
DSX,Diana Shipping Inc.,2025,2026,2,2,1,False,1,0,1,0,Q4 2025,0,2,3.2,stock_life_cycles,2026-09-03,Q1 2007 to Q2 2026,78
RRBI,Red River Bancshares Inc,2025,2026,2,2,1,False,1,0,1,0,Q4 2025,0,2,3.2,stock_life_cycles,2026-09-03,Q1 2007 to Q2 2026,78
STE,STERIS Plc,2025,2026,2,2,1,False,1,0,1,0,Q4 2025,0,2,3.2,stock_life_cycles,2026-09-03,Q1 2007 to Q2 2026,78
MVC,MVC Capital Inc.,2019,2020,2,6,1,False,0,1,4,1,,1,2,3.2,stock_life_cycles,2026-09-03,Q1 2007 to Q2 2026,78
KMPR,Kemper Corp.,2025,2026,2,2,1,False,1,0,1,0,Q4 2025,0,2,3.2,stock_life_cycles,2026-09-03,Q1 2007 to Q2 2026,78
SMBK,SmartFinancial Inc.,2025,2026,2,2,1,False,0,0,2,0,,0,2,3.2,stock_life_cycles,2026-09-03,Q1 2007 to Q2 2026,78
BGC-OLD,General Cable Corp.,2014,2015,2,6,1,False,1,1,3,1,Q1 2014,1,2,3.2,stock_life_cycles,2026-09-03,Q1 2007 to Q2 2026,78
LUXE,LuxExperience B.V.,2025,2026,2,4,1,False,1,1,2,0,Q2 2025,1,2,3.2,stock_life_cycles,2026-09-03,Q1 2007 to Q2 2026,78
BOC,Boston Omaha Corp.,2017,2019,3,5,1,False,1,1,0,3,Q2 2017,1,-3,3.2,stock_life_cycles,2026-09-03,Q1 2007 to Q2 2026,78
AVBH,Avidbank Holdings Inc,2025,2026,2,2,1,False,0,0,2,0,,0,2,3.2,stock_life_cycles,2026-09-03,Q1 2007 to Q2 2026,78
TNET,TriNet Group,2020,2024,5,19,1,False,0,1,3,15,,1,-13,3.2,stock_life_cycles,2026-09-03,Q1 2007 to Q2 2026,78
GTLB,Gitlab Inc CL A,2021,2022,2,4,1,False,1,1,2,0,Q4 2021,1,2,3.2,stock_life_cycles,2026-09-03,Q1 2007 to Q2 2026,78
ONEM-OLD,1Life Healthcare Inc.,2021,2022,2,6,1,False,0,1,4,1,,1,2,3.2,stock_life_cycles,2026-09-03,Q1 2007 to Q2 2026,78
RHP,Ryman Hospitality Properties,2025,2026,2,2,1,False,0,0,2,0,,0,2,3.2,stock_life_cycles,2026-09-03,Q1 2007 to Q2 2026,78
RILY,B Riley Financial Inc.,2022,2023,2,6,1,False,1,1,3,1,Q1 2022,1,2,3.2,stock_life_cycles,2026-09-03,Q1 2007 to Q2 2026,78
JBGS,JBG Smith Properties,2019,2022,4,12,1,False,0,1,2,9,,1,-8,3.2,stock_life_cycles,2026-09-03,Q1 2007 to Q2 2026,78
INSG,Inseego Corp.,2025,2026,2,2,1,False,0,0,2,0,,0,2,3.2,stock_life_cycles,2026-09-03,Q1 2007 to Q2 2026,78
NSL-OLD,Nuveen Senior Income Fund,2022,2023,2,4,1,False,1,1,2,0,Q2 2022,1,2,3.2,stock_life_cycles,2026-09-03,Q1 2007 to Q2 2026,78
IDT.C,IDT Corp.,2007,2008,2,6,1,False,0,1,4,1,,1,2,3.2,stock_life_cycles,2026-09-03,Q1 2007 to Q2 2026,78
FATE,Fate Therapeutics Inc.,2020,2021,2,4,1,False,1,1,2,0,Q4 2020,1,2,3.2,stock_life_cycles,2026-09-03,Q1 2007 to Q2 2026,78
PRAA,PRA Group Inc.,2023,2025,3,5,1,False,1,1,0,3,Q4 2023,1,-3,3.2,stock_life_cycles,2026-09-03,Q1 2007 to Q2 2026,78
ATRC,AtriCure Inc.,2025,2026,2,2,1,False,1,0,1,0,Q4 2025,0,2,3.2,stock_life_cycles,2026-09-03,Q1 2007 to Q2 2026,78
UEIC,Universal Electronics Inc.,2025,2026,2,2,1,False,0,0,2,0,,0,2,3.2,stock_life_cycles,2026-09-03,Q1 2007 to Q2 2026,78
PNCL,Pinnacle Airlines Corp.,2009,2012,4,8,1,False,0,1,0,7,,1,-8,3.2,stock_life_cycles,2026-09-03,Q1 2007 to Q2 2026,78
WEAV,Weave Communications Inc,2021,2023,3,5,1,False,1,1,0,3,Q4 2021,1,-3,3.2,stock_life_cycles,2026-09-03,Q1 2007 to Q2 2026,78
SKT,Tanger Factory Outlet Centers,2025,2026,2,2,1,False,0,0,2,0,,0,2,3.2,stock_life_cycles,2026-09-03,Q1 2007 to Q2 2026,78
PACK,Ranpak Holdings Corp. CL A,2025,2026,2,2,1,False,0,0,2,0,,0,2,3.2,stock_life_cycles,2026-09-03,Q1 2007 to Q2 2026,78
SLP,Simulations Plus Inc.,2025,2026,2,2,1,False,0,0,2,0,,0,2,3.2,stock_life_cycles,2026-09-03,Q1 2007 to Q2 2026,78
WLK,Westlake Chemical Corp.,2025,2026,2,2,1,False,1,0,1,0,Q4 2025,0,2,3.2,stock_life_cycles,2026-09-03,Q1 2007 to Q2 2026,78
CHE,Chemed Corp.,2023,2024,2,6,1,False,0,1,4,1,,1,2,3.2,stock_life_cycles,2026-09-03,Q1 2007 to Q2 2026,78
MG,Mistras Group Inc.,2025,2026,2,2,1,False,1,0,1,0,Q4 2025,0,2,3.2,stock_life_cycles,2026-09-03,Q1 2007 to Q2 2026,78
METCB,Ramaco Resources Inc B,2025,2026,2,2,1,False,0,0,2,0,,0,2,3.2,stock_life_cycles,2026-09-03,Q1 2007 to Q2 2026,78
MEC,Mayville Engineering Co. Inc.,2025,2026,2,2,1,False,0,0,2,0,,0,2,3.2,stock_life_cycles,2026-09-03,Q1 2007 to Q2 2026,78
RPXC,RPX Corp.,2017,2018,2,4,1,False,1,1,2,0,Q3 2017,1,2,3.2,stock_life_cycles,2026-09-03,Q1 2007 to Q2 2026,78
TPGY-OLD,TPG Pace Beneficial Finance Corp.,2021,2022,2,4,1,False,1,1,2,0,Q2 2021,1,2,3.2,stock_life_cycles,2026-09-03,Q1 2007 to Q2 2026,78
IRM,Iron Mountain Inc.,2009,2010,2,4,1,False,0,1,3,0,,1,2,3.2,stock_life_cycles,2026-09-03,Q1 2007 to Q2 2026,78
VELO,Velo3d Inc,2025,2026,2,2,1,False,1,0,1,0,Q4 2025,0,2,3.2,stock_life_cycles,2026-09-03,Q1 2007 to Q2 2026,78
ACVA,ACV Auctions Inc.,2024,2025,2,5,1,False,0,1,3,1,,1,1,3.1,stock_life_cycles,2026-09-03,Q1 2007 to Q2 2026,78
EVF,Eaton Vance Senior Income Trust,2022,2023,2,3,1,False,1,1,1,0,Q3 2022,1,1,3.1,stock_life_cycles,2026-09-03,Q1 2007 to Q2 2026,78
FSTX-OLD,F-star Therapeutics Inc.,2022,2023,2,3,1,False,1,1,1,0,Q3 2022,1,1,3.1,stock_life_cycles,2026-09-03,Q1 2007 to Q2 2026,78
SMLR-OLD,Semler Scientific Inc,2024,2025,2,3,1,False,1,1,1,0,Q4 2024,1,1,3.1,stock_life_cycles,2026-09-03,Q1 2007 to Q2 2026,78
KNBE-OLD,KnowBe4 Inc.,2021,2022,2,3,1,False,1,1,1,0,Q2 2021,1,1,3.1,stock_life_cycles,2026-09-03,Q1 2007 to Q2 2026,78
SMWB,Similarweb Ltd,2025,2026,2,3,1,False,0,1,2,0,,1,1,3.1,stock_life_cycles,2026-09-03,Q1 2007 to Q2 2026,78
BGT,Blackrock Flt Rt Inc,2022,2023,2,3,1,False,0,1,2,0,,1,1,3.1,stock_life_cycles,2026-09-03,Q1 2007 to Q2 2026,78
VRRM,Verra Mobility Corp.,2019,2020,2,3,1,False,1,1,1,0,Q4 2019,1,1,3.1,stock_life_cycles,2026-09-03,Q1 2007 to Q2 2026,78
HOVR,New Horizon Aircraft Ltd.,2023,2024,2,3,1,False,1,1,1,0,Q2 2023,1,1,3.1,stock_life_cycles,2026-09-03,Q1 2007 to Q2 2026,78
AMPL,Amplitude Inc.,2021,2022,2,3,1,False,1,1,1,0,Q3 2021,1,1,3.1,stock_life_cycles,2026-09-03,Q1 2007 to Q2 2026,78
VTMX,Corp Inmobiliaria Vesta ADR,2024,2025,2,3,1,False,1,1,1,0,Q2 2024,1,1,3.1,stock_life_cycles,2026-09-03,Q1 2007 to Q2 2026,78
CRR,Carbo Ceramics,2017,2018,2,3,1,False,1,1,1,0,Q3 2017,1,1,3.1,stock_life_cycles,2026-09-03,Q1 2007 to Q2 2026,78
LVMUY,LVMH Moet Hennessy S.E.,2023,2024,2,5,1,False,2,2,1,0,Q1 2023,2,1,3.1,stock_life_cycles,2026-09-03,Q1 2007 to Q2 2026,78
SB,Safe Bulkers Inc,2023,2024,2,5,1,False,1,1,2,1,Q2 2023,1,1,3.1,stock_life_cycles,2026-09-03,Q1 2007 to Q2 2026,78
LYLTQ-OLD,Loyalty Ventures Inc,2022,2023,2,3,1,False,1,1,1,0,Q1 2022,1,1,3.1,stock_life_cycles,2026-09-03,Q1 2007 to Q2 2026,78
RDVT,Red Violet Inc.,2025,2026,2,3,1,False,0,1,2,0,,1,1,3.1,stock_life_cycles,2026-09-03,Q1 2007 to Q2 2026,78
MDCO-OLD,Medicines Company,2018,2020,3,4,1,False,0,1,0,3,,1,-4,3.1,stock_life_cycles,2026-09-03,Q1 2007 to Q2 2026,78
XFRAX,Blackrock Float Rt Income St,2022,2023,2,3,1,False,1,1,1,0,Q2 2022,1,1,3.1,stock_life_cycles,2026-09-03,Q1 2007 to Q2 2026,78
GMAB,Genmab A S,2023,2024,2,3,1,False,0,1,2,0,,1,1,3.1,stock_life_cycles,2026-09-03,Q1 2007 to Q2 2026,78
CTOS,Custom Truck One Source Inc.,2025,2026,2,3,1,False,0,0,2,1,,0,1,3.1,stock_life_cycles,2026-09-03,Q1 2007 to Q2 2026,78
RES,RPC Inc.,2025,2026,2,3,1,False,0,0,2,1,,0,1,3.1,stock_life_cycles,2026-09-03,Q1 2007 to Q2 2026,78
CELH,Celsius Holdings Inc.,2025,2026,2,3,1,False,2,1,0,0,Q3 2025,1,1,3.1,stock_life_cycles,2026-09-03,Q1 2007 to Q2 2026,78
CHGG,CHEGG Inc.,2017,2018,2,3,1,False,1,1,1,0,Q3 2017,1,1,3.1,stock_life_cycles,2026-09-03,Q1 2007 to Q2 2026,78
BSL,Blackstone Senior Floating R,2022,2023,2,3,1,False,0,1,2,0,,1,1,3.1,stock_life_cycles,2026-09-03,Q1 2007 to Q2 2026,78
DKNG,DraftKings Inc.,2025,2026,2,3,1,False,1,1,1,0,Q3 2025,1,1,3.1,stock_life_cycles,2026-09-03,Q1 2007 to Q2 2026,78
OVTI,OmniVision Technologies Inc.,2015,2016,2,3,1,False,1,1,1,0,Q2 2015,1,1,3.1,stock_life_cycles,2026-09-03,Q1 2007 to Q2 2026,78
JRO-OLD,Nuveen Flt Rate Inc Opp Fd,2022,2023,2,5,1,False,1,1,2,1,Q2 2022,1,1,3.1,stock_life_cycles,2026-09-03,Q1 2007 to Q2 2026,78
BGB,Blackstone Strategic Credit,2022,2023,2,3,1,False,0,1,2,0,,1,1,3.1,stock_life_cycles,2026-09-03,Q1 2007 to Q2 2026,78
SPT,Sprout Social Inc. CL A,2024,2025,2,5,1,False,1,1,2,1,Q2 2024,1,1,3.1,stock_life_cycles,2026-09-03,Q1 2007 to Q2 2026,78
VCSA,Vacasa Inc  Cl A,2024,2025,2,3,1,False,1,1,1,0,Q1 2024,1,1,3.1,stock_life_cycles,2026-09-03,Q1 2007 to Q2 2026,78
APAM,Artisan Partners Asset Mgmt. Inc.,2022,2023,2,3,1,False,1,1,1,0,Q2 2022,1,1,3.1,stock_life_cycles,2026-09-03,Q1 2007 to Q2 2026,78
FOCS-OLD,Focus Financial Partners,2018,2019,2,3,1,False,1,1,1,0,Q3 2018,1,1,3.1,stock_life_cycles,2026-09-03,Q1 2007 to Q2 2026,78
TMCI,Treace Medical Concepts Inc,2025,2026,2,3,1,False,0,1,2,0,,1,1,3.1,stock_life_cycles,2026-09-03,Q1 2007 to Q2 2026,78
AVAV,AeroVironment Inc.,2025,2026,2,3,1,False,1,1,1,0,Q3 2025,1,1,3.1,stock_life_cycles,2026-09-03,Q1 2007 to Q2 2026,78
JFR,Nuveen Floating Rate Income Fund,2022,2023,2,7,1,False,2,2,2,1,Q2 2022,2,1,3.1,stock_life_cycles,2026-09-03,Q1 2007 to Q2 2026,78
NTST,Netstreit Corp.,2025,2026,2,5,1,False,1,1,2,1,Q1 2025,1,1,3.1,stock_life_cycles,2026-09-03,Q1 2007 to Q2 2026,78
ARGX,Argenx SE,2020,2021,2,3,1,False,1,1,1,0,Q4 2020,1,1,3.1,stock_life_cycles,2026-09-03,Q1 2007 to Q2 2026,78
I,Intelsat S.A.,2019,2020,2,5,1,False,2,2,1,0,Q2 2019,2,1,3.1,stock_life_cycles,2026-09-03,Q1 2007 to Q2 2026,78
DD-OLD,Du Pont (E.I.) OLD,2015,2017,3,8,1,False,0,1,2,5,,1,-4,3.1,stock_life_cycles,2026-09-03,Q1 2007 to Q2 2026,78
IEF,Ishares 7 10 Year Treasury B,2022,2023,2,3,1,False,1,1,1,0,Q1 2022,1,1,3.1,stock_life_cycles,2026-09-03,Q1 2007 to Q2 2026,78
EXAS-OLD,Exact Sciences Corp.,2025,2026,2,5,1,False,0,1,3,1,,1,1,3.1,stock_life_cycles,2026-09-03,Q1 2007 to Q2 2026,78
JSD-OLD,Nuveen Sht Dur Cred Opp Fd,2022,2023,2,3,1,False,1,1,1,0,Q2 2022,1,1,3.1,stock_life_cycles,2026-09-03,Q1 2007 to Q2 2026,78
EWTX,Edgewise Therapeutics Inc.,2023,2025,3,6,1,False,0,1,1,4,,1,-4,3.1,stock_life_cycles,2026-09-03,Q1 2007 to Q2 2026,78
TAM,Taminco Corp.,2013,2014,2,5,1,False,1,1,2,1,Q4 2013,1,1,3.1,stock_life_cycles,2026-09-03,Q1 2007 to Q2 2026,78
IYF,Ishares Us Financials ETF,2021,2023,3,6,1,False,1,1,0,4,Q1 2021,1,-4,3.1,stock_life_cycles,2026-09-03,Q1 2007 to Q2 2026,78
NMRK,Newmark Group Inc. CL A,2025,2026,2,3,1,False,1,1,1,0,Q3 2025,1,1,3.1,stock_life_cycles,2026-09-03,Q1 2007 to Q2 2026,78
ART,Artio Global Investors Inc.,2012,2013,2,3,1,False,0,1,2,0,,1,1,3.1,stock_life_cycles,2026-09-03,Q1 2007 to Q2 2026,78
NPWR,Net Power Inc,2023,2024,2,5,1,False,1,1,2,1,Q2 2023,1,1,3.1,stock_life_cycles,2026-09-03,Q1 2007 to Q2 2026,78
FMAC-OLD,FirstMark Horizon Acquisition Corp.,2021,2022,2,3,1,False,1,1,1,0,Q1 2021,1,1,3.1,stock_life_cycles,2026-09-03,Q1 2007 to Q2 2026,78
PLBY,PLBY Group Inc.,2021,2022,2,3,1,False,1,1,1,0,Q2 2021,1,1,3.1,stock_life_cycles,2026-09-03,Q1 2007 to Q2 2026,78
TMTC-OLD,Tmt Acquisition Corp Cl A,2023,2024,2,3,1,False,1,1,1,0,Q2 2023,1,1,3.1,stock_life_cycles,2026-09-03,Q1 2007 to Q2 2026,78
ASAIY,Sendas Distribuidora SA,2024,2025,2,3,1,False,0,1,2,0,,1,1,3.1,stock_life_cycles,2026-09-03,Q1 2007 to Q2 2026,78
INFO-OLD,IHS Markit Ltd.,2021,2022,2,3,1,False,1,1,1,0,Q3 2021,1,1,3.1,stock_life_cycles,2026-09-03,Q1 2007 to Q2 2026,78
CSC,Computer Sciences Corp.,2016,2017,2,3,1,False,1,1,1,0,Q4 2016,1,1,3.1,stock_life_cycles,2026-09-03,Q1 2007 to Q2 2026,78
NXEO.WS,Nexeo Solutions Inc. WTS,2018,2019,2,3,1,False,1,1,1,0,Q3 2018,1,1,3.1,stock_life_cycles,2026-09-03,Q1 2007 to Q2 2026,78
GSM,Ferroglobe Plc,2025,2026,2,3,1,False,0,0,2,1,,0,1,3.1,stock_life_cycles,2026-09-03,Q1 2007 to Q2 2026,78
RICK,RCI Hospitality Holdings Inc.,2023,2024,2,3,1,False,1,1,1,0,Q1 2023,1,1,3.1,stock_life_cycles,2026-09-03,Q1 2007 to Q2 2026,78
CANOQ-OLD,Cano Health Inc.,2021,2022,2,5,1,False,0,1,3,1,,1,1,3.1,stock_life_cycles,2026-09-03,Q1 2007 to Q2 2026,78
CDTX-OLD,Cidara Therapeutics Inc.,2025,2026,2,3,1,False,1,1,1,0,Q3 2025,1,1,3.1,stock_life_cycles,2026-09-03,Q1 2007 to Q2 2026,78
DOUG,Douglas Elliman Inc,2025,2026,2,3,1,False,0,0,2,1,,0,1,3.1,stock_life_cycles,2026-09-03,Q1 2007 to Q2 2026,78
CULP,Culp Inc.,2019,2020,2,3,1,False,1,1,1,0,Q4 2019,1,1,3.1,stock_life_cycles,2026-09-03,Q1 2007 to Q2 2026,78
XLI,Industrial Select Sect SPDR,2025,2026,2,2,1,False,1,1,0,0,Q4 2025,1,0,3.0,stock_life_cycles,2026-09-03,Q1 2007 to Q2 2026,78
GLACU,Global Lights Acquisition Co,2023,2024,2,2,1,False,1,1,0,0,Q4 2023,1,0,3.0,stock_life_cycles,2026-09-03,Q1 2007 to Q2 2026,78
GRP.U,Granite Real Estate Investme,2025,2026,2,2,1,False,1,1,0,0,Q3 2025,1,0,3.0,stock_life_cycles,2026-09-03,Q1 2007 to Q2 2026,78
OMI,Owens & Minor,2025,2026,2,4,1,False,1,1,1,1,Q2 2025,1,0,3.0,stock_life_cycles,2026-09-03,Q1 2007 to Q2 2026,78
OLMA,Olema Pharmaceuticals Inc,2025,2026,2,2,1,False,1,1,0,0,Q4 2025,1,0,3.0,stock_life_cycles,2026-09-03,Q1 2007 to Q2 2026,78
RNG,RingCentral Inc.,2021,2022,2,6,1,False,0,1,3,2,,1,0,3.0,stock_life_cycles,2026-09-03,Q1 2007 to Q2 2026,78
MNR-OLD,Monmouth Real Estate Investment Corp.,2020,2021,2,2,1,False,1,1,0,0,Q1 2020,1,0,3.0,stock_life_cycles,2026-09-03,Q1 2007 to Q2 2026,78
MNRL,Brigham Minerals Inc.,2020,2021,2,2,1,False,1,1,0,0,Q3 2020,1,0,3.0,stock_life_cycles,2026-09-03,Q1 2007 to Q2 2026,78
MOBV-OLD,Mobiv Acquisition Corp A,2022,2023,2,2,1,False,1,1,0,0,Q4 2022,1,0,3.0,stock_life_cycles,2026-09-03,Q1 2007 to Q2 2026,78
DPS,Dr Pepper Snapple Group Inc.,2008,2009,2,4,1,False,1,1,1,1,Q2 2008,1,0,3.0,stock_life_cycles,2026-09-03,Q1 2007 to Q2 2026,78
RLD,RealD Inc.,2015,2016,2,2,1,False,1,1,0,0,Q4 2015,1,0,3.0,stock_life_cycles,2026-09-03,Q1 2007 to Q2 2026,78
RLGT,Radiant Logistics Inc.,2025,2026,2,2,1,False,0,0,1,1,,0,0,3.0,stock_life_cycles,2026-09-03,Q1 2007 to Q2 2026,78
MILE-OLD,Metromile Inc.,2021,2022,2,4,1,False,1,2,1,0,Q1 2022,2,0,3.0,stock_life_cycles,2026-09-03,Q1 2007 to Q2 2026,78
CBMG,Cellular Biomedicine Group,2020,2021,2,2,1,False,1,1,0,0,Q4 2020,1,0,3.0,stock_life_cycles,2026-09-03,Q1 2007 to Q2 2026,78
CBST,Cubist Pharmaceuticals Inc.,2014,2015,2,2,1,False,1,1,0,0,Q4 2014,1,0,3.0,stock_life_cycles,2026-09-03,Q1 2007 to Q2 2026,78
CSIQ,Canadian Solar Inc,2025,2026,2,2,1,False,1,1,0,0,Q4 2025,1,0,3.0,stock_life_cycles,2026-09-03,Q1 2007 to Q2 2026,78
CSPR,Casper Sleep Inc.,2021,2022,2,2,1,False,1,1,0,0,Q4 2021,1,0,3.0,stock_life_cycles,2026-09-03,Q1 2007 to Q2 2026,78
GTYH.WS,GTY Technology Holdings Inc WTS,2018,2019,2,2,1,False,1,1,0,0,Q4 2018,1,0,3.0,stock_life_cycles,2026-09-03,Q1 2007 to Q2 2026,78
WWW,Wolverine World Wide,2022,2023,2,2,1,False,1,1,0,0,Q4 2022,1,0,3.0,stock_life_cycles,2026-09-03,Q1 2007 to Q2 2026,78
TWO,Two Harbors Investment Corp.,2019,2020,2,2,1,False,1,1,0,0,Q1 2019,1,0,3.0,stock_life_cycles,2026-09-03,Q1 2007 to Q2 2026,78
TXRH,Texas Roadhouse Inc-A,2025,2026,2,2,1,False,0,0,1,1,,0,0,3.0,stock_life_cycles,2026-09-03,Q1 2007 to Q2 2026,78
UBA-OLD,Urstadt Biddle Properties Inc. CL A,2020,2021,2,4,1,False,1,1,1,1,Q3 2020,1,0,3.0,stock_life_cycles,2026-09-03,Q1 2007 to Q2 2026,78
ASCB-OLD,A Spac Ii Acquisition Corp,2022,2023,2,2,1,False,1,1,0,0,Q2 2022,1,0,3.0,stock_life_cycles,2026-09-03,Q1 2007 to Q2 2026,78
FNKO,Funko Inc. CL A,2022,2023,2,2,1,False,1,1,0,0,Q4 2022,1,0,3.0,stock_life_cycles,2026-09-03,Q1 2007 to Q2 2026,78
IREN,Iris Energy Ltd,2024,2025,2,2,1,False,1,1,0,0,Q3 2024,1,0,3.0,stock_life_cycles,2026-09-03,Q1 2007 to Q2 2026,78
NPKI,NPK International Inc.,2025,2026,2,2,1,False,0,0,1,1,,0,0,3.0,stock_life_cycles,2026-09-03,Q1 2007 to Q2 2026,78
CNNE,Cannae Holdings Inc.,2021,2022,2,2,1,False,1,1,0,0,Q3 2021,1,0,3.0,stock_life_cycles,2026-09-03,Q1 2007 to Q2 2026,78
FLFVW-OLD,Feutune Light Acquisit  29,2022,2023,2,2,1,False,1,1,0,0,Q3 2022,1,0,3.0,stock_life_cycles,2026-09-03,Q1 2007 to Q2 2026,78
IMOS,ChipMOS TECH,2016,2018,3,5,1,False,0,1,0,4,,1,-5,3.0,stock_life_cycles,2026-09-03,Q1 2007 to Q2 2026,78
UNLYF,Unilever Ord Shares,2022,2023,2,2,1,False,1,1,0,0,Q3 2022,1,0,3.0,stock_life_cycles,2026-09-03,Q1 2007 to Q2 2026,78
UP.WS,Wheels Up Experience Inc. WTS,2021,2022,2,2,1,False,1,1,0,0,Q3 2021,1,0,3.0,stock_life_cycles,2026-09-03,Q1 2007 to Q2 2026,78
FRT,Federal Realty Inv. Trust,2023,2025,3,7,1,False,0,1,1,5,,1,-5,3.0,stock_life_cycles,2026-09-03,Q1 2007 to Q2 2026,78
IFIN-OLD,Infint Acquisition Corp A,2022,2023,2,2,1,False,0,1,1,0,,1,0,3.0,stock_life_cycles,2026-09-03,Q1 2007 to Q2 2026,78
ASPN,Aspen Aerogels Inc.,2025,2026,2,2,1,False,0,1,1,0,,1,0,3.0,stock_life_cycles,2026-09-03,Q1 2007 to Q2 2026,78
NSLR,Neostellar Capital Corp.,2019,2020,2,2,1,False,1,1,0,0,Q4 2019,1,0,3.0,stock_life_cycles,2026-09-03,Q1 2007 to Q2 2026,78
PGH,Pengrowth Energy Corp.,2017,2018,2,2,1,False,1,1,0,0,Q3 2017,1,0,3.0,stock_life_cycles,2026-09-03,Q1 2007 to Q2 2026,78
INTT,inTEST Corp.,2025,2026,2,2,1,False,0,0,1,1,,0,0,3.0,stock_life_cycles,2026-09-03,Q1 2007 to Q2 2026,78
ASTR-OLD,Astra Space Inc,2021,2022,2,2,1,False,1,1,0,0,Q4 2021,1,0,3.0,stock_life_cycles,2026-09-03,Q1 2007 to Q2 2026,78
TWI,Titan International Inc.,2025,2026,2,2,1,False,0,0,1,1,,0,0,3.0,stock_life_cycles,2026-09-03,Q1 2007 to Q2 2026,78
FLIR,FLIR Systems,2020,2021,2,2,1,False,1,1,0,0,Q1 2020,1,0,3.0,stock_life_cycles,2026-09-03,Q1 2007 to Q2 2026,78
TRVG,Trivago Nv   ADR,2025,2026,2,2,1,False,0,0,1,1,,0,0,3.0,stock_life_cycles,2026-09-03,Q1 2007 to Q2 2026,78
TSG,The Stars Group Inc.,2019,2020,2,2,1,False,1,1,0,0,Q2 2019,1,0,3.0,stock_life_cycles,2026-09-03,Q1 2007 to Q2 2026,78
IOO,Ishares Global 100 ETF,2025,2026,2,2,1,False,1,1,0,0,Q4 2025,1,0,3.0,stock_life_cycles,2026-09-03,Q1 2007 to Q2 2026,78
FMTX-OLD,Forma Therapeutics Hldgs,2020,2021,2,2,1,False,1,1,0,0,Q4 2020,1,0,3.0,stock_life_cycles,2026-09-03,Q1 2007 to Q2 2026,78
NEWM,New Media Investment Group,2018,2019,2,6,1,False,0,1,3,2,,1,0,3.0,stock_life_cycles,2026-09-03,Q1 2007 to Q2 2026,78
PLTK,Playtika Holding Corp.,2021,2022,2,2,1,False,1,1,0,0,Q1 2021,1,0,3.0,stock_life_cycles,2026-09-03,Q1 2007 to Q2 2026,78
FIT,Fitbit Inc.,2019,2020,2,2,1,False,1,1,0,0,Q4 2019,1,0,3.0,stock_life_cycles,2026-09-03,Q1 2007 to Q2 2026,78
TMH,Team Health Holdings,2016,2017,2,2,1,False,1,1,0,0,Q4 2016,1,0,3.0,stock_life_cycles,2026-09-03,Q1 2007 to Q2 2026,78
ATMCU,Alphatime Acquisition Corp,2022,2023,2,2,1,False,1,1,0,0,Q4 2022,1,0,3.0,stock_life_cycles,2026-09-03,Q1 2007 to Q2 2026,78
ATMU,Atmus Filtration Technologies Inc.,2024,2026,3,5,1,False,0,1,0,4,,1,-5,3.0,stock_life_cycles,2026-09-03,Q1 2007 to Q2 2026,78
ATMVU-OLD,Alphavest Acquisition Corp,2022,2023,2,2,1,False,1,1,0,0,Q4 2022,1,0,3.0,stock_life_cycles,2026-09-03,Q1 2007 to Q2 2026,78
FLMN.WS,Falcon Minerals Corp. WTS,2019,2020,2,2,1,False,1,1,0,0,Q3 2019,1,0,3.0,stock_life_cycles,2026-09-03,Q1 2007 to Q2 2026,78
ATW,Atwood Oceanics Inc.,2015,2016,2,4,1,False,2,2,0,0,Q1 2015,2,0,3.0,stock_life_cycles,2026-09-03,Q1 2007 to Q2 2026,78
AUQ,AuRico Gold Inc,2012,2013,2,2,1,False,1,1,0,0,Q4 2012,1,0,3.0,stock_life_cycles,2026-09-03,Q1 2007 to Q2 2026,78
CLGX,CoreLogic Inc.,2020,2021,2,2,1,False,1,1,0,0,Q4 2020,1,0,3.0,stock_life_cycles,2026-09-03,Q1 2007 to Q2 2026,78
CLOV,Clover Health Investments Corp.,2020,2021,2,2,1,False,1,1,0,0,Q4 2020,1,0,3.0,stock_life_cycles,2026-09-03,Q1 2007 to Q2 2026,78
DH,Definitive Healthcare Corp.,2021,2022,2,2,1,False,1,1,0,0,Q3 2021,1,0,3.0,stock_life_cycles,2026-09-03,Q1 2007 to Q2 2026,78
AVPT,AvePoint Inc.,2021,2022,2,2,1,False,1,1,0,0,Q3 2021,1,0,3.0,stock_life_cycles,2026-09-03,Q1 2007 to Q2 2026,78
AVY,Avery Dennison Corp.,2020,2021,2,2,1,False,1,1,0,0,Q4 2020,1,0,3.0,stock_life_cycles,2026-09-03,Q1 2007 to Q2 2026,78
TENKR-OLD,Tenx Keane Acquisition Rts,2022,2023,2,2,1,False,1,1,0,0,Q4 2022,1,0,3.0,stock_life_cycles,2026-09-03,Q1 2007 to Q2 2026,78
TGP,Teekay LNG Partners LP.,2019,2020,2,4,1,False,1,1,1,1,Q1 2019,1,0,3.0,stock_life_cycles,2026-09-03,Q1 2007 to Q2 2026,78
FLFVR-OLD,Feutune Light Acquisitio Rts,2022,2023,2,2,1,False,1,1,0,0,Q3 2022,1,0,3.0,stock_life_cycles,2026-09-03,Q1 2007 to Q2 2026,78
VAL-OLD,Valspar Corp.,2016,2017,2,2,1,False,1,1,0,0,Q4 2016,1,0,3.0,stock_life_cycles,2026-09-03,Q1 2007 to Q2 2026,78
VGAS,Verde Clean Fuels Inc.,2022,2023,2,2,1,False,0,1,1,0,,1,0,3.0,stock_life_cycles,2026-09-03,Q1 2007 to Q2 2026,78
AOSL,Alpha & Omega Semiconductor Ltd,2025,2026,2,2,1,False,1,1,0,0,Q1 2026,1,0,3.0,stock_life_cycles,2026-09-03,Q1 2007 to Q2 2026,78
FOLD-OLD,Amicus Therapeutics Inc.,2020,2021,2,2,1,False,1,1,0,0,Q4 2020,1,0,3.0,stock_life_cycles,2026-09-03,Q1 2007 to Q2 2026,78
CYTK,Cytokinetics Inc.,2025,2026,2,2,1,False,1,1,0,0,Q4 2025,1,0,3.0,stock_life_cycles,2026-09-03,Q1 2007 to Q2 2026,78
PDX,Pimco Dynamic Income Strat,2025,2026,2,2,1,False,1,1,0,0,Q2 2025,1,0,3.0,stock_life_cycles,2026-09-03,Q1 2007 to Q2 2026,78
IJJ,Ishares S&P  Mid Cap 400 Valu,2025,2026,2,2,1,False,1,1,0,0,Q4 2025,1,0,3.0,stock_life_cycles,2026-09-03,Q1 2007 to Q2 2026,78
AVAN.U,Avanti Acquisition Corp. Units,2020,2021,2,2,1,False,1,1,0,0,Q4 2020,1,0,3.0,stock_life_cycles,2026-09-03,Q1 2007 to Q2 2026,78
TLMD-OLD,SOC Telemed Inc.,2021,2022,2,2,1,False,1,1,0,0,Q3 2021,1,0,3.0,stock_life_cycles,2026-09-03,Q1 2007 to Q2 2026,78
TM,Toyota Motor Corp.,2012,2013,2,2,1,False,1,1,0,0,Q2 2012,1,0,3.0,stock_life_cycles,2026-09-03,Q1 2007 to Q2 2026,78
PODD,Insulet Corp.,2020,2021,2,4,1,False,2,2,0,0,Q3 2020,2,0,3.0,stock_life_cycles,2026-09-03,Q1 2007 to Q2 2026,78
POWW,Ammo Inc,2025,2026,2,2,1,False,0,0,1,1,,0,0,3.0,stock_life_cycles,2026-09-03,Q1 2007 to Q2 2026,78
BBNX,Beta Bionics Inc,2025,2026,2,2,1,False,0,0,1,1,,0,0,3.0,stock_life_cycles,2026-09-03,Q1 2007 to Q2 2026,78
TASK,TaskUs Inc.,2021,2022,2,2,1,False,1,1,0,0,Q4 2021,1,0,3.0,stock_life_cycles,2026-09-03,Q1 2007 to Q2 2026,78
BAC.WS.B,Bank of America WTS B,2015,2016,2,2,1,False,1,1,0,0,Q3 2015,1,0,3.0,stock_life_cycles,2026-09-03,Q1 2007 to Q2 2026,78
BAK,Braskem S.A.,2024,2025,2,6,1,False,1,1,2,2,Q1 2024,1,0,3.0,stock_life_cycles,2026-09-03,Q1 2007 to Q2 2026,78
FCT,First Trust Senior Floating,2022,2023,2,2,1,False,0,1,1,0,,1,0,3.0,stock_life_cycles,2026-09-03,Q1 2007 to Q2 2026,78
TEA,Teavana Holdings,2012,2013,2,2,1,False,1,1,0,0,Q4 2012,1,0,3.0,stock_life_cycles,2026-09-03,Q1 2007 to Q2 2026,78
PLTN-OLD,Plutonian Acquisition Corp,2023,2024,2,2,1,False,1,1,0,0,Q1 2023,1,0,3.0,stock_life_cycles,2026-09-03,Q1 2007 to Q2 2026,78
PLTNU-OLD,Plutonian Acquisition Corp,2022,2023,2,2,1,False,1,1,0,0,Q4 2022,1,0,3.0,stock_life_cycles,2026-09-03,Q1 2007 to Q2 2026,78
MYPS,PLAYSTUDIOS Inc.,2021,2022,2,4,1,False,1,1,1,1,Q1 2021,1,0,3.0,stock_life_cycles,2026-09-03,Q1 2007 to Q2 2026,78
MZTI,The Marzetti Company,2025,2026,2,2,1,False,1,1,0,0,Q4 2025,1,0,3.0,stock_life_cycles,2026-09-03,Q1 2007 to Q2 2026,78
NABL,N-able Inc.,2021,2022,2,2,1,False,1,1,0,0,Q3 2021,1,0,3.0,stock_life_cycles,2026-09-03,Q1 2007 to Q2 2026,78
CIFR,Cipher Mining Inc,2024,2025,2,2,1,False,1,1,0,0,Q4 2024,1,0,3.0,stock_life_cycles,2026-09-03,Q1 2007 to Q2 2026,78
CIO-OLD,City Office Reit,2020,2021,2,4,1,False,1,1,1,1,Q1 2020,1,0,3.0,stock_life_cycles,2026-09-03,Q1 2007 to Q2 2026,78
EWZ,Ishares Msci Brazil ETF,2025,2026,2,2,1,False,1,1,0,0,Q4 2025,1,0,3.0,stock_life_cycles,2026-09-03,Q1 2007 to Q2 2026,78
HZON.WS-OLD,Horizon Acquisition Corp. II WTS,2021,2022,2,2,1,False,1,1,0,0,Q1 2021,1,0,3.0,stock_life_cycles,2026-09-03,Q1 2007 to Q2 2026,78
IACC-OLD,ION Acquisition Corp. 3 Ltd,2021,2022,2,2,1,False,1,1,0,0,Q2 2021,1,0,3.0,stock_life_cycles,2026-09-03,Q1 2007 to Q2 2026,78
VLATU-OLD,Valor Latitude Acquisition Corp. Units,2021,2022,2,2,1,False,1,1,0,0,Q2 2021,1,0,3.0,stock_life_cycles,2026-09-03,Q1 2007 to Q2 2026,78
VLTC,Voltari Corp.,2015,2016,2,2,1,False,0,1,1,0,,1,0,3.0,stock_life_cycles,2026-09-03,Q1 2007 to Q2 2026,78
ANF,Abercrombie & Fitch Co.,2025,2026,2,2,1,False,1,1,0,0,Q4 2025,1,0,3.0,stock_life_cycles,2026-09-03,Q1 2007 to Q2 2026,78
ANGO,AngioDynamics Inc.,2025,2026,2,2,1,False,0,0,1,1,,0,0,3.0,stock_life_cycles,2026-09-03,Q1 2007 to Q2 2026,78
IHG,Intercontinental Hotels Group plc,2024,2025,2,2,1,False,1,1,0,0,Q4 2024,1,0,3.0,stock_life_cycles,2026-09-03,Q1 2007 to Q2 2026,78
IIAC.U,Investindustrial Acquisition Corp. Units,2020,2021,2,2,1,False,1,1,0,0,Q4 2020,1,0,3.0,stock_life_cycles,2026-09-03,Q1 2007 to Q2 2026,78
AQUNR,Aquaron Acquisition Corp Rts,2022,2023,2,2,1,False,1,1,0,0,Q4 2022,1,0,3.0,stock_life_cycles,2026-09-03,Q1 2007 to Q2 2026,78
ARBGU,Aequi Acquisition Corp.,2020,2021,2,2,1,False,1,1,0,0,Q4 2020,1,0,3.0,stock_life_cycles,2026-09-03,Q1 2007 to Q2 2026,78
ARCC,Ares Capital Corp.,2020,2021,2,2,1,False,1,1,0,0,Q4 2020,1,0,3.0,stock_life_cycles,2026-09-03,Q1 2007 to Q2 2026,78
PBY,Pep Boys,2015,2016,2,2,1,False,1,1,0,0,Q4 2015,1,0,3.0,stock_life_cycles,2026-09-03,Q1 2007 to Q2 2026,78
KBAL-OLD,Kimball International Inc.,2020,2021,2,4,1,False,1,1,1,1,Q2 2020,1,0,3.0,stock_life_cycles,2026-09-03,Q1 2007 to Q2 2026,78
EZA,Ishares Msci South Africa Et,2025,2026,2,2,1,False,1,1,0,0,Q4 2025,1,0,3.0,stock_life_cycles,2026-09-03,Q1 2007 to Q2 2026,78
BECN-OLD,Beacon Roofing Supply Inc.,2024,2025,2,2,1,False,1,1,0,0,Q4 2024,1,0,3.0,stock_life_cycles,2026-09-03,Q1 2007 to Q2 2026,78
SWIR-OLD,Sierra Wireless Inc.,2022,2023,2,2,1,False,1,1,0,0,Q4 2022,1,0,3.0,stock_life_cycles,2026-09-03,Q1 2007 to Q2 2026,78
SPXC,SPX Corp.,2015,2016,2,2,1,False,1,1,0,0,Q4 2015,1,0,3.0,stock_life_cycles,2026-09-03,Q1 2007 to Q2 2026,78
MURF-OLD,Murphy Canyon Acquisition  A,2022,2023,2,2,1,False,1,1,0,0,Q2 2022,1,0,3.0,stock_life_cycles,2026-09-03,Q1 2007 to Q2 2026,78
MVSTW,Microvast Holdings Inc. WTS,2021,2022,2,2,1,False,1,1,0,0,Q1 2021,1,0,3.0,stock_life_cycles,2026-09-03,Q1 2007 to Q2 2026,78
BGS,B&G Foods Inc.,2020,2021,2,2,1,False,1,1,0,0,Q4 2020,1,0,3.0,stock_life_cycles,2026-09-03,Q1 2007 to Q2 2026,78
AMSC,American Superconductor Corp.,2025,2026,2,4,1,False,1,1,1,1,Q2 2025,1,0,3.0,stock_life_cycles,2026-09-03,Q1 2007 to Q2 2026,78
GAN,Gan Ltd,2021,2022,2,2,1,False,1,1,0,0,Q4 2021,1,0,3.0,stock_life_cycles,2026-09-03,Q1 2007 to Q2 2026,78
VPHM,ViroPharma Inc.,2013,2014,2,2,1,False,1,1,0,0,Q4 2013,1,0,3.0,stock_life_cycles,2026-09-03,Q1 2007 to Q2 2026,78
VSPR,Vesper Healthcare Acquisition Corp.,2020,2021,2,2,1,False,1,1,0,0,Q4 2020,1,0,3.0,stock_life_cycles,2026-09-03,Q1 2007 to Q2 2026,78
PANA.WS-OLD,Panacea Acquisition Corp. WTS,2020,2021,2,2,1,False,1,1,0,0,Q3 2020,1,0,3.0,stock_life_cycles,2026-09-03,Q1 2007 to Q2 2026,78
PAQCU,Provident Acquisition Corp. Units,2021,2022,2,2,1,False,1,1,0,0,Q1 2021,1,0,3.0,stock_life_cycles,2026-09-03,Q1 2007 to Q2 2026,78
PAY,Verifone Systems Inc.,2016,2017,2,4,1,False,1,1,1,1,Q2 2016,1,0,3.0,stock_life_cycles,2026-09-03,Q1 2007 to Q2 2026,78
CPAA-OLD,Conyers Park Acquisition Corp.,2016,2017,2,2,1,False,1,1,0,0,Q3 2016,1,0,3.0,stock_life_cycles,2026-09-03,Q1 2007 to Q2 2026,78
CPAAW-OLD,Conyers Park Acquisition Corp. WTS,2016,2017,2,2,1,False,1,1,0,0,Q3 2016,1,0,3.0,stock_life_cycles,2026-09-03,Q1 2007 to Q2 2026,78
VIP,Vulcan Infrastructure and Power Inc.,2022,2023,2,4,1,False,2,2,0,0,Q2 2022,2,0,3.0,stock_life_cycles,2026-09-03,Q1 2007 to Q2 2026,78
VIVO-OLD,Meridian Bioscience,2022,2023,2,2,1,False,1,1,0,0,Q4 2022,1,0,3.0,stock_life_cycles,2026-09-03,Q1 2007 to Q2 2026,78
VKTX,Viking Therapeutics Inc.,2023,2024,2,6,1,False,0,1,3,2,,1,0,3.0,stock_life_cycles,2026-09-03,Q1 2007 to Q2 2026,78
BIG,Big Lots Inc.,2023,2024,2,2,1,False,1,1,0,0,Q4 2023,1,0,3.0,stock_life_cycles,2026-09-03,Q1 2007 to Q2 2026,78
STHO,Star Holdings,2023,2024,2,4,1,False,1,1,1,1,Q1 2023,1,0,3.0,stock_life_cycles,2026-09-03,Q1 2007 to Q2 2026,78
KLTR,Kaltura Inc,2025,2026,2,2,1,False,1,1,0,0,Q4 2025,1,0,3.0,stock_life_cycles,2026-09-03,Q1 2007 to Q2 2026,78
PSNL,Personalis Inc.,2025,2026,2,2,1,False,1,1,0,0,Q4 2025,1,0,3.0,stock_life_cycles,2026-09-03,Q1 2007 to Q2 2026,78
PSNYW,Polestar Auto Hld WTS27 ADS,2022,2023,2,2,1,False,1,1,0,0,Q2 2022,1,0,3.0,stock_life_cycles,2026-09-03,Q1 2007 to Q2 2026,78
PTRAQ-OLD,Proterra Inc.,2021,2022,2,2,1,False,1,1,0,0,Q4 2021,1,0,3.0,stock_life_cycles,2026-09-03,Q1 2007 to Q2 2026,78
EVAC,Edwards Group Ltd.,2013,2014,2,2,1,False,1,1,0,0,Q4 2013,1,0,3.0,stock_life_cycles,2026-09-03,Q1 2007 to Q2 2026,78
LEXIA,Liberty Expedia Holdings A,2016,2017,2,2,1,False,1,1,0,0,Q4 2016,1,0,3.0,stock_life_cycles,2026-09-03,Q1 2007 to Q2 2026,78
BMS,Bemis Co.,2018,2019,2,2,1,False,1,1,0,0,Q4 2018,1,0,3.0,stock_life_cycles,2026-09-03,Q1 2007 to Q2 2026,78
SOC,Sable Offshore Corp,2024,2025,2,2,1,False,1,1,0,0,Q3 2024,1,0,3.0,stock_life_cycles,2026-09-03,Q1 2007 to Q2 2026,78
LAW,Cs Disco Inc,2025,2026,2,2,1,False,0,1,1,0,,1,0,3.0,stock_life_cycles,2026-09-03,Q1 2007 to Q2 2026,78
KURA,Kura Oncology Inc.,2025,2026,2,2,1,False,1,1,0,0,Q4 2025,1,0,3.0,stock_life_cycles,2026-09-03,Q1 2007 to Q2 2026,78
BKKT.WS,Bakkt Holdings Inc  WTS26,2021,2022,2,2,1,False,1,1,0,0,Q4 2021,1,0,3.0,stock_life_cycles,2026-09-03,Q1 2007 to Q2 2026,78
EOSE,Eos Energy Enterprises Inc,2025,2026,2,2,1,False,1,1,0,0,Q3 2025,1,0,3.0,stock_life_cycles,2026-09-03,Q1 2007 to Q2 2026,78
ERI,Eldorado Resorts Inc.,2019,2020,2,2,1,False,1,1,0,0,Q4 2019,1,0,3.0,stock_life_cycles,2026-09-03,Q1 2007 to Q2 2026,78
SKS,SAKS Inc.,2008,2009,2,2,1,False,1,1,0,0,Q4 2008,1,0,3.0,stock_life_cycles,2026-09-03,Q1 2007 to Q2 2026,78
MSG-OLD,Madison Square Garden Co.,2019,2020,2,2,1,False,1,1,0,0,Q4 2019,1,0,3.0,stock_life_cycles,2026-09-03,Q1 2007 to Q2 2026,78
MSSA-OLD,Metal Sky Star Acquisition C,2022,2023,2,2,1,False,1,1,0,0,Q2 2022,1,0,3.0,stock_life_cycles,2026-09-03,Q1 2007 to Q2 2026,78
SLAC-OLD,Social Leverage Acquisition Corp. I,2021,2022,2,2,1,False,1,1,0,0,Q2 2021,1,0,3.0,stock_life_cycles,2026-09-03,Q1 2007 to Q2 2026,78
VVR,Invesco Senior Income Trust,2022,2023,2,6,1,False,1,1,2,2,Q2 2022,1,0,3.0,stock_life_cycles,2026-09-03,Q1 2007 to Q2 2026,78
HMAC-OLD,Hainan Manaslu Acquisition C,2022,2023,2,2,1,False,1,1,0,0,Q4 2022,1,0,3.0,stock_life_cycles,2026-09-03,Q1 2007 to Q2 2026,78
HMPT-OLD,Home Point Capital Inc.,2021,2022,2,2,1,False,0,1,1,0,,1,0,3.0,stock_life_cycles,2026-09-03,Q1 2007 to Q2 2026,78
GBTC,Grayscale Bitcoin Trust Btc,2024,2025,2,4,1,False,2,2,0,0,Q1 2024,2,0,3.0,stock_life_cycles,2026-09-03,Q1 2007 to Q2 2026,78
WAVS-OLD,Western Acquisition Ventures,2022,2023,2,2,1,False,1,1,0,0,Q2 2022,1,0,3.0,stock_life_cycles,2026-09-03,Q1 2007 to Q2 2026,78
WD,Walker & Dunlop Inc.,2025,2026,2,2,1,False,0,1,1,0,,1,0,3.0,stock_life_cycles,2026-09-03,Q1 2007 to Q2 2026,78
NVRO-OLD,Nevro Corp.,2023,2024,2,4,1,False,1,1,1,1,Q4 2023,1,0,3.0,stock_life_cycles,2026-09-03,Q1 2007 to Q2 2026,78
PAA,Plains All American Pipeline,2020,2021,2,2,1,False,1,1,0,0,Q4 2020,1,0,3.0,stock_life_cycles,2026-09-03,Q1 2007 to Q2 2026,78
HSPOU-OLD,Horizon Space Acquisition I,2022,2023,2,2,1,False,1,1,0,0,Q4 2022,1,0,3.0,stock_life_cycles,2026-09-03,Q1 2007 to Q2 2026,78
HUDAU-OLD,Hudson Acquisition I Corp,2022,2023,2,2,1,False,1,1,0,0,Q4 2022,1,0,3.0,stock_life_cycles,2026-09-03,Q1 2007 to Q2 2026,78
VORB,Virgin Orbit Holdings Inc,2021,2022,2,2,1,False,1,1,0,0,Q4 2021,1,0,3.0,stock_life_cycles,2026-09-03,Q1 2007 to Q2 2026,78
SLH,Solera Holdings Inc.,2015,2016,2,2,1,False,1,1,0,0,Q4 2015,1,0,3.0,stock_life_cycles,2026-09-03,Q1 2007 to Q2 2026,78
BNI,Burlington Northern Santa Fe,2009,2010,2,2,1,False,1,1,0,0,Q4 2009,1,0,3.0,stock_life_cycles,2026-09-03,Q1 2007 to Q2 2026,78
LHAA-OLD,Lerer Hippeau Acquisition Corp.,2021,2022,2,2,1,False,1,1,0,0,Q1 2021,1,0,3.0,stock_life_cycles,2026-09-03,Q1 2007 to Q2 2026,78
ESPR-OLD,Esperion Therapeutics Inc.,2025,2026,2,2,1,False,1,1,0,0,Q4 2025,1,0,3.0,stock_life_cycles,2026-09-03,Q1 2007 to Q2 2026,78
SMA,Smartstop Self Storage Reit,2025,2026,2,4,1,False,1,0,1,2,Q2 2025,0,0,3.0,stock_life_cycles,2026-09-03,Q1 2007 to Q2 2026,78
QETAU,Quetta Acquisition Corp,2023,2024,2,2,1,False,1,1,0,0,Q4 2023,1,0,3.0,stock_life_cycles,2026-09-03,Q1 2007 to Q2 2026,78
QNST,QuinStreet Inc.,2025,2026,2,2,1,False,0,0,1,1,,0,0,3.0,stock_life_cycles,2026-09-03,Q1 2007 to Q2 2026,78
QTRH,Quarterhill Inc.,2018,2019,2,2,1,False,1,1,0,0,Q4 2018,1,0,3.0,stock_life_cycles,2026-09-03,Q1 2007 to Q2 2026,78
LSKD,LSC Communications Inc.,2017,2018,2,6,1,False,1,1,2,2,Q1 2017,1,0,3.0,stock_life_cycles,2026-09-03,Q1 2007 to Q2 2026,78
SERV,Serve Robotics Inc,2025,2026,2,2,1,False,1,1,0,0,Q4 2025,1,0,3.0,stock_life_cycles,2026-09-03,Q1 2007 to Q2 2026,78
SFLY,Shutterfly Inc.,2018,2019,2,2,1,False,1,1,0,0,Q4 2018,1,0,3.0,stock_life_cycles,2026-09-03,Q1 2007 to Q2 2026,78
BSBR,Banco Santander (Brasil) S.A.,2010,2011,2,2,1,False,1,1,0,0,Q4 2010,1,0,3.0,stock_life_cycles,2026-09-03,Q1 2007 to Q2 2026,78
BSN.U,Broadstone Acquisition Corp. Units,2020,2021,2,2,1,False,1,1,0,0,Q3 2020,1,0,3.0,stock_life_cycles,2026-09-03,Q1 2007 to Q2 2026,78
LNY,Landry's Restaurants Inc.,2009,2010,2,2,1,False,1,1,0,0,Q4 2009,1,0,3.0,stock_life_cycles,2026-09-03,Q1 2007 to Q2 2026,78
LQDA,Liquidia Corp.,2025,2026,2,2,1,False,1,1,0,0,Q4 2025,1,0,3.0,stock_life_cycles,2026-09-03,Q1 2007 to Q2 2026,78
EMCG-OLD,Embrace Change Acquisition C,2022,2023,2,2,1,False,1,1,0,0,Q4 2022,1,0,3.0,stock_life_cycles,2026-09-03,Q1 2007 to Q2 2026,78
SHLDQ.WS,Sears Hldgs WTS,2015,2018,4,14,1,False,1,1,1,11,Q3 2015,1,-10,3.0,stock_life_cycles,2026-09-03,Q1 2007 to Q2 2026,78
MAGN,Magnera Corp.,2024,2025,2,2,1,False,1,1,0,0,Q4 2024,1,0,3.0,stock_life_cycles,2026-09-03,Q1 2007 to Q2 2026,78
MARX-OLD,Mars Acquisition Corp,2023,2024,2,2,1,False,1,1,0,0,Q1 2023,1,0,3.0,stock_life_cycles,2026-09-03,Q1 2007 to Q2 2026,78
BXMT,Blackstone Mortgage Trust Inc.,2020,2022,3,11,1,False,1,1,2,7,Q2 2020,1,-5,3.0,stock_life_cycles,2026-09-03,Q1 2007 to Q2 2026,78
RBAC-OLD,RedBall Acquisition Corp.,2020,2021,2,2,1,False,1,1,0,0,Q4 2020,1,0,3.0,stock_life_cycles,2026-09-03,Q1 2007 to Q2 2026,78
SCWO,374water Inc,2025,2026,2,2,1,False,1,1,0,0,Q4 2025,1,0,3.0,stock_life_cycles,2026-09-03,Q1 2007 to Q2 2026,78
LVWR,Inc.,2021,2022,2,2,1,False,1,1,0,0,Q4 2021,1,0,3.0,stock_life_cycles,2026-09-03,Q1 2007 to Q2 2026,78
LXFR,Luxfer Holdings Plc,2025,2026,2,2,1,False,0,0,1,1,,0,0,3.0,stock_life_cycles,2026-09-03,Q1 2007 to Q2 2026,78
GDYN,Grid Dynamics Holdings Inc,2025,2026,2,2,1,False,1,1,0,0,Q4 2025,1,0,3.0,stock_life_cycles,2026-09-03,Q1 2007 to Q2 2026,78
WRAC.U-OLD,Williams Rowland Acquisition Corp. Units,2021,2022,2,2,1,False,1,1,0,0,Q3 2021,1,0,3.0,stock_life_cycles,2026-09-03,Q1 2007 to Q2 2026,78
AFT-OLD,Apollo Senior Floating Rate,2022,2023,2,4,1,False,0,1,2,1,,1,0,3.0,stock_life_cycles,2026-09-03,Q1 2007 to Q2 2026,78
VSPR.WS,Vesper Healthcare Acquisition Corp. WTS,2020,2021,2,2,1,False,1,1,0,0,Q4 2020,1,0,3.0,stock_life_cycles,2026-09-03,Q1 2007 to Q2 2026,78
FWP-OLD,Forward Pharma A/S,2017,2018,2,6,1,False,0,1,3,2,,1,0,3.0,stock_life_cycles,2026-09-03,Q1 2007 to Q2 2026,78
OSUR,OraSure Technologies Inc.,2024,2025,2,2,1,False,1,1,0,0,Q4 2024,1,0,3.0,stock_life_cycles,2026-09-03,Q1 2007 to Q2 2026,78
CPS,Cooper Standard Holdings Inc.,2025,2026,2,2,1,False,1,1,0,0,Q4 2025,1,0,3.0,stock_life_cycles,2026-09-03,Q1 2007 to Q2 2026,78
CPUH-OLD,Compute Health Acquisition Corp.,2021,2022,2,2,1,False,1,1,0,0,Q1 2021,1,0,3.0,stock_life_cycles,2026-09-03,Q1 2007 to Q2 2026,78
BURCA,Burnham Holdings Inc.,2023,2024,2,2,1,False,1,1,0,0,Q3 2023,1,0,3.0,stock_life_cycles,2026-09-03,Q1 2007 to Q2 2026,78
BVH-OLD,Bluegreen Vacations Holding,2022,2023,2,2,1,False,1,1,0,0,Q4 2022,1,0,3.0,stock_life_cycles,2026-09-03,Q1 2007 to Q2 2026,78
MTAL-OLD,MAC Copper Ltd,2024,2025,2,2,1,False,1,1,0,0,Q4 2024,1,0,3.0,stock_life_cycles,2026-09-03,Q1 2007 to Q2 2026,78
DM-OLD,Desktop Metal Inc.,2022,2023,2,6,1,False,2,2,1,1,Q1 2022,2,0,3.0,stock_life_cycles,2026-09-03,Q1 2007 to Q2 2026,78
RYZB-OLD,Rayzebio Inc,2023,2024,2,2,1,False,1,1,0,0,Q3 2023,1,0,3.0,stock_life_cycles,2026-09-03,Q1 2007 to Q2 2026,78
MAXR-OLD,Maxar Technologies Inc.,2019,2020,2,4,1,False,1,1,1,1,Q4 2019,1,0,3.0,stock_life_cycles,2026-09-03,Q1 2007 to Q2 2026,78
EFHT-OLD,Ef Hutton Acquisition Corp,2022,2023,2,2,1,False,1,1,0,0,Q4 2022,1,0,3.0,stock_life_cycles,2026-09-03,Q1 2007 to Q2 2026,78
CETU-OLD,Cetus Capital Acquisition Co,2023,2024,2,2,1,False,1,1,0,0,Q1 2023,1,0,3.0,stock_life_cycles,2026-09-03,Q1 2007 to Q2 2026,78
EFHTR-OLD,Ef Hutton Acquisition Rts,2022,2023,2,2,1,False,1,1,0,0,Q4 2022,1,0,3.0,stock_life_cycles,2026-09-03,Q1 2007 to Q2 2026,78
EFHTW-OLD,Ef Hutton Acquisition Cor 27,2022,2023,2,2,1,False,1,1,0,0,Q4 2022,1,0,3.0,stock_life_cycles,2026-09-03,Q1 2007 to Q2 2026,78
EFT,Eaton Vance Floating-Rate Inc Trust,2022,2023,2,4,1,False,0,1,2,1,,1,0,3.0,stock_life_cycles,2026-09-03,Q1 2007 to Q2 2026,78
SAVA,Cassava Sciences Inc.,2021,2022,2,2,1,False,1,1,0,0,Q4 2021,1,0,3.0,stock_life_cycles,2026-09-03,Q1 2007 to Q2 2026,78
SBEAW,SilverBox Engaged Merger Corp I WTS,2021,2022,2,2,1,False,1,1,0,0,Q4 2021,1,0,3.0,stock_life_cycles,2026-09-03,Q1 2007 to Q2 2026,78
EICU,VISICU Inc.,2007,2008,2,2,1,False,1,1,0,0,Q3 2007,1,0,3.0,stock_life_cycles,2026-09-03,Q1 2007 to Q2 2026,78
LYTS,LSI Industries Inc.,2025,2026,2,2,1,False,0,0,1,1,,0,0,3.0,stock_life_cycles,2026-09-03,Q1 2007 to Q2 2026,78
CCSI,Consensus Cloud Solution,2025,2026,2,4,1,False,1,1,1,1,Q2 2025,1,0,3.0,stock_life_cycles,2026-09-03,Q1 2007 to Q2 2026,78
MNOV,MediciNova inc.,2020,2021,2,2,1,False,1,1,0,0,Q3 2020,1,0,3.0,stock_life_cycles,2026-09-03,Q1 2007 to Q2 2026,78
MCRS,MICROS Systems,2013,2014,2,4,1,False,1,1,1,1,Q1 2013,1,0,3.0,stock_life_cycles,2026-09-03,Q1 2007 to Q2 2026,78
RR,Richtech Robotics Inc Cl B,2025,2026,2,2,1,False,1,1,0,0,Q4 2025,1,0,3.0,stock_life_cycles,2026-09-03,Q1 2007 to Q2 2026,78
CAPE,DoubleLine Shiller CAPE US ETF,2024,2025,2,2,1,False,1,1,0,0,Q4 2024,1,0,3.0,stock_life_cycles,2026-09-03,Q1 2007 to Q2 2026,78
CASC,Cascadian Therapeutics Inc.,2017,2018,2,2,1,False,0,1,1,0,,1,0,3.0,stock_life_cycles,2026-09-03,Q1 2007 to Q2 2026,78
MEKA-OLD,MELI Kaszek Pioneer Corp.,2021,2022,2,2,1,False,1,1,0,0,Q3 2021,1,0,3.0,stock_life_cycles,2026-09-03,Q1 2007 to Q2 2026,78
RDY,Dr. Reddy's Laboratories ADR,2024,2025,2,6,1,False,0,1,3,2,,1,0,3.0,stock_life_cycles,2026-09-03,Q1 2007 to Q2 2026,78
REVHU-OLD,Revolution Healthcare Acquisition  Units,2021,2022,2,2,1,False,1,1,0,0,Q1 2021,1,0,3.0,stock_life_cycles,2026-09-03,Q1 2007 to Q2 2026,78
WHLR,Wheeler Real Estate Inv Trust,2021,2022,2,2,1,False,1,1,0,0,Q4 2021,1,0,3.0,stock_life_cycles,2026-09-03,Q1 2007 to Q2 2026,78
AITRU,Ai Transportation Acquisitio,2023,2024,2,2,1,False,1,1,0,0,Q4 2023,1,0,3.0,stock_life_cycles,2026-09-03,Q1 2007 to Q2 2026,78
GENK,Gen Restaurant Group Inc,2023,2024,2,2,1,False,1,1,0,0,Q4 2023,1,0,3.0,stock_life_cycles,2026-09-03,Q1 2007 to Q2 2026,78
OAKU-OLD,Oak Woods Acquisition Corp A,2023,2024,2,2,1,False,1,1,0,0,Q2 2023,1,0,3.0,stock_life_cycles,2026-09-03,Q1 2007 to Q2 2026,78
CVET-OLD,Covetrus Inc.,2019,2020,2,2,1,False,1,1,0,0,Q4 2019,1,0,3.0,stock_life_cycles,2026-09-03,Q1 2007 to Q2 2026,78
ORBK,Orbotech Ltd.,2012,2013,2,2,1,False,1,1,0,0,Q4 2012,1,0,3.0,stock_life_cycles,2026-09-03,Q1 2007 to Q2 2026,78
CRHCF,Cohn Robbins Holdings Corp.,2021,2022,2,2,1,False,1,1,0,0,Q1 2021,1,0,3.0,stock_life_cycles,2026-09-03,Q1 2007 to Q2 2026,78
CRNT,Ceragon Networks Ltd,2025,2026,2,2,1,False,0,0,1,1,,0,0,3.0,stock_life_cycles,2026-09-03,Q1 2007 to Q2 2026,78
WIRE,Encore Wire Corp.,2023,2024,2,4,1,False,1,1,1,1,Q3 2023,1,0,3.0,stock_life_cycles,2026-09-03,Q1 2007 to Q2 2026,78
RSPC,Invesco S&P  500 Equal Weig C,2025,2026,2,2,1,False,1,1,0,0,Q4 2025,1,0,3.0,stock_life_cycles,2026-09-03,Q1 2007 to Q2 2026,78
MCAC-OLD,Monterey Capital Acquisiti A,2022,2023,2,2,1,False,1,1,0,0,Q3 2022,1,0,3.0,stock_life_cycles,2026-09-03,Q1 2007 to Q2 2026,78
RTPZ.U,Reinvent Technology Partners Z Units,2020,2021,2,2,1,False,1,1,0,0,Q4 2020,1,0,3.0,stock_life_cycles,2026-09-03,Q1 2007 to Q2 2026,78
RVNC,"Revance Therapeutics,Inc.",2024,2025,2,2,1,False,1,1,0,0,Q4 2024,1,0,3.0,stock_life_cycles,2026-09-03,Q1 2007 to Q2 2026,78
BYRN,Byrna Technologies Inc,2025,2026,2,4,1,False,1,0,1,2,Q2 2025,0,0,3.0,stock_life_cycles,2026-09-03,Q1 2007 to Q2 2026,78
RVTY,Revvity Inc.,2021,2022,2,2,1,False,1,1,0,0,Q4 2021,1,0,3.0,stock_life_cycles,2026-09-03,Q1 2007 to Q2 2026,78
GOAC,GO Acquisition Corp.,2021,2022,2,2,1,False,1,1,0,0,Q1 2021,1,0,3.0,stock_life_cycles,2026-09-03,Q1 2007 to Q2 2026,78
GODN-OLD,Golden Star Acquisition Corp,2023,2024,2,2,1,False,1,1,0,0,Q3 2023,1,0,3.0,stock_life_cycles,2026-09-03,Q1 2007 to Q2 2026,78
GPMT,Granite Point Mortgage Trust Inc.,2019,2020,2,2,1,False,1,1,0,0,Q1 2019,1,0,3.0,stock_life_cycles,2026-09-03,Q1 2007 to Q2 2026,78
XPEV,XPeng Inc.,2021,2022,2,4,1,False,0,1,2,1,,1,0,3.0,stock_life_cycles,2026-09-03,Q1 2007 to Q2 2026,78
XRT,SPDR S&P  Retail ETF,2024,2025,2,2,1,False,1,1,0,0,Q4 2024,1,0,3.0,stock_life_cycles,2026-09-03,Q1 2007 to Q2 2026,78
AESC,AES Corp. Units,2021,2022,2,2,1,False,1,1,0,0,Q1 2021,1,0,3.0,stock_life_cycles,2026-09-03,Q1 2007 to Q2 2026,78
XEFRX,Eaton Vance Sr Fltg Rate Tr,2022,2023,2,4,1,False,0,1,2,1,,1,0,3.0,stock_life_cycles,2026-09-03,Q1 2007 to Q2 2026,78
XLV,Health Care Select Sector,2025,2026,2,2,1,False,1,1,0,0,Q4 2025,1,0,3.0,stock_life_cycles,2026-09-03,Q1 2007 to Q2 2026,78
XJQCX,Nuveen Credit Strat Incm,2022,2023,2,6,1,False,1,1,2,2,Q2 2022,1,0,3.0,stock_life_cycles,2026-09-03,Q1 2007 to Q2 2026,78
XLB,Materials Select Sector SPDR,2025,2026,2,2,1,False,1,1,0,0,Q4 2025,1,0,3.0,stock_life_cycles,2026-09-03,Q1 2007 to Q2 2026,78
YELP,Yelp Inc.,2017,2018,2,4,1,False,1,1,1,1,Q2 2017,1,0,3.0,stock_life_cycles,2026-09-03,Q1 2007 to Q2 2026,78
YOTA-OLD,Yotta Acquisition Corp,2022,2023,2,2,1,False,1,1,0,0,Q3 2022,1,0,3.0,stock_life_cycles,2026-09-03,Q1 2007 to Q2 2026,78
ABCL,AbCellera Biologics Inc.,2025,2026,2,3,1,False,1,1,0,1,Q3 2025,1,-1,2.9,stock_life_cycles,2026-09-03,Q1 2007 to Q2 2026,78
ZGN.WS,Ermenegildo Zegna Hold  WTS27,2021,2022,2,3,1,False,1,1,0,1,Q4 2021,1,-1,2.9,stock_life_cycles,2026-09-03,Q1 2007 to Q2 2026,78
ZKH,Zkh Group Ltd,2024,2025,2,3,1,False,1,1,0,1,Q2 2024,1,-1,2.9,stock_life_cycles,2026-09-03,Q1 2007 to Q2 2026,78
AEO,American Eagle Outfitters,2025,2026,2,3,1,False,1,1,0,1,Q3 2025,1,-1,2.9,stock_life_cycles,2026-09-03,Q1 2007 to Q2 2026,78
XAR,SPDR S&P  Aerospace & Def ETF,2023,2024,2,3,1,False,1,1,0,1,Q4 2023,1,-1,2.9,stock_life_cycles,2026-09-03,Q1 2007 to Q2 2026,78
CVRX,Cvrx Inc,2025,2026,2,3,1,False,0,1,1,1,,1,-1,2.9,stock_life_cycles,2026-09-03,Q1 2007 to Q2 2026,78
CCF-OLD,Chase Corp.,2022,2023,2,3,1,False,1,1,0,1,Q2 2022,1,-1,2.9,stock_life_cycles,2026-09-03,Q1 2007 to Q2 2026,78
VSTS,Vestis Corp,2024,2025,2,3,1,False,0,1,1,1,,1,-1,2.9,stock_life_cycles,2026-09-03,Q1 2007 to Q2 2026,78
VSTO-OLD,Vista Outdoor Inc.,2018,2020,3,10,1,False,1,1,1,7,Q1 2018,1,-6,2.9,stock_life_cycles,2026-09-03,Q1 2007 to Q2 2026,78
GEOS,Geospace Technologies,2025,2026,2,3,1,False,0,0,1,2,,0,-1,2.9,stock_life_cycles,2026-09-03,Q1 2007 to Q2 2026,78
WELL,Welltower Inc.,2023,2025,3,6,1,False,0,1,0,5,,1,-6,2.9,stock_life_cycles,2026-09-03,Q1 2007 to Q2 2026,78
OSIS,OSI Systems Inc.,2025,2026,2,3,1,False,0,0,1,2,,0,-1,2.9,stock_life_cycles,2026-09-03,Q1 2007 to Q2 2026,78
NTAP,NetApp Inc.,2024,2026,3,8,1,False,0,1,1,6,,1,-6,2.9,stock_life_cycles,2026-09-03,Q1 2007 to Q2 2026,78
ICO,International Coal Group Inc.,2010,2011,2,5,1,False,1,1,1,2,Q1 2010,1,-1,2.9,stock_life_cycles,2026-09-03,Q1 2007 to Q2 2026,78
ROC-OLD2,Rockwood Holdings,2012,2013,2,7,1,False,0,1,3,3,,1,-1,2.9,stock_life_cycles,2026-09-03,Q1 2007 to Q2 2026,78
ICPT-OLD,Intercept Pharmaceuticals,2020,2021,2,3,1,False,1,1,0,1,Q3 2020,1,-1,2.9,stock_life_cycles,2026-09-03,Q1 2007 to Q2 2026,78
IEI,Ishares 3 7 Year Treasury Bo,2022,2023,2,3,1,False,1,1,0,1,Q2 2022,1,-1,2.9,stock_life_cycles,2026-09-03,Q1 2007 to Q2 2026,78
VAQC-OLD,Vector Acquisition Corp II,2021,2022,2,3,1,False,1,1,0,1,Q1 2021,1,-1,2.9,stock_life_cycles,2026-09-03,Q1 2007 to Q2 2026,78
FUR,Winthrop Realty Trust Inc.,2009,2011,3,8,1,False,1,1,0,6,Q4 2009,1,-6,2.9,stock_life_cycles,2026-09-03,Q1 2007 to Q2 2026,78
FUTU,Futu Holdings Ltd,2021,2022,2,7,1,False,1,1,2,3,Q1 2021,1,-1,2.9,stock_life_cycles,2026-09-03,Q1 2007 to Q2 2026,78
VORWQ.WS-OL,Virgin Orbit Holdings WTS,2022,2023,2,3,1,False,1,1,0,1,Q1 2022,1,-1,2.9,stock_life_cycles,2026-09-03,Q1 2007 to Q2 2026,78
HOUS-OLD,Anywhere Real Estate Inc.,2024,2025,2,3,1,False,0,1,1,1,,1,-1,2.9,stock_life_cycles,2026-09-03,Q1 2007 to Q2 2026,78
HOOD,Robinhood Markets Inc. CL A,2021,2022,2,3,1,False,1,1,0,1,Q3 2021,1,-1,2.9,stock_life_cycles,2026-09-03,Q1 2007 to Q2 2026,78
TTT,ProShares UltraPro Short 20+ Year Treasury ETF,2021,2022,2,5,1,False,1,1,1,2,Q3 2021,1,-1,2.9,stock_life_cycles,2026-09-03,Q1 2007 to Q2 2026,78
TVTX,Travere Therapeutics Inc.,2024,2025,2,3,1,False,1,1,0,1,Q4 2024,1,-1,2.9,stock_life_cycles,2026-09-03,Q1 2007 to Q2 2026,78
THRY,Thryv Holdings Inc,2025,2026,2,3,1,False,0,1,1,1,,1,-1,2.9,stock_life_cycles,2026-09-03,Q1 2007 to Q2 2026,78
NEUE-OLD,Bright Health Group Inc.,2021,2022,2,3,1,False,1,1,0,1,Q2 2021,1,-1,2.9,stock_life_cycles,2026-09-03,Q1 2007 to Q2 2026,78
U,Unity Software Inc.,2025,2026,2,3,1,False,1,1,0,1,Q3 2025,1,-1,2.9,stock_life_cycles,2026-09-03,Q1 2007 to Q2 2026,78
FOR,Forestar Group Inc.,2025,2026,2,3,1,False,0,0,1,2,,0,-1,2.9,stock_life_cycles,2026-09-03,Q1 2007 to Q2 2026,78
FORD-OLD,First Eagle Alternative Capital BDC Inc.,2022,2023,2,3,1,False,1,1,0,1,Q1 2022,1,-1,2.9,stock_life_cycles,2026-09-03,Q1 2007 to Q2 2026,78
DANOY,Danone,2022,2024,3,6,1,False,0,1,0,5,,1,-6,2.9,stock_life_cycles,2026-09-03,Q1 2007 to Q2 2026,78
PBYI,Puma Biotechnology Inc.,2025,2026,2,3,1,False,1,1,0,1,Q1 2025,1,-1,2.9,stock_life_cycles,2026-09-03,Q1 2007 to Q2 2026,78
BWIN,The Baldwin Group Inc.,2011,2012,2,3,1,False,1,1,0,1,Q2 2011,1,-1,2.9,stock_life_cycles,2026-09-03,Q1 2007 to Q2 2026,78
ENBL,Enable Midstream Partners,2020,2021,2,3,1,False,1,1,0,1,Q2 2020,1,-1,2.9,stock_life_cycles,2026-09-03,Q1 2007 to Q2 2026,78
EMWP,Eros Media World PLC,2015,2016,2,3,1,False,1,1,0,1,Q4 2015,1,-1,2.9,stock_life_cycles,2026-09-03,Q1 2007 to Q2 2026,78
SES,Ses Ai Corp,2025,2026,2,3,1,False,1,0,0,2,Q3 2025,0,-1,2.9,stock_life_cycles,2026-09-03,Q1 2007 to Q2 2026,78
QDEL,QuidelOrtho Corp.,2025,2026,2,3,1,False,1,1,0,1,Q3 2025,1,-1,2.9,stock_life_cycles,2026-09-03,Q1 2007 to Q2 2026,78
BTDR,Bitdeer Technologies Group A,2024,2025,2,3,1,False,1,1,0,1,Q3 2024,1,-1,2.9,stock_life_cycles,2026-09-03,Q1 2007 to Q2 2026,78
CHS-OLD,Chico's FAS,2021,2023,3,10,1,False,0,1,2,7,,1,-6,2.9,stock_life_cycles,2026-09-03,Q1 2007 to Q2 2026,78
SND,Smart Sand Inc.,2025,2026,2,3,1,False,0,1,1,1,,1,-1,2.9,stock_life_cycles,2026-09-03,Q1 2007 to Q2 2026,78
MSGN,MSG Networks Inc.,2020,2021,2,3,1,False,1,1,0,1,Q3 2020,1,-1,2.9,stock_life_cycles,2026-09-03,Q1 2007 to Q2 2026,78
BPY-OLD,Brookfield Property Partners,2015,2016,2,3,1,False,1,1,0,1,Q3 2015,1,-1,2.9,stock_life_cycles,2026-09-03,Q1 2007 to Q2 2026,78
KODK,Eastman Kodak Co.,2025,2026,2,3,1,False,0,0,1,2,,0,-1,2.9,stock_life_cycles,2026-09-03,Q1 2007 to Q2 2026,78
BJ,BJ's Wholesale Club,2025,2026,2,3,1,False,1,2,0,0,Q4 2025,2,-1,2.9,stock_life_cycles,2026-09-03,Q1 2007 to Q2 2026,78
EVTL.WS,Vertical Aerospace Ltd  WTS26,2021,2022,2,3,1,False,1,1,0,1,Q4 2021,1,-1,2.9,stock_life_cycles,2026-09-03,Q1 2007 to Q2 2026,78
EFAS,Global X Msci Superdividend,2025,2026,2,3,1,False,1,2,0,0,Q2 2025,2,-1,2.9,stock_life_cycles,2026-09-03,Q1 2007 to Q2 2026,78
EVGOW-OLD,EVgo Inc. WTS,2021,2022,2,3,1,False,1,1,0,1,Q1 2021,1,-1,2.9,stock_life_cycles,2026-09-03,Q1 2007 to Q2 2026,78
EXPO,Exponent Inc.,2023,2025,3,8,1,False,1,1,0,6,Q2 2023,1,-6,2.9,stock_life_cycles,2026-09-03,Q1 2007 to Q2 2026,78
PPA,Invesco Aerospace & Defense,2023,2024,2,3,1,False,1,1,0,1,Q4 2023,1,-1,2.9,stock_life_cycles,2026-09-03,Q1 2007 to Q2 2026,78
SVFA-OLD,SVF Investment Corp.,2021,2022,2,3,1,False,1,1,0,1,Q1 2021,1,-1,2.9,stock_life_cycles,2026-09-03,Q1 2007 to Q2 2026,78
SVFAW-OLD,SVF Investment Corp. WTS,2021,2022,2,3,1,False,1,1,0,1,Q1 2021,1,-1,2.9,stock_life_cycles,2026-09-03,Q1 2007 to Q2 2026,78
AXLL,Axiall Corp.,2013,2014,2,3,1,False,1,1,0,1,Q3 2013,1,-1,2.9,stock_life_cycles,2026-09-03,Q1 2007 to Q2 2026,78
BALY-OLD,Bally's Corp.,2019,2020,2,3,1,False,1,1,0,1,Q1 2019,1,-1,2.9,stock_life_cycles,2026-09-03,Q1 2007 to Q2 2026,78
TE,FREYR Battery,2021,2022,2,3,1,False,1,1,0,1,Q3 2021,1,-1,2.9,stock_life_cycles,2026-09-03,Q1 2007 to Q2 2026,78
FFIEW-OLD,Faraday Future Intelligent Electric Inc. WTS,2021,2022,2,3,1,False,1,1,0,1,Q1 2021,1,-1,2.9,stock_life_cycles,2026-09-03,Q1 2007 to Q2 2026,78
RCI,Rogers Communications Inc.,2023,2024,2,3,1,False,1,2,0,0,Q3 2024,2,-1,2.9,stock_life_cycles,2026-09-03,Q1 2007 to Q2 2026,78
CHPXF,China Pacific Insurance Group Co.,2011,2012,2,3,1,False,1,1,0,1,Q1 2011,1,-1,2.9,stock_life_cycles,2026-09-03,Q1 2007 to Q2 2026,78
LNWO,Light & Wonder Inc.,2019,2020,2,3,1,False,1,1,0,1,Q2 2019,1,-1,2.9,stock_life_cycles,2026-09-03,Q1 2007 to Q2 2026,78
LMACA-OLD,Liberty Media Acquisition Corp.,2021,2022,2,3,1,False,1,1,0,1,Q1 2021,1,-1,2.9,stock_life_cycles,2026-09-03,Q1 2007 to Q2 2026,78
QD-OLD,Quadramed Corp.,2007,2008,2,3,1,False,1,1,0,1,Q3 2007,1,-1,2.9,stock_life_cycles,2026-09-03,Q1 2007 to Q2 2026,78
ASIX,AdvanSix Inc.,2025,2026,2,2,1,False,0,0,0,2,,0,-2,2.8,stock_life_cycles,2026-09-03,Q1 2007 to Q2 2026,78
INFU,InfuSystem Holdings Inc.,2025,2026,2,2,1,False,0,0,0,2,,0,-2,2.8,stock_life_cycles,2026-09-03,Q1 2007 to Q2 2026,78
ISCA-OLD,International Speedway,2018,2019,2,4,1,False,0,1,1,2,,1,-2,2.8,stock_life_cycles,2026-09-03,Q1 2007 to Q2 2026,78
RDN,Radian Group,2025,2026,2,2,1,False,0,0,0,2,,0,-2,2.8,stock_life_cycles,2026-09-03,Q1 2007 to Q2 2026,78
REPX,Riley Exploration Permian In,2025,2026,2,2,1,False,0,0,0,2,,0,-2,2.8,stock_life_cycles,2026-09-03,Q1 2007 to Q2 2026,78
AVAH,Aveanna Healthcare Holdings Inc.,2025,2026,2,2,1,False,0,0,0,2,,0,-2,2.8,stock_life_cycles,2026-09-03,Q1 2007 to Q2 2026,78
NLSN,Nielsen Holdings plc,2018,2019,2,4,1,False,1,1,0,2,Q3 2018,1,-2,2.8,stock_life_cycles,2026-09-03,Q1 2007 to Q2 2026,78
OSH-OLD2,Orchard Supply Hardware Stores,2012,2013,2,4,1,False,1,1,0,2,Q1 2012,1,-2,2.8,stock_life_cycles,2026-09-03,Q1 2007 to Q2 2026,78
OTEX,Open Text Corp.,2024,2025,2,4,1,False,0,1,1,2,,1,-2,2.8,stock_life_cycles,2026-09-03,Q1 2007 to Q2 2026,78
ALTG,Alta Equipment Group Inc,2025,2026,2,2,1,False,0,0,0,2,,0,-2,2.8,stock_life_cycles,2026-09-03,Q1 2007 to Q2 2026,78
MNTV-OLD,Momentive Global Inc.,2021,2022,2,2,1,False,0,1,0,1,,1,-2,2.8,stock_life_cycles,2026-09-03,Q1 2007 to Q2 2026,78
AL-OLD,Air Lease Corp.,2025,2026,2,2,1,False,0,1,0,1,,1,-2,2.8,stock_life_cycles,2026-09-03,Q1 2007 to Q2 2026,78
ALCO,Alico Inc.,2020,2021,2,2,1,False,0,1,0,1,,1,-2,2.8,stock_life_cycles,2026-09-03,Q1 2007 to Q2 2026,78
AIRG,Airgain Inc,2025,2026,2,2,1,False,0,0,0,2,,0,-2,2.8,stock_life_cycles,2026-09-03,Q1 2007 to Q2 2026,78
AKR,Acadia Realty Trust,2019,2020,2,2,1,False,0,1,0,1,,1,-2,2.8,stock_life_cycles,2026-09-03,Q1 2007 to Q2 2026,78
YQ,17 Education & Technology Group Inc.,2021,2022,2,4,1,False,0,1,1,2,,1,-2,2.8,stock_life_cycles,2026-09-03,Q1 2007 to Q2 2026,78
GRAL,Grail Inc,2025,2026,2,4,1,False,1,1,0,2,Q2 2025,1,-2,2.8,stock_life_cycles,2026-09-03,Q1 2007 to Q2 2026,78
CCRK,Coal Creek Company,2019,2020,2,4,1,False,0,1,1,2,,1,-2,2.8,stock_life_cycles,2026-09-03,Q1 2007 to Q2 2026,78
TYC,Tyco International,2007,2008,2,2,1,False,0,1,0,1,,1,-2,2.8,stock_life_cycles,2026-09-03,Q1 2007 to Q2 2026,78
FTR,Frontier Communications Corp.,2012,2013,2,2,1,False,0,1,0,1,,1,-2,2.8,stock_life_cycles,2026-09-03,Q1 2007 to Q2 2026,78
COO-OLD,Cooper Companies,2023,2024,2,2,1,False,0,1,0,1,,1,-2,2.8,stock_life_cycles,2026-09-03,Q1 2007 to Q2 2026,78
RPT-OLD,RPT Realty,2020,2021,2,4,1,False,1,1,0,2,Q3 2020,1,-2,2.8,stock_life_cycles,2026-09-03,Q1 2007 to Q2 2026,78
IM,Ingram Micro Inc.,2015,2016,2,8,1,False,1,1,2,4,Q1 2015,1,-2,2.8,stock_life_cycles,2026-09-03,Q1 2007 to Q2 2026,78
MC,Moelis & Co.,2025,2026,2,2,1,False,0,0,0,2,,0,-2,2.8,stock_life_cycles,2026-09-03,Q1 2007 to Q2 2026,78
FDC,First Data Corp.,2018,2019,2,4,1,False,0,1,1,2,,1,-2,2.8,stock_life_cycles,2026-09-03,Q1 2007 to Q2 2026,78
TDC,Teradata Corp.,2024,2025,2,4,1,False,0,1,1,2,,1,-2,2.8,stock_life_cycles,2026-09-03,Q1 2007 to Q2 2026,78
AVNW,Aviat Networks Inc.,2025,2026,2,2,1,False,0,0,0,2,,0,-2,2.8,stock_life_cycles,2026-09-03,Q1 2007 to Q2 2026,78
EVRI-OLD,Everi Holdings Inc.,2024,2025,2,4,1,False,1,1,0,2,Q2 2024,1,-2,2.8,stock_life_cycles,2026-09-03,Q1 2007 to Q2 2026,78
SRE,Sempra Energy,2024,2025,2,2,1,False,0,1,0,1,,1,-2,2.8,stock_life_cycles,2026-09-03,Q1 2007 to Q2 2026,78
SRAQ.WS,Silver Run Acquisition Corp. WTS,2016,2017,2,4,1,False,1,2,0,1,Q2 2017,2,-2,2.8,stock_life_cycles,2026-09-03,Q1 2007 to Q2 2026,78
SRAQ,Silver Run Acquisition Corp.,2016,2017,2,4,1,False,1,2,0,1,Q2 2017,2,-2,2.8,stock_life_cycles,2026-09-03,Q1 2007 to Q2 2026,78
STRZA,Starz,2013,2014,2,4,1,False,1,1,0,2,Q1 2013,1,-2,2.8,stock_life_cycles,2026-09-03,Q1 2007 to Q2 2026,78
KGEI,Kolibri Global Energy Inc,2024,2025,2,2,1,False,0,1,0,1,,1,-2,2.8,stock_life_cycles,2026-09-03,Q1 2007 to Q2 2026,78
STI,SunTrust Banks,2009,2010,2,2,1,False,0,1,0,1,,1,-2,2.8,stock_life_cycles,2026-09-03,Q1 2007 to Q2 2026,78
CLAR,Clarus Corp.,2025,2026,2,2,1,False,0,0,0,2,,0,-2,2.8,stock_life_cycles,2026-09-03,Q1 2007 to Q2 2026,78
EXEL,Exelixis Inc.,2025,2026,2,2,1,False,0,0,0,2,,0,-2,2.8,stock_life_cycles,2026-09-03,Q1 2007 to Q2 2026,78
SVCO,Silvaco Group Inc,2025,2026,2,2,1,False,0,1,0,1,,1,-2,2.8,stock_life_cycles,2026-09-03,Q1 2007 to Q2 2026,78
TGS,Transportadora de Gas Del Sur SA,2022,2025,4,12,1,False,0,1,0,11,,1,-12,2.8,stock_life_cycles,2026-09-03,Q1 2007 to Q2 2026,78
NCMI,National CineMedia Inc.,2025,2026,2,2,1,False,0,0,0,2,,0,-2,2.8,stock_life_cycles,2026-09-03,Q1 2007 to Q2 2026,78
SWI-OLD,SolarWinds Corp.,2021,2022,2,2,1,False,0,1,0,1,,1,-2,2.8,stock_life_cycles,2026-09-03,Q1 2007 to Q2 2026,78
KEP,Korea Elec Power Corp Sp ADR,2025,2026,2,4,1,False,1,1,0,2,Q2 2025,1,-2,2.8,stock_life_cycles,2026-09-03,Q1 2007 to Q2 2026,78
C.WS.A,Citigroup WTS A,2016,2017,2,2,1,False,0,1,0,1,,1,-2,2.8,stock_life_cycles,2026-09-03,Q1 2007 to Q2 2026,78
PXE,Invesco Energy Exploration,2024,2025,2,2,1,False,0,1,0,1,,1,-2,2.8,stock_life_cycles,2026-09-03,Q1 2007 to Q2 2026,78
SANM,Sanmina Corp.,2025,2026,2,2,1,False,0,1,0,1,,1,-2,2.8,stock_life_cycles,2026-09-03,Q1 2007 to Q2 2026,78
CIA,Citizens Inc. CL A,2025,2026,2,2,1,False,0,0,0,2,,0,-2,2.8,stock_life_cycles,2026-09-03,Q1 2007 to Q2 2026,78
SNV-OLD,Synovus Financial Corp.,2024,2025,2,4,1,False,0,1,1,2,,1,-2,2.8,stock_life_cycles,2026-09-03,Q1 2007 to Q2 2026,78
CAFD,8point3 Energy Partners LP,2017,2018,2,2,1,False,0,1,0,1,,1,-2,2.8,stock_life_cycles,2026-09-03,Q1 2007 to Q2 2026,78
BMA,Banco Macro S.A.,2024,2025,2,6,1,False,1,1,1,3,Q1 2024,1,-2,2.8,stock_life_cycles,2026-09-03,Q1 2007 to Q2 2026,78
SMR,Nuscale Power Corp,2025,2026,2,4,1,False,1,0,0,3,Q2 2025,0,-2,2.8,stock_life_cycles,2026-09-03,Q1 2007 to Q2 2026,78
BOOM,DMC Global Inc.,2024,2025,2,4,1,False,1,2,0,1,Q3 2025,2,-2,2.8,stock_life_cycles,2026-09-03,Q1 2007 to Q2 2026,78
EMBK-OLD,Embark Technology Inc,2021,2022,2,4,1,False,1,1,0,2,Q4 2021,1,-2,2.8,stock_life_cycles,2026-09-03,Q1 2007 to Q2 2026,78
CGEM,Cullinan Oncology Inc.,2021,2022,2,4,1,False,1,1,0,2,Q1 2021,1,-2,2.8,stock_life_cycles,2026-09-03,Q1 2007 to Q2 2026,78
BURL,Burlington Stores Inc.,2021,2022,2,4,1,False,0,1,1,2,,1,-2,2.8,stock_life_cycles,2026-09-03,Q1 2007 to Q2 2026,78
BXSL,Blackstone Secured Lending Fund,2021,2022,2,4,1,False,1,1,0,2,Q4 2021,1,-2,2.8,stock_life_cycles,2026-09-03,Q1 2007 to Q2 2026,78
EGL,Engility Holdings Inc.,2013,2014,2,4,1,False,0,1,1,2,,1,-2,2.8,stock_life_cycles,2026-09-03,Q1 2007 to Q2 2026,78
BWINB-OLD,Baldwin & Lyons Inc. CL B,2016,2017,2,2,1,False,0,1,0,1,,1,-2,2.8,stock_life_cycles,2026-09-03,Q1 2007 to Q2 2026,78
YSG,Yatsen Holding Ltd,2021,2022,2,4,1,False,0,1,1,2,,1,-2,2.8,stock_life_cycles,2026-09-03,Q1 2007 to Q2 2026,78
ACCO,ACCO Brands Corp.,2025,2026,2,2,1,False,0,0,0,2,,0,-2,2.8,stock_life_cycles,2026-09-03,Q1 2007 to Q2 2026,78
GME,GameStop Corp.,2019,2020,2,8,1,False,1,2,2,3,Q3 2019,2,-2,2.8,stock_life_cycles,2026-09-03,Q1 2007 to Q2 2026,78
AUDAQ-OLD,Audacy Inc.,2021,2022,2,3,1,False,0,1,0,2,,1,-3,2.7,stock_life_cycles,2026-09-03,Q1 2007 to Q2 2026,78
INSP,Inspire Medical Systems Inc.,2025,2026,2,5,1,False,0,1,1,3,,1,-3,2.7,stock_life_cycles,2026-09-03,Q1 2007 to Q2 2026,78
INVA,Innoviva Inc.,2016,2017,2,3,1,False,0,1,0,2,,1,-3,2.7,stock_life_cycles,2026-09-03,Q1 2007 to Q2 2026,78
GTT,GTT Communications,2020,2021,2,5,1,False,0,1,1,3,,1,-3,2.7,stock_life_cycles,2026-09-03,Q1 2007 to Q2 2026,78
CARE,Carter Bankshares Inc.,2019,2020,2,3,1,False,0,1,0,2,,1,-3,2.7,stock_life_cycles,2026-09-03,Q1 2007 to Q2 2026,78
UPST,Upstart Holdings Inc.,2021,2022,2,3,1,False,0,1,0,2,,1,-3,2.7,stock_life_cycles,2026-09-03,Q1 2007 to Q2 2026,78
GG,Goldcorp Inc.,2018,2019,2,3,1,False,0,1,0,2,,1,-3,2.7,stock_life_cycles,2026-09-03,Q1 2007 to Q2 2026,78
SGRY,Surgery Partners Inc.,2023,2024,2,5,1,False,0,1,1,3,,1,-3,2.7,stock_life_cycles,2026-09-03,Q1 2007 to Q2 2026,78
HAYW,Hayward Holdings Inc,2022,2023,2,7,1,False,1,1,1,4,Q2 2022,1,-3,2.7,stock_life_cycles,2026-09-03,Q1 2007 to Q2 2026,78
APOG,Apogee Enterprises,2019,2020,2,3,1,False,0,1,0,2,,1,-3,2.7,stock_life_cycles,2026-09-03,Q1 2007 to Q2 2026,78
CWEN.A-OLD,Clearway Energy CL A,2019,2020,2,3,1,False,0,1,0,2,,1,-3,2.7,stock_life_cycles,2026-09-03,Q1 2007 to Q2 2026,78
CWEN,Clearway Energy CL C,2019,2020,2,3,1,False,0,1,0,2,,1,-3,2.7,stock_life_cycles,2026-09-03,Q1 2007 to Q2 2026,78
EPM,Evolution Petroleum Corp.,2022,2023,2,3,1,False,0,1,0,2,,1,-3,2.7,stock_life_cycles,2026-09-03,Q1 2007 to Q2 2026,78
VRTS,Virtus Investment Partners Inc.,2024,2026,3,8,1,False,0,1,0,7,,1,-8,2.7,stock_life_cycles,2026-09-03,Q1 2007 to Q2 2026,78
ETE-OLD,Energy Transfer Equity LP old,2018,2019,2,3,1,False,0,1,0,2,,1,-3,2.7,stock_life_cycles,2026-09-03,Q1 2007 to Q2 2026,78
LBPH-OLD,Longboard Pharmaceuticals In,2024,2024,1,4,1,False,1,1,2,0,Q1 2024,1,2,2.7,stock_life_cycles,2026-09-03,Q1 2007 to Q2 2026,78
BMCH,BMC Stock Holdings,2020,2021,2,5,1,False,0,1,1,3,,1,-3,2.7,stock_life_cycles,2026-09-03,Q1 2007 to Q2 2026,78
AGL,Agilon Health Inc,2023,2024,2,5,1,False,0,1,1,3,,1,-3,2.7,stock_life_cycles,2026-09-03,Q1 2007 to Q2 2026,78
ETR,Entergy Corp.,2024,2025,2,3,1,False,0,1,0,2,,1,-3,2.7,stock_life_cycles,2026-09-03,Q1 2007 to Q2 2026,78
GCVRZ,Sanofi Rights Issue,2013,2014,2,3,1,False,0,1,0,2,,1,-3,2.7,stock_life_cycles,2026-09-03,Q1 2007 to Q2 2026,78
WAIR,Wesco Aircraft Holdings,2013,2014,2,5,1,False,0,1,1,3,,1,-3,2.7,stock_life_cycles,2026-09-03,Q1 2007 to Q2 2026,78
EIG,Employers Holdings Inc.,2025,2025,1,4,1,False,1,1,2,0,Q1 2025,1,2,2.7,stock_life_cycles,2026-09-03,Q1 2007 to Q2 2026,78
PRSU,Pursuit Attractions and Hospitality,2019,2020,2,3,1,False,0,1,0,2,,1,-3,2.7,stock_life_cycles,2026-09-03,Q1 2007 to Q2 2026,78
DHIL-OLD,Diamond Hill Investment Group Inc.,2018,2019,2,3,1,False,0,1,0,2,,1,-3,2.7,stock_life_cycles,2026-09-03,Q1 2007 to Q2 2026,78
XGN,Exagen Inc.,2026,2026,1,1,1,False,1,0,0,0,Q1 2026,0,1,2.6,stock_life_cycles,2026-09-03,Q1 2007 to Q2 2026,78
TRCO,Tribune Media Co.,2018,2018,1,3,1,False,1,1,1,0,Q2 2018,1,1,2.6,stock_life_cycles,2026-09-03,Q1 2007 to Q2 2026,78
XELA,Exela Technologies Inc.,2019,2020,2,4,1,False,0,1,0,3,,1,-4,2.6,stock_life_cycles,2026-09-03,Q1 2007 to Q2 2026,78
ACDC,Profrac Holding Corp A,2025,2025,1,3,1,False,1,1,1,0,Q1 2025,1,1,2.6,stock_life_cycles,2026-09-03,Q1 2007 to Q2 2026,78
MRNS-OLD,Marinus Pharmaceuticals Inc.,2021,2021,1,3,1,False,1,1,1,0,Q1 2021,1,1,2.6,stock_life_cycles,2026-09-03,Q1 2007 to Q2 2026,78
USMV,Ishares Msci Usa Min Vol Fac,2026,2026,1,1,1,False,1,0,0,0,Q1 2026,0,1,2.6,stock_life_cycles,2026-09-03,Q1 2007 to Q2 2026,78
EGN,Energen Corp.,2018,2018,1,3,1,False,1,1,1,0,Q2 2018,1,1,2.6,stock_life_cycles,2026-09-03,Q1 2007 to Q2 2026,78
SE-OLD,Spectra Energy Corp.,2007,2007,1,3,1,False,1,1,1,0,Q1 2007,1,1,2.6,stock_life_cycles,2026-09-03,Q1 2007 to Q2 2026,78
MRUS-OLD,Merus Nv,2025,2025,1,3,1,False,1,1,1,0,Q2 2025,1,1,2.6,stock_life_cycles,2026-09-03,Q1 2007 to Q2 2026,78
WMS,Advanced Drainage Systems,2025,2025,1,1,1,False,0,0,1,0,,0,1,2.6,stock_life_cycles,2026-09-03,Q1 2007 to Q2 2026,78
OAK,Oaktree Capital Group LLC Cl A,2018,2018,1,3,1,False,1,1,1,0,Q1 2018,1,1,2.6,stock_life_cycles,2026-09-03,Q1 2007 to Q2 2026,78
GSKY-OLD,GreenSky Inc.,2019,2019,1,3,1,False,1,1,1,0,Q1 2019,1,1,2.6,stock_life_cycles,2026-09-03,Q1 2007 to Q2 2026,78
PCT,Purecycle Technologies Inc,2025,2025,1,3,1,False,1,1,1,0,Q2 2025,1,1,2.6,stock_life_cycles,2026-09-03,Q1 2007 to Q2 2026,78
DEN-OLD,Denbury Inc,2023,2023,1,3,1,False,1,1,1,0,Q1 2023,1,1,2.6,stock_life_cycles,2026-09-03,Q1 2007 to Q2 2026,78
IIIV,I3 Verticals Inc. CL A,2026,2026,1,1,1,False,1,0,0,0,Q1 2026,0,1,2.6,stock_life_cycles,2026-09-03,Q1 2007 to Q2 2026,78
CNS,Cohen & Steers Inc.,2025,2025,1,1,1,False,1,0,0,0,Q4 2025,0,1,2.6,stock_life_cycles,2026-09-03,Q1 2007 to Q2 2026,78
THRM,Gentherm Inc.,2025,2026,2,4,1,False,0,1,0,3,,1,-4,2.6,stock_life_cycles,2026-09-03,Q1 2007 to Q2 2026,78
PHX-OLD,Panhandle Oil and Gas Inc. CL A,2024,2024,1,3,1,False,1,1,1,0,Q1 2024,1,1,2.6,stock_life_cycles,2026-09-03,Q1 2007 to Q2 2026,78
CMBT,Euronav NV,2023,2023,1,3,1,False,1,1,1,0,Q2 2023,1,1,2.6,stock_life_cycles,2026-09-03,Q1 2007 to Q2 2026,78
DAY-OLD,Dayforce Inc.,2020,2020,1,3,1,False,1,1,1,0,Q1 2020,1,1,2.6,stock_life_cycles,2026-09-03,Q1 2007 to Q2 2026,78
MNI,McClatchy Co.,2019,2019,1,3,1,False,1,1,1,0,Q1 2019,1,1,2.6,stock_life_cycles,2026-09-03,Q1 2007 to Q2 2026,78
CCRN-OLD,Cross Country Healthcare,2026,2026,1,1,1,False,1,0,0,0,Q1 2026,0,1,2.6,stock_life_cycles,2026-09-03,Q1 2007 to Q2 2026,78
STVN,Stevanato Group Spa,2026,2026,1,1,1,False,1,0,0,0,Q1 2026,0,1,2.6,stock_life_cycles,2026-09-03,Q1 2007 to Q2 2026,78
EXTR,Extreme Networks Inc.,2026,2026,1,1,1,False,1,0,0,0,Q1 2026,0,1,2.6,stock_life_cycles,2026-09-03,Q1 2007 to Q2 2026,78
CVLG,Covenant Transportation Group Inc. CL A,2026,2026,1,1,1,False,1,0,0,0,Q1 2026,0,1,2.6,stock_life_cycles,2026-09-03,Q1 2007 to Q2 2026,78
IBTG,Ishares Ibonds Dec 2026 Term,2025,2025,1,3,1,False,1,0,1,1,Q2 2025,0,1,2.6,stock_life_cycles,2026-09-03,Q1 2007 to Q2 2026,78
VMEO-OLD,Vimeo Inc,2021,2021,1,3,1,False,1,1,1,0,Q2 2021,1,1,2.6,stock_life_cycles,2026-09-03,Q1 2007 to Q2 2026,78
ORN,Orion Group Holdings,2026,2026,1,1,1,False,1,0,0,0,Q1 2026,0,1,2.6,stock_life_cycles,2026-09-03,Q1 2007 to Q2 2026,78
USFE,First Eagle Us Equity ETF,2026,2026,1,1,1,False,1,0,0,0,Q1 2026,0,1,2.6,stock_life_cycles,2026-09-03,Q1 2007 to Q2 2026,78
EC,Ecopetrol SA Sponsored ADR,2025,2025,1,3,1,False,1,1,1,0,Q1 2025,1,1,2.6,stock_life_cycles,2026-09-03,Q1 2007 to Q2 2026,78
RPM,RPM International Inc.,2026,2026,1,1,1,False,0,0,1,0,,0,1,2.6,stock_life_cycles,2026-09-03,Q1 2007 to Q2 2026,78
BBSI,Barrett Business Services,2025,2025,1,3,1,False,1,1,1,0,Q2 2025,1,1,2.6,stock_life_cycles,2026-09-03,Q1 2007 to Q2 2026,78
CORT,Corcept Therapeutics Inc.,2025,2025,1,3,1,False,1,1,1,0,Q2 2025,1,1,2.6,stock_life_cycles,2026-09-03,Q1 2007 to Q2 2026,78
JOY,Joy Global Inc.,2012,2012,1,3,1,False,0,1,2,0,,1,1,2.6,stock_life_cycles,2026-09-03,Q1 2007 to Q2 2026,78
TBBB,Bbb Foods Inc Class A,2026,2026,1,1,1,False,1,0,0,0,Q1 2026,0,1,2.6,stock_life_cycles,2026-09-03,Q1 2007 to Q2 2026,78
Aur,Aurora Innovation Inc.,2021,2021,1,1,1,False,0,0,1,0,,0,1,2.6,stock_life_cycles,2026-09-03,Q1 2007 to Q2 2026,78
FEMD,First Eagle Mid C Ety ETF,2026,2026,1,1,1,False,1,0,0,0,Q1 2026,0,1,2.6,stock_life_cycles,2026-09-03,Q1 2007 to Q2 2026,78
VORWQ-OLD,Virgin Orbit Holdings Inc.,2022,2023,2,6,1,False,1,1,0,4,Q1 2022,1,-4,2.6,stock_life_cycles,2026-09-03,Q1 2007 to Q2 2026,78
WPC,WP Carey,2025,2025,1,1,1,False,1,0,0,0,Q4 2025,0,1,2.6,stock_life_cycles,2026-09-03,Q1 2007 to Q2 2026,78
WPG,Washington Prime Group Inc.,2017,2017,1,3,1,False,1,1,1,0,Q1 2017,1,1,2.6,stock_life_cycles,2026-09-03,Q1 2007 to Q2 2026,78
LQDT,Liquidity Services Inc.,2025,2025,1,3,1,False,1,1,1,0,Q2 2025,1,1,2.6,stock_life_cycles,2026-09-03,Q1 2007 to Q2 2026,78
SQM,Chemical & Mining Co. of Chile,2023,2023,1,3,1,False,1,1,1,0,Q2 2023,1,1,2.6,stock_life_cycles,2026-09-03,Q1 2007 to Q2 2026,78
KS,KapStone Paper and Packaging Corp.,2017,2017,1,3,1,False,1,1,1,0,Q2 2017,1,1,2.6,stock_life_cycles,2026-09-03,Q1 2007 to Q2 2026,78
NAUT,Nautilus Biotechnology Inc,2026,2026,1,1,1,False,1,0,0,0,Q1 2026,0,1,2.6,stock_life_cycles,2026-09-03,Q1 2007 to Q2 2026,78
SSB,Southstate Bank Corp,2026,2026,1,1,1,False,1,0,0,0,Q1 2026,0,1,2.6,stock_life_cycles,2026-09-03,Q1 2007 to Q2 2026,78
RRD-OLD,RR Donnelley & Sons Co.,2014,2014,1,3,1,False,1,1,1,0,Q2 2014,1,1,2.6,stock_life_cycles,2026-09-03,Q1 2007 to Q2 2026,78
UTHR,United Therapeutics Corp.,2026,2026,1,1,1,False,1,0,0,0,Q1 2026,0,1,2.6,stock_life_cycles,2026-09-03,Q1 2007 to Q2 2026,78
LOPE,Grand Canyon Education,2025,2025,1,1,1,False,1,0,0,0,Q4 2025,0,1,2.6,stock_life_cycles,2026-09-03,Q1 2007 to Q2 2026,78
SMTC,Semtech Corp.,2026,2026,1,1,1,False,1,0,0,0,Q1 2026,0,1,2.6,stock_life_cycles,2026-09-03,Q1 2007 to Q2 2026,78
LDG,Longs Drug Stores,2008,2008,1,3,1,False,1,1,1,0,Q2 2008,1,1,2.6,stock_life_cycles,2026-09-03,Q1 2007 to Q2 2026,78
HOLI-OLD,Hollysys Automation Technologies Ltd,2023,2024,2,4,1,False,0,1,0,3,,1,-4,2.6,stock_life_cycles,2026-09-03,Q1 2007 to Q2 2026,78
CALL,magicJack VocalTec Ltd.,2018,2018,1,3,1,False,1,1,1,0,Q2 2018,1,1,2.6,stock_life_cycles,2026-09-03,Q1 2007 to Q2 2026,78
HPK,Highpeak Energy Inc,2025,2025,1,3,1,False,1,1,1,0,Q1 2025,1,1,2.6,stock_life_cycles,2026-09-03,Q1 2007 to Q2 2026,78
PSNY,Polestar Automotive Holding UK PLC,2025,2025,1,3,1,False,1,1,1,0,Q1 2025,1,1,2.6,stock_life_cycles,2026-09-03,Q1 2007 to Q2 2026,78
FWRG,First Watch Restaurant Group,2025,2025,1,3,1,False,1,1,1,0,Q2 2025,1,1,2.6,stock_life_cycles,2026-09-03,Q1 2007 to Q2 2026,78
HOFD,HomeFed Corp.,2007,2008,2,4,1,False,0,1,0,3,,1,-4,2.6,stock_life_cycles,2026-09-03,Q1 2007 to Q2 2026,78
SAIC,Science Applications International Corp.,2026,2026,1,1,1,False,1,0,0,0,Q1 2026,0,1,2.6,stock_life_cycles,2026-09-03,Q1 2007 to Q2 2026,78
ENSG,Ensign Group,2025,2025,1,1,1,False,0,0,1,0,,0,1,2.6,stock_life_cycles,2026-09-03,Q1 2007 to Q2 2026,78
PURR,Hyperliquid Strategies,2026,2026,1,1,1,False,1,0,0,0,Q1 2026,0,1,2.6,stock_life_cycles,2026-09-03,Q1 2007 to Q2 2026,78
LMNS,Lumenis Ltd.,2015,2015,1,3,1,False,1,1,1,0,Q2 2015,1,1,2.6,stock_life_cycles,2026-09-03,Q1 2007 to Q2 2026,78
PSMT,PriceSmart Inc.,2025,2025,1,1,1,False,1,0,0,0,Q3 2025,0,1,2.6,stock_life_cycles,2026-09-03,Q1 2007 to Q2 2026,78
ENV-OLD,Envestnet Inc.,2024,2024,1,3,1,False,1,1,1,0,Q1 2024,1,1,2.6,stock_life_cycles,2026-09-03,Q1 2007 to Q2 2026,78
HMC,Honda Motor Co. Ltd.,2024,2025,2,4,1,False,0,1,0,3,,1,-4,2.6,stock_life_cycles,2026-09-03,Q1 2007 to Q2 2026,78
WERN,Werner Enterprises,2026,2026,1,1,1,False,1,0,0,0,Q1 2026,0,1,2.6,stock_life_cycles,2026-09-03,Q1 2007 to Q2 2026,78
WEST,Westrock Coffee Co,2024,2025,2,4,1,False,0,1,0,3,,1,-4,2.6,stock_life_cycles,2026-09-03,Q1 2007 to Q2 2026,78
ONCE,Spark Therapeutics Inc.,2019,2019,1,3,1,False,1,1,1,0,Q1 2019,1,1,2.6,stock_life_cycles,2026-09-03,Q1 2007 to Q2 2026,78
OLPX-OLD,Olaplex Holdings Inc.,2024,2024,1,3,1,False,1,1,1,0,Q2 2024,1,1,2.6,stock_life_cycles,2026-09-03,Q1 2007 to Q2 2026,78
OFRM,Once Upon A Farm Pbc,2026,2026,1,1,1,False,1,0,0,0,Q1 2026,0,1,2.6,stock_life_cycles,2026-09-03,Q1 2007 to Q2 2026,78
ZLAB,Zai Lab Ltd,2023,2024,2,6,1,False,0,1,1,4,,1,-4,2.6,stock_life_cycles,2026-09-03,Q1 2007 to Q2 2026,78
GLSTU-OLD,Global Star Acquisition Inc,2022,2022,1,2,1,False,1,1,0,0,Q3 2022,1,0,2.5,stock_life_cycles,2026-09-03,Q1 2007 to Q2 2026,78
XOS,Xos Inc.,2021,2021,1,2,1,False,1,1,0,0,Q1 2021,1,0,2.5,stock_life_cycles,2026-09-03,Q1 2007 to Q2 2026,78
GNK,Genco Shipping & Trading Ltd,2021,2021,1,2,1,False,1,1,0,0,Q1 2021,1,0,2.5,stock_life_cycles,2026-09-03,Q1 2007 to Q2 2026,78
YDLE,Yodlee Inc.,2015,2015,1,2,1,False,1,1,0,0,Q3 2015,1,0,2.5,stock_life_cycles,2026-09-03,Q1 2007 to Q2 2026,78
ABMD-OLD,ABIOMED Inc.,2019,2019,1,2,1,False,1,1,0,0,Q2 2019,1,0,2.5,stock_life_cycles,2026-09-03,Q1 2007 to Q2 2026,78
CRIS,Curis Inc.,2025,2025,1,2,1,False,0,0,1,1,,0,0,2.5,stock_life_cycles,2026-09-03,Q1 2007 to Q2 2026,78
HBI-OLD,Hanesbrands Inc.,2023,2023,1,2,1,False,1,1,0,0,Q2 2023,1,0,2.5,stock_life_cycles,2026-09-03,Q1 2007 to Q2 2026,78
XLU,Utilities Select Sector SPDR,2020,2020,1,2,1,False,1,1,0,0,Q1 2020,1,0,2.5,stock_life_cycles,2026-09-03,Q1 2007 to Q2 2026,78
XNPT,Xenoport Inc.,2009,2009,1,2,1,False,1,1,0,0,Q1 2009,1,0,2.5,stock_life_cycles,2026-09-03,Q1 2007 to Q2 2026,78
LZB,La-Z-Boy Inc.,2025,2025,1,2,1,False,1,1,0,0,Q3 2025,1,0,2.5,stock_life_cycles,2026-09-03,Q1 2007 to Q2 2026,78
MANT-OLD,ManTech International 'A',2013,2013,1,4,1,False,0,1,2,1,,1,0,2.5,stock_life_cycles,2026-09-03,Q1 2007 to Q2 2026,78
MAPP,MAP Pharmaceuticals Inc.,2009,2009,1,2,1,False,1,1,0,0,Q1 2009,1,0,2.5,stock_life_cycles,2026-09-03,Q1 2007 to Q2 2026,78
MARXR-OLD,Mars Acquisition Corp Rights,2023,2023,1,2,1,False,1,1,0,0,Q1 2023,1,0,2.5,stock_life_cycles,2026-09-03,Q1 2007 to Q2 2026,78
SBSW,Sibanye Stillwater Ltd ADR,2023,2023,1,2,1,False,1,1,0,0,Q1 2023,1,0,2.5,stock_life_cycles,2026-09-03,Q1 2007 to Q2 2026,78
TMX-OLD,Terminix Global Holdings Inc.,2017,2017,1,2,1,False,1,1,0,0,Q2 2017,1,0,2.5,stock_life_cycles,2026-09-03,Q1 2007 to Q2 2026,78
TMWEF,TimberWest Forest Corp.,2010,2010,1,2,1,False,1,1,0,0,Q1 2010,1,0,2.5,stock_life_cycles,2026-09-03,Q1 2007 to Q2 2026,78
TMUSR,T-Mobile US Rights,2020,2020,1,2,1,False,1,1,0,0,Q2 2020,1,0,2.5,stock_life_cycles,2026-09-03,Q1 2007 to Q2 2026,78
TMTCU-OLD,Tmt Acquisition Corp,2023,2023,1,2,1,False,1,1,0,0,Q1 2023,1,0,2.5,stock_life_cycles,2026-09-03,Q1 2007 to Q2 2026,78
IYW,Ishares Ustechnology ETF,2023,2023,1,2,1,False,1,1,0,0,Q3 2023,1,0,2.5,stock_life_cycles,2026-09-03,Q1 2007 to Q2 2026,78
BTX,Blackrock Tech & Priv Eqty,2025,2025,1,2,1,False,1,1,0,0,Q2 2025,1,0,2.5,stock_life_cycles,2026-09-03,Q1 2007 to Q2 2026,78
ADVS,Advent Software Inc.,2015,2015,1,2,1,False,1,1,0,0,Q2 2015,1,0,2.5,stock_life_cycles,2026-09-03,Q1 2007 to Q2 2026,78
GLBL2-OLD,TerraForm Global Inc.,2017,2017,1,2,1,False,1,1,0,0,Q3 2017,1,0,2.5,stock_life_cycles,2026-09-03,Q1 2007 to Q2 2026,78
GKNT,Geeknet Inc.,2015,2015,1,2,1,False,1,1,0,0,Q2 2015,1,0,2.5,stock_life_cycles,2026-09-03,Q1 2007 to Q2 2026,78
SCG,SCANA Corp.,2018,2018,1,2,1,False,1,1,0,0,Q1 2018,1,0,2.5,stock_life_cycles,2026-09-03,Q1 2007 to Q2 2026,78
BYND,Beyond Meat Inc.,2019,2019,1,2,1,False,1,1,0,0,Q3 2019,1,0,2.5,stock_life_cycles,2026-09-03,Q1 2007 to Q2 2026,78
BYI,Bally Technologies Inc.,2014,2014,1,2,1,False,1,1,0,0,Q3 2014,1,0,2.5,stock_life_cycles,2026-09-03,Q1 2007 to Q2 2026,78
RARX,Ra Pharmaceuticals Inc.,2020,2020,1,2,1,False,1,1,0,0,Q1 2020,1,0,2.5,stock_life_cycles,2026-09-03,Q1 2007 to Q2 2026,78
RACY-OLD,Relativity Acquisition Cor A,2022,2022,1,2,1,False,1,1,0,0,Q2 2022,1,0,2.5,stock_life_cycles,2026-09-03,Q1 2007 to Q2 2026,78
DNZ.WS,D and Z Media Acquisition Corp. WTS,2021,2021,1,2,1,False,1,1,0,0,Q3 2021,1,0,2.5,stock_life_cycles,2026-09-03,Q1 2007 to Q2 2026,78
DNZ.U,D and Z Media Acquisition Corp. Units,2021,2021,1,2,1,False,1,1,0,0,Q1 2021,1,0,2.5,stock_life_cycles,2026-09-03,Q1 2007 to Q2 2026,78
OXSQ,Oxford Square Capital Corp.,2016,2016,1,2,1,False,1,1,0,0,Q1 2016,1,0,2.5,stock_life_cycles,2026-09-03,Q1 2007 to Q2 2026,78
GBTG,Global Business Travel Group,2021,2021,1,2,1,False,1,1,0,0,Q1 2021,1,0,2.5,stock_life_cycles,2026-09-03,Q1 2007 to Q2 2026,78
LGN,Legence Corp Cl A,2025,2025,1,2,1,False,1,1,0,0,Q3 2025,1,0,2.5,stock_life_cycles,2026-09-03,Q1 2007 to Q2 2026,78
SLDP,Solid Power Inc,2022,2022,1,2,1,False,1,1,0,0,Q3 2022,1,0,2.5,stock_life_cycles,2026-09-03,Q1 2007 to Q2 2026,78
SLAC.U-OLD,Social Leverage Acquisition Corp I Units,2021,2021,1,2,1,False,1,1,0,0,Q1 2021,1,0,2.5,stock_life_cycles,2026-09-03,Q1 2007 to Q2 2026,78
SKWD,Skyward Specialty Insurance,2023,2023,1,2,1,False,1,1,0,0,Q1 2023,1,0,2.5,stock_life_cycles,2026-09-03,Q1 2007 to Q2 2026,78
MSACW-OLD,Medicus Sciences Acquisition Corp. WTS,2021,2021,1,2,1,False,1,1,0,0,Q2 2021,1,0,2.5,stock_life_cycles,2026-09-03,Q1 2007 to Q2 2026,78
CFRSF,Compagnie Financiere Richemont WTS 23,2022,2023,2,5,1,False,0,1,0,4,,1,-5,2.5,stock_life_cycles,2026-09-03,Q1 2007 to Q2 2026,78
EFV,Ishares Msci Eafe Value ETF,2024,2024,1,2,1,False,1,1,0,0,Q3 2024,1,0,2.5,stock_life_cycles,2026-09-03,Q1 2007 to Q2 2026,78
PTWOU-OLD,Pono Capital Two Inc,2022,2022,1,2,1,False,1,1,0,0,Q3 2022,1,0,2.5,stock_life_cycles,2026-09-03,Q1 2007 to Q2 2026,78
SKINW,Beauty Health Company WTS,2021,2021,1,2,1,False,1,1,0,0,Q2 2021,1,0,2.5,stock_life_cycles,2026-09-03,Q1 2007 to Q2 2026,78
SJR-OLD,Shaw Communications Inc.,2021,2021,1,2,1,False,1,1,0,0,Q2 2021,1,0,2.5,stock_life_cycles,2026-09-03,Q1 2007 to Q2 2026,78
SIX-OLD,Six Flags Entertainment Corp.,2020,2020,1,2,1,False,1,1,0,0,Q1 2020,1,0,2.5,stock_life_cycles,2026-09-03,Q1 2007 to Q2 2026,78
ENVX,Enovix Corp,2025,2025,1,2,1,False,1,1,0,0,Q2 2025,1,0,2.5,stock_life_cycles,2026-09-03,Q1 2007 to Q2 2026,78
HMCO-OLD,HumanCo Acquisition Corp.,2021,2021,1,2,1,False,1,1,0,0,Q1 2021,1,0,2.5,stock_life_cycles,2026-09-03,Q1 2007 to Q2 2026,78
HMACU-OLD,Hainan Manaslu Acquisit Unit,2022,2022,1,2,1,False,1,1,0,0,Q3 2022,1,0,2.5,stock_life_cycles,2026-09-03,Q1 2007 to Q2 2026,78
AGC,Altimeter Growth Corp.,2021,2021,1,2,1,False,1,1,0,0,Q1 2021,1,0,2.5,stock_life_cycles,2026-09-03,Q1 2007 to Q2 2026,78
HNST,The Honest Company inc.,2025,2025,1,2,1,False,1,1,0,0,Q2 2025,1,0,2.5,stock_life_cycles,2026-09-03,Q1 2007 to Q2 2026,78
VSPRU,Vesper Healthcare Acquisition Corp. Units,2020,2020,1,2,1,False,1,1,0,0,Q3 2020,1,0,2.5,stock_life_cycles,2026-09-03,Q1 2007 to Q2 2026,78
VRUS,Pharmasset Inc.,2009,2009,1,2,1,False,1,1,0,0,Q1 2009,1,0,2.5,stock_life_cycles,2026-09-03,Q1 2007 to Q2 2026,78
AMAG,AMAG Pharmaceuticals Inc.,2009,2009,1,2,1,False,1,1,0,0,Q1 2009,1,0,2.5,stock_life_cycles,2026-09-03,Q1 2007 to Q2 2026,78
ALTR-OLD2,Altera Corp.,2015,2015,1,2,1,False,1,1,0,0,Q3 2015,1,0,2.5,stock_life_cycles,2026-09-03,Q1 2007 to Q2 2026,78
ALTH,Allos Therapeutics Inc.,2009,2009,1,2,1,False,1,1,0,0,Q1 2009,1,0,2.5,stock_life_cycles,2026-09-03,Q1 2007 to Q2 2026,78
MOBVU-OLD,Mobiv Acquisition Corp,2022,2022,1,2,1,False,1,1,0,0,Q3 2022,1,0,2.5,stock_life_cycles,2026-09-03,Q1 2007 to Q2 2026,78
SMPL.WS,Simply Good Foods Co WTS,2017,2017,1,2,1,False,1,1,0,0,Q3 2017,1,0,2.5,stock_life_cycles,2026-09-03,Q1 2007 to Q2 2026,78
BODI,Beachbody Company Inc.,2021,2021,1,2,1,False,1,1,0,0,Q2 2021,1,0,2.5,stock_life_cycles,2026-09-03,Q1 2007 to Q2 2026,78
LGND,Ligand Pharmaceuticals Inc.,2025,2025,1,2,1,False,1,1,0,0,Q2 2025,1,0,2.5,stock_life_cycles,2026-09-03,Q1 2007 to Q2 2026,78
CBAH.WS,CBRE Acquisition Holdings WTS,2021,2021,1,2,1,False,1,1,0,0,Q1 2021,1,0,2.5,stock_life_cycles,2026-09-03,Q1 2007 to Q2 2026,78
VYGG.WS,Vy Global Growth WTS 010130,2021,2021,1,2,1,False,1,1,0,0,Q2 2021,1,0,2.5,stock_life_cycles,2026-09-03,Q1 2007 to Q2 2026,78
VVX,V2X Inc.,2014,2014,1,2,1,False,1,1,0,0,Q3 2014,1,0,2.5,stock_life_cycles,2026-09-03,Q1 2007 to Q2 2026,78
ALR-OLD,Alere Inc.,2017,2017,1,2,1,False,1,1,0,0,Q3 2017,1,0,2.5,stock_life_cycles,2026-09-03,Q1 2007 to Q2 2026,78
CPWR,Compuware Corp.,2012,2012,1,2,1,False,1,1,0,0,Q2 2012,1,0,2.5,stock_life_cycles,2026-09-03,Q1 2007 to Q2 2026,78
PTHRU,New Horizon Aircraft Ltd Units,2023,2023,1,2,1,False,1,1,0,0,Q1 2023,1,0,2.5,stock_life_cycles,2026-09-03,Q1 2007 to Q2 2026,78
DICE-OLD,DICE Therapeutics Inc.,2023,2023,1,2,1,False,1,1,0,0,Q2 2023,1,0,2.5,stock_life_cycles,2026-09-03,Q1 2007 to Q2 2026,78
MTSR-OLD,Metsera Inc,2025,2025,1,2,1,False,1,1,0,0,Q1 2025,1,0,2.5,stock_life_cycles,2026-09-03,Q1 2007 to Q2 2026,78
ETP-OLD,Energy Transfer Partners LP,2020,2020,1,2,1,False,1,1,0,0,Q1 2020,1,0,2.5,stock_life_cycles,2026-09-03,Q1 2007 to Q2 2026,78
HIW,Highwoods Properties,2024,2025,2,5,1,False,0,1,0,4,,1,-5,2.5,stock_life_cycles,2026-09-03,Q1 2007 to Q2 2026,78
HIMX,Himax Technologies Inc.,2025,2025,1,2,1,False,1,1,0,0,Q1 2025,1,0,2.5,stock_life_cycles,2026-09-03,Q1 2007 to Q2 2026,78
HI-OLD,Hillenbrand Inc.,2023,2023,1,2,1,False,1,1,0,0,Q1 2023,1,0,2.5,stock_life_cycles,2026-09-03,Q1 2007 to Q2 2026,78
HEPS,D Market Electronic Serv ADR,2025,2025,1,2,1,False,1,1,0,0,Q2 2025,1,0,2.5,stock_life_cycles,2026-09-03,Q1 2007 to Q2 2026,78
SHV,Ishares Short Treasury Bond,2023,2023,1,2,1,False,1,1,0,0,Q1 2023,1,0,2.5,stock_life_cycles,2026-09-03,Q1 2007 to Q2 2026,78
SBBP-OLD,Strongbridge Biopharma plc,2021,2021,1,2,1,False,1,1,0,0,Q2 2021,1,0,2.5,stock_life_cycles,2026-09-03,Q1 2007 to Q2 2026,78
SAH,Sonic Automotive Inc.,2025,2025,1,2,1,False,0,1,1,0,,1,0,2.5,stock_life_cycles,2026-09-03,Q1 2007 to Q2 2026,78
HDSN,Hudson Technologies Inc.,2025,2025,1,2,1,False,1,1,0,0,Q2 2025,1,0,2.5,stock_life_cycles,2026-09-03,Q1 2007 to Q2 2026,78
AJRD-OLD,Aerojet Rocketdyne Holdings,2022,2022,1,2,1,False,1,1,0,0,Q3 2022,1,0,2.5,stock_life_cycles,2026-09-03,Q1 2007 to Q2 2026,78
WB-OLD,Wachovia Corp.,2008,2008,1,2,1,False,1,1,0,0,Q3 2008,1,0,2.5,stock_life_cycles,2026-09-03,Q1 2007 to Q2 2026,78
OPAD,Offerpad Solutions Inc.,2021,2021,1,2,1,False,1,1,0,0,Q1 2021,1,0,2.5,stock_life_cycles,2026-09-03,Q1 2007 to Q2 2026,78
ONYX-OLD,Onyx Pharmaceuticals,2013,2013,1,2,1,False,1,1,0,0,Q3 2013,1,0,2.5,stock_life_cycles,2026-09-03,Q1 2007 to Q2 2026,78
BMC,BMC Software,2013,2013,1,2,1,False,1,1,0,0,Q2 2013,1,0,2.5,stock_life_cycles,2026-09-03,Q1 2007 to Q2 2026,78
RXT,Rackspace Technology Inc.,2021,2021,1,2,1,False,1,1,0,0,Q3 2021,1,0,2.5,stock_life_cycles,2026-09-03,Q1 2007 to Q2 2026,78
HSNI,HSN Inc.,2008,2008,1,2,1,False,1,1,0,0,Q3 2008,1,0,2.5,stock_life_cycles,2026-09-03,Q1 2007 to Q2 2026,78
HRG,HRG Group Inc.,2018,2018,1,2,1,False,1,1,0,0,Q2 2018,1,0,2.5,stock_life_cycles,2026-09-03,Q1 2007 to Q2 2026,78
GACQ-OLD,Global Consumer Acquisition Corp.,2022,2022,1,2,1,False,0,1,1,0,,1,0,2.5,stock_life_cycles,2026-09-03,Q1 2007 to Q2 2026,78
AMRN,Amarin Corp.,2020,2020,1,2,1,False,1,1,0,0,Q3 2020,1,0,2.5,stock_life_cycles,2026-09-03,Q1 2007 to Q2 2026,78
DROOF,Deliveroo Plc,2025,2025,1,2,1,False,1,1,0,0,Q2 2025,1,0,2.5,stock_life_cycles,2026-09-03,Q1 2007 to Q2 2026,78
MIK,Michaels Companies Inc.,2020,2020,1,2,1,False,1,1,0,0,Q1 2020,1,0,2.5,stock_life_cycles,2026-09-03,Q1 2007 to Q2 2026,78
RLAY,Relay Therapeutics Inc.,2022,2022,1,2,1,False,1,1,0,0,Q3 2022,1,0,2.5,stock_life_cycles,2026-09-03,Q1 2007 to Q2 2026,78
RITM,Rithm Capital Corp.,2019,2019,1,2,1,False,1,1,0,0,Q1 2019,1,0,2.5,stock_life_cycles,2026-09-03,Q1 2007 to Q2 2026,78
HOT,Starwood Hotels & Resorts,2016,2016,1,2,1,False,1,1,0,0,Q1 2016,1,0,2.5,stock_life_cycles,2026-09-03,Q1 2007 to Q2 2026,78
HOGS,Zhongpin Inc.,2013,2013,1,2,1,False,1,1,0,0,Q1 2013,1,0,2.5,stock_life_cycles,2026-09-03,Q1 2007 to Q2 2026,78
SNAX,Stryve Foods Inc.,2021,2021,1,2,1,False,1,1,0,0,Q3 2021,1,0,2.5,stock_life_cycles,2026-09-03,Q1 2007 to Q2 2026,78
LFG.WS-OLD,Archaea Energy Inc. WTS,2021,2021,1,2,1,False,1,1,0,0,Q3 2021,1,0,2.5,stock_life_cycles,2026-09-03,Q1 2007 to Q2 2026,78
LEV.WS,Lion Electric Company WTS 050626,2021,2021,1,2,1,False,1,1,0,0,Q2 2021,1,0,2.5,stock_life_cycles,2026-09-03,Q1 2007 to Q2 2026,78
ETWO-OLD,E2open Parent Holdings Inc.,2021,2021,1,2,1,False,1,1,0,0,Q1 2021,1,0,2.5,stock_life_cycles,2026-09-03,Q1 2007 to Q2 2026,78
CRBN,iShares MSCI ACWI Low Carbon Target ETF,2021,2021,1,2,1,False,1,1,0,0,Q2 2021,1,0,2.5,stock_life_cycles,2026-09-03,Q1 2007 to Q2 2026,78
NVTRQ,Nuvectra Corp.,2019,2019,1,2,1,False,1,1,0,0,Q3 2019,1,0,2.5,stock_life_cycles,2026-09-03,Q1 2007 to Q2 2026,78
CYH,Community Health Systems,2025,2025,1,2,1,False,1,1,0,0,Q3 2025,1,0,2.5,stock_life_cycles,2026-09-03,Q1 2007 to Q2 2026,78
ANAC,Arctos NorthStar Acquisition Corp.,2021,2021,1,2,1,False,1,1,0,0,Q2 2021,1,0,2.5,stock_life_cycles,2026-09-03,Q1 2007 to Q2 2026,78
BIZD,Vaneck Bdc Income ETF,2025,2025,1,2,1,False,1,1,0,0,Q2 2025,1,0,2.5,stock_life_cycles,2026-09-03,Q1 2007 to Q2 2026,78
SPLP-OLD,Steel Partners Holdings LP Units,2014,2014,1,2,1,False,1,1,0,0,Q1 2014,1,0,2.5,stock_life_cycles,2026-09-03,Q1 2007 to Q2 2026,78
SPIR.WS,Spire Global WTS,2021,2021,1,2,1,False,1,1,0,0,Q3 2021,1,0,2.5,stock_life_cycles,2026-09-03,Q1 2007 to Q2 2026,78
SPAQ.U,SPARTAN Acquisition CORP. III Units,2021,2021,1,2,1,False,1,1,0,0,Q1 2021,1,0,2.5,stock_life_cycles,2026-09-03,Q1 2007 to Q2 2026,78
BLACW-OLD,Bellevue Life Sciences Wrnt,2023,2023,1,2,1,False,1,1,0,0,Q1 2023,1,0,2.5,stock_life_cycles,2026-09-03,Q1 2007 to Q2 2026,78
ETRM-OLD,EnteroMedics Inc.,2009,2009,1,2,1,False,1,1,0,0,Q1 2009,1,0,2.5,stock_life_cycles,2026-09-03,Q1 2007 to Q2 2026,78
SPRD,Spreadtrum Communications Inc.,2013,2013,1,2,1,False,1,1,0,0,Q3 2013,1,0,2.5,stock_life_cycles,2026-09-03,Q1 2007 to Q2 2026,78
BLACR-OLD,Bellevue Life Sciences Rts,2023,2023,1,2,1,False,1,1,0,0,Q1 2023,1,0,2.5,stock_life_cycles,2026-09-03,Q1 2007 to Q2 2026,78
BLAC-OLD,Bellevue Life Sciences Acqui,2023,2023,1,2,1,False,1,1,0,0,Q1 2023,1,0,2.5,stock_life_cycles,2026-09-03,Q1 2007 to Q2 2026,78
SPAC.WS,Spartan Acquisition Corp. III WTS,2021,2021,1,2,1,False,1,1,0,0,Q3 2021,1,0,2.5,stock_life_cycles,2026-09-03,Q1 2007 to Q2 2026,78
SOUN,Soundhound Ai Inc A,2024,2024,1,2,1,False,1,1,0,0,Q1 2024,1,0,2.5,stock_life_cycles,2026-09-03,Q1 2007 to Q2 2026,78
SOLY-OLD,Soliton Inc.,2021,2021,1,2,1,False,1,1,0,0,Q3 2021,1,0,2.5,stock_life_cycles,2026-09-03,Q1 2007 to Q2 2026,78
HUDA-OLD,Hudson Acquisition I Corp,2023,2023,1,2,1,False,1,1,0,0,Q1 2023,1,0,2.5,stock_life_cycles,2026-09-03,Q1 2007 to Q2 2026,78
HSPO-OLD,Horizon Space Acquisition I,2023,2023,1,2,1,False,1,1,0,0,Q1 2023,1,0,2.5,stock_life_cycles,2026-09-03,Q1 2007 to Q2 2026,78
FVAC,Fortress Value Acquisition Corp.,2020,2020,1,2,1,False,1,1,0,0,Q3 2020,1,0,2.5,stock_life_cycles,2026-09-03,Q1 2007 to Q2 2026,78
FTRE,Fortrea Holdings Inc,2024,2024,1,4,1,False,1,1,1,1,Q1 2024,1,0,2.5,stock_life_cycles,2026-09-03,Q1 2007 to Q2 2026,78
KVSA-OLD,Khosla Ventures Acquisition Co.,2021,2021,1,2,1,False,1,1,0,0,Q1 2021,1,0,2.5,stock_life_cycles,2026-09-03,Q1 2007 to Q2 2026,78
KVHI,KVH Industries Inc.,2025,2025,1,2,1,False,0,0,1,1,,0,0,2.5,stock_life_cycles,2026-09-03,Q1 2007 to Q2 2026,78
EVTL,Vertical Aerospace Ltd,2021,2021,1,2,1,False,1,1,0,0,Q1 2021,1,0,2.5,stock_life_cycles,2026-09-03,Q1 2007 to Q2 2026,78
MRAC-OLD,Marquee Raine Acquisition Corp.,2021,2021,1,2,1,False,1,1,0,0,Q1 2021,1,0,2.5,stock_life_cycles,2026-09-03,Q1 2007 to Q2 2026,78
MOMO-OLD,Momo Inc.,2021,2021,1,2,1,False,1,1,0,0,Q1 2021,1,0,2.5,stock_life_cycles,2026-09-03,Q1 2007 to Q2 2026,78
RBAC.U,RedBall Acquisition Corp. Units,2020,2020,1,2,1,False,1,1,0,0,Q3 2020,1,0,2.5,stock_life_cycles,2026-09-03,Q1 2007 to Q2 2026,78
SAFT,Safety Insurance Group,2020,2020,1,2,1,False,1,1,0,0,Q2 2020,1,0,2.5,stock_life_cycles,2026-09-03,Q1 2007 to Q2 2026,78
DISTR-OLD,Distoken Acquisition Corp,2023,2023,1,2,1,False,1,1,0,0,Q1 2023,1,0,2.5,stock_life_cycles,2026-09-03,Q1 2007 to Q2 2026,78
DIST-OLD,Distoken Acquisition Corp,2023,2023,1,2,1,False,1,1,0,0,Q1 2023,1,0,2.5,stock_life_cycles,2026-09-03,Q1 2007 to Q2 2026,78
DISAW-OLD,Disruptive Acq Cl A  WTS26,2023,2023,1,2,1,False,1,1,0,0,Q1 2023,1,0,2.5,stock_life_cycles,2026-09-03,Q1 2007 to Q2 2026,78
PACW-OLD,PacWest Bancorp,2023,2023,1,2,1,False,1,1,0,0,Q1 2023,1,0,2.5,stock_life_cycles,2026-09-03,Q1 2007 to Q2 2026,78
P,Pure Storage Inc.,2025,2025,1,2,1,False,1,1,0,0,Q3 2025,1,0,2.5,stock_life_cycles,2026-09-03,Q1 2007 to Q2 2026,78
IACB.U,ION Acquisition Corp 2 Ltd. Units,2021,2021,1,2,1,False,1,1,0,0,Q1 2021,1,0,2.5,stock_life_cycles,2026-09-03,Q1 2007 to Q2 2026,78
HZON-OLD,Horizon Acquisition Corp. II,2021,2021,1,2,1,False,1,1,0,0,Q1 2021,1,0,2.5,stock_life_cycles,2026-09-03,Q1 2007 to Q2 2026,78
HYG,Ishares Iboxx High Yld Corp,2025,2025,1,2,1,False,1,1,0,0,Q3 2025,1,0,2.5,stock_life_cycles,2026-09-03,Q1 2007 to Q2 2026,78
VIHAW,VPC Impact Acquisition Hldg WTS,2021,2021,1,2,1,False,1,1,0,0,Q1 2021,1,0,2.5,stock_life_cycles,2026-09-03,Q1 2007 to Q2 2026,78
AFSI,AmTrust Financial Services,2018,2018,1,2,1,False,1,1,0,0,Q2 2018,1,0,2.5,stock_life_cycles,2026-09-03,Q1 2007 to Q2 2026,78
WPF,Foley Trasimene Acquisition Corp.,2021,2021,1,2,1,False,1,1,0,0,Q1 2021,1,0,2.5,stock_life_cycles,2026-09-03,Q1 2007 to Q2 2026,78
EFHTU-OLD,Ef Hutton Acquisition Corp I,2022,2022,1,2,1,False,1,1,0,0,Q3 2022,1,0,2.5,stock_life_cycles,2026-09-03,Q1 2007 to Q2 2026,78
RBGPF,Reckitt Benckiser Group Plc,2023,2024,2,5,1,False,0,1,0,4,,1,-5,2.5,stock_life_cycles,2026-09-03,Q1 2007 to Q2 2026,78
CETV,Central European Media Enterprises,2020,2020,1,2,1,False,1,1,0,0,Q2 2020,1,0,2.5,stock_life_cycles,2026-09-03,Q1 2007 to Q2 2026,78
CETUW-OLD,Cetus Capital Acquisition 28,2023,2023,1,2,1,False,1,1,0,0,Q1 2023,1,0,2.5,stock_life_cycles,2026-09-03,Q1 2007 to Q2 2026,78
CETUR-OLD,Cetus Capital Acquisition Co,2023,2023,1,2,1,False,1,1,0,0,Q1 2023,1,0,2.5,stock_life_cycles,2026-09-03,Q1 2007 to Q2 2026,78
SHOE,Shoe Carnival Inc.,2025,2025,1,2,1,False,1,1,0,0,Q2 2025,1,0,2.5,stock_life_cycles,2026-09-03,Q1 2007 to Q2 2026,78
EMCGU-OLD,Embrace Change Acquisition C,2022,2022,1,2,1,False,1,1,0,0,Q3 2022,1,0,2.5,stock_life_cycles,2026-09-03,Q1 2007 to Q2 2026,78
CRHM,CRH Medica Corp.,2021,2021,1,2,1,False,1,1,0,0,Q1 2021,1,0,2.5,stock_life_cycles,2026-09-03,Q1 2007 to Q2 2026,78
OSB,Norbord Inc.,2020,2020,1,2,1,False,1,1,0,0,Q2 2020,1,0,2.5,stock_life_cycles,2026-09-03,Q1 2007 to Q2 2026,78
VNE-OLD,Veoneer Inc.,2022,2022,1,2,1,False,1,1,0,0,Q1 2022,1,0,2.5,stock_life_cycles,2026-09-03,Q1 2007 to Q2 2026,78
CYBR-OLD,Cyberark Software Ltd israel,2025,2025,1,2,1,False,1,1,0,0,Q1 2025,1,0,2.5,stock_life_cycles,2026-09-03,Q1 2007 to Q2 2026,78
CXM,Sprinklr Inc A,2025,2025,1,2,1,False,0,1,1,0,,1,0,2.5,stock_life_cycles,2026-09-03,Q1 2007 to Q2 2026,78
ANAC.WS,Arctos NorthStar Acquisition Corp. WTS,2021,2021,1,2,1,False,1,1,0,0,Q3 2021,1,0,2.5,stock_life_cycles,2026-09-03,Q1 2007 to Q2 2026,78
ANAC.U,Arctos NorthStar Acquisition Corp. Units,2021,2021,1,2,1,False,1,1,0,0,Q1 2021,1,0,2.5,stock_life_cycles,2026-09-03,Q1 2007 to Q2 2026,78
KNTK,Kinetik Holdings Inc.,2025,2025,1,2,1,False,1,1,0,0,Q3 2025,1,0,2.5,stock_life_cycles,2026-09-03,Q1 2007 to Q2 2026,78
PRVB-OLD,Provention Bio Inc.,2023,2023,1,2,1,False,1,1,0,0,Q1 2023,1,0,2.5,stock_life_cycles,2026-09-03,Q1 2007 to Q2 2026,78
MVST,Microvast Holdings Inc.,2025,2025,1,2,1,False,1,1,0,0,Q3 2025,1,0,2.5,stock_life_cycles,2026-09-03,Q1 2007 to Q2 2026,78
DISTW-OLD,Distoken Acquisition Corp 28,2023,2023,1,2,1,False,1,1,0,0,Q1 2023,1,0,2.5,stock_life_cycles,2026-09-03,Q1 2007 to Q2 2026,78
SRUNU,Silver Run Acquisition Corp. U,2017,2017,1,2,1,False,1,1,0,0,Q1 2017,1,0,2.5,stock_life_cycles,2026-09-03,Q1 2007 to Q2 2026,78
EVHC,Envision Healthcare Corp.,2018,2018,1,2,1,False,1,1,0,0,Q2 2018,1,0,2.5,stock_life_cycles,2026-09-03,Q1 2007 to Q2 2026,78
EVGO,Evgo Inc,2025,2025,1,2,1,False,1,1,0,0,Q3 2025,1,0,2.5,stock_life_cycles,2026-09-03,Q1 2007 to Q2 2026,78
KRNT,Kornit Digital Ltd,2025,2025,1,2,1,False,1,1,0,0,Q2 2025,1,0,2.5,stock_life_cycles,2026-09-03,Q1 2007 to Q2 2026,78
SRC-OLD,Spirit Realty Capital Inc.,2017,2017,1,2,1,False,1,1,0,0,Q2 2017,1,0,2.5,stock_life_cycles,2026-09-03,Q1 2007 to Q2 2026,78
STMP,Stamps.com Inc.,2019,2019,1,2,1,False,1,1,0,0,Q1 2019,1,0,2.5,stock_life_cycles,2026-09-03,Q1 2007 to Q2 2026,78
STIC.WS,Northern Star Acquisition Corp. WTS,2021,2021,1,2,1,False,1,1,0,0,Q1 2021,1,0,2.5,stock_life_cycles,2026-09-03,Q1 2007 to Q2 2026,78
STAYX,Sei Tax Advantaged Inc Y,2023,2023,1,2,1,False,1,1,0,0,Q3 2023,1,0,2.5,stock_life_cycles,2026-09-03,Q1 2007 to Q2 2026,78
PPD,PPD Inc.,2021,2021,1,2,1,False,1,1,0,0,Q3 2021,1,0,2.5,stock_life_cycles,2026-09-03,Q1 2007 to Q2 2026,78
KITE,Kite Pharma,2017,2017,1,2,1,False,1,1,0,0,Q3 2017,1,0,2.5,stock_life_cycles,2026-09-03,Q1 2007 to Q2 2026,78
FCF,First Commonwealth Financial,2025,2025,1,2,1,False,1,1,0,0,Q3 2025,1,0,2.5,stock_life_cycles,2026-09-03,Q1 2007 to Q2 2026,78
STRY.WS,Starry Group Holdings  WTS25,2022,2022,1,2,1,False,1,1,0,0,Q1 2022,1,0,2.5,stock_life_cycles,2026-09-03,Q1 2007 to Q2 2026,78
STR-OLD3,Sitio Royaltie,2022,2022,1,2,1,False,1,1,0,0,Q3 2022,1,0,2.5,stock_life_cycles,2026-09-03,Q1 2007 to Q2 2026,78
EGGF.U,EG Acquisition Corp. Units,2021,2021,1,2,1,False,1,1,0,0,Q2 2021,1,0,2.5,stock_life_cycles,2026-09-03,Q1 2007 to Q2 2026,78
RSYS,RadiSys Corp.,2018,2018,1,2,1,False,1,1,0,0,Q3 2018,1,0,2.5,stock_life_cycles,2026-09-03,Q1 2007 to Q2 2026,78
VAPO-OLD,Vapotherm Inc.,2020,2020,1,2,1,False,1,1,0,0,Q3 2020,1,0,2.5,stock_life_cycles,2026-09-03,Q1 2007 to Q2 2026,78
VA,Virgin America Inc.,2016,2016,1,2,1,False,1,1,0,0,Q3 2016,1,0,2.5,stock_life_cycles,2026-09-03,Q1 2007 to Q2 2026,78
ARDT,Ardent Health Inc,2025,2025,1,2,1,False,1,1,0,0,Q2 2025,1,0,2.5,stock_life_cycles,2026-09-03,Q1 2007 to Q2 2026,78
FSRXW-OLD,Finserv Acquisition Co WTS26,2023,2023,1,2,1,False,1,1,0,0,Q1 2023,1,0,2.5,stock_life_cycles,2026-09-03,Q1 2007 to Q2 2026,78
FSRVW,FinServ Acquisition Corp. WTS,2021,2021,1,2,1,False,1,1,0,0,Q1 2021,1,0,2.5,stock_life_cycles,2026-09-03,Q1 2007 to Q2 2026,78
FSK,FS KKR Capital Corp.,2019,2019,1,2,1,False,1,1,0,0,Q1 2019,1,0,2.5,stock_life_cycles,2026-09-03,Q1 2007 to Q2 2026,78
FSCT,Forescout Technologies Inc.,2020,2020,1,2,1,False,1,1,0,0,Q1 2020,1,0,2.5,stock_life_cycles,2026-09-03,Q1 2007 to Q2 2026,78
FRX.WS,Forest Road Acquisition Corp. WTS,2021,2021,1,2,1,False,1,1,0,0,Q1 2021,1,0,2.5,stock_life_cycles,2026-09-03,Q1 2007 to Q2 2026,78
NVDQ-OLD,Novadaq Technologies Inc.,2013,2013,1,2,1,False,0,1,1,0,,1,0,2.5,stock_life_cycles,2026-09-03,Q1 2007 to Q2 2026,78
QQEW,First Trust Nasdq 100 Eq Wei,2025,2025,1,2,1,False,1,1,0,0,Q3 2025,1,0,2.5,stock_life_cycles,2026-09-03,Q1 2007 to Q2 2026,78
QCOR,Questcor Pharmaceuticals,2014,2014,1,2,1,False,1,1,0,0,Q2 2014,1,0,2.5,stock_life_cycles,2026-09-03,Q1 2007 to Q2 2026,78
PAG,Penske Automotive Group,2025,2025,1,2,1,False,1,1,0,0,Q3 2025,1,0,2.5,stock_life_cycles,2026-09-03,Q1 2007 to Q2 2026,78
IBTA,Ibotta Inc Cl A,2024,2024,1,2,1,False,1,1,0,0,Q2 2024,1,0,2.5,stock_life_cycles,2026-09-03,Q1 2007 to Q2 2026,78
IBA-OLD,Industrias Bachoco SAB de CV,2022,2022,1,2,1,False,1,1,0,0,Q1 2022,1,0,2.5,stock_life_cycles,2026-09-03,Q1 2007 to Q2 2026,78
APSG.WS,Apollo Strategic Growth Capital WTS,2021,2021,1,2,1,False,1,1,0,0,Q3 2021,1,0,2.5,stock_life_cycles,2026-09-03,Q1 2007 to Q2 2026,78
APPF,AppFolio Inc. CL A,2025,2025,1,2,1,False,1,1,0,0,Q3 2025,1,0,2.5,stock_life_cycles,2026-09-03,Q1 2007 to Q2 2026,78
MDP,Meredith Corp.,2021,2021,1,2,1,False,1,1,0,0,Q1 2021,1,0,2.5,stock_life_cycles,2026-09-03,Q1 2007 to Q2 2026,78
EE,El Paso Electric,2020,2020,1,2,1,False,1,1,0,0,Q2 2020,1,0,2.5,stock_life_cycles,2026-09-03,Q1 2007 to Q2 2026,78
BCAB,Bioatla Inc,2024,2024,1,2,1,False,1,1,0,0,Q2 2024,1,0,2.5,stock_life_cycles,2026-09-03,Q1 2007 to Q2 2026,78
SUSS,Susser Holdings Corp.,2014,2014,1,2,1,False,1,1,0,0,Q2 2014,1,0,2.5,stock_life_cycles,2026-09-03,Q1 2007 to Q2 2026,78
EWW,Ishares Msci Mexico ETF,2024,2024,1,2,1,False,1,1,0,0,Q1 2024,1,0,2.5,stock_life_cycles,2026-09-03,Q1 2007 to Q2 2026,78
EWJV,Ishares Msci Japan Value ETF,2023,2023,1,2,1,False,1,1,0,0,Q2 2023,1,0,2.5,stock_life_cycles,2026-09-03,Q1 2007 to Q2 2026,78
FATP-OLD,Fat Projects Acquisition Cor,2023,2023,1,2,1,False,0,1,1,0,,1,0,2.5,stock_life_cycles,2026-09-03,Q1 2007 to Q2 2026,78
KEA,Keane Group Inc,2018,2018,1,2,1,False,0,1,1,0,,1,0,2.5,stock_life_cycles,2026-09-03,Q1 2007 to Q2 2026,78
NATI-OLD,National Instruments,2023,2023,1,2,1,False,1,1,0,0,Q1 2023,1,0,2.5,stock_life_cycles,2026-09-03,Q1 2007 to Q2 2026,78
POST,Post Holdings,2022,2022,1,2,1,False,1,1,0,0,Q1 2022,1,0,2.5,stock_life_cycles,2026-09-03,Q1 2007 to Q2 2026,78
POND.UN-OLD,Angel Pond Holdings Units,2021,2021,1,2,1,False,1,1,0,0,Q2 2021,1,0,2.5,stock_life_cycles,2026-09-03,Q1 2007 to Q2 2026,78
CORE,Core Mark Holding Co. Inc.,2021,2021,1,2,1,False,1,1,0,0,Q1 2021,1,0,2.5,stock_life_cycles,2026-09-03,Q1 2007 to Q2 2026,78
CWGL,Crimson Wine Group,2013,2013,1,2,1,False,1,1,0,0,Q1 2013,1,0,2.5,stock_life_cycles,2026-09-03,Q1 2007 to Q2 2026,78
OS-OLD,Onestream Inc,2024,2024,1,2,1,False,1,1,0,0,Q3 2024,1,0,2.5,stock_life_cycles,2026-09-03,Q1 2007 to Q2 2026,78
ORBS,Eightco Holdings Inc,2025,2025,1,2,1,False,1,1,0,0,Q3 2025,1,0,2.5,stock_life_cycles,2026-09-03,Q1 2007 to Q2 2026,78
CVT-OLD,Cvent Inc.,2016,2016,1,2,1,False,1,1,0,0,Q2 2016,1,0,2.5,stock_life_cycles,2026-09-03,Q1 2007 to Q2 2026,78
OAKUU-OLD,Oak Woods Acquisition Corp,2023,2023,1,2,1,False,1,1,0,0,Q1 2023,1,0,2.5,stock_life_cycles,2026-09-03,Q1 2007 to Q2 2026,78
GENI.WS,Genius Sports Ltd WTS 043036,2021,2021,1,2,1,False,1,1,0,0,Q2 2021,1,0,2.5,stock_life_cycles,2026-09-03,Q1 2007 to Q2 2026,78
SCYX,SCYNEXIS Inc.,2021,2021,1,2,1,False,1,1,0,0,Q3 2021,1,0,2.5,stock_life_cycles,2026-09-03,Q1 2007 to Q2 2026,78
SCJ,Ishares Msci Japan Small Cap,2023,2023,1,2,1,False,1,1,0,0,Q2 2023,1,0,2.5,stock_life_cycles,2026-09-03,Q1 2007 to Q2 2026,78
SCHX,Schwab Us Large Cap ETF,2025,2025,1,2,1,False,1,1,0,0,Q1 2025,1,0,2.5,stock_life_cycles,2026-09-03,Q1 2007 to Q2 2026,78
SCHJ,Schwab 1 5 Yr Corp Bnd ETF,2024,2024,1,2,1,False,1,1,0,0,Q3 2024,1,0,2.5,stock_life_cycles,2026-09-03,Q1 2007 to Q2 2026,78
BSN.WS,Broadstone Acquisition Corp. WTS,2021,2021,1,2,1,False,1,1,0,0,Q1 2021,1,0,2.5,stock_life_cycles,2026-09-03,Q1 2007 to Q2 2026,78
SFD,Smithfield Foods,2025,2025,1,2,1,False,1,1,0,0,Q3 2025,1,0,2.5,stock_life_cycles,2026-09-03,Q1 2007 to Q2 2026,78
SEZL,Sezzle Inc,2025,2025,1,2,1,False,1,1,0,0,Q2 2025,1,0,2.5,stock_life_cycles,2026-09-03,Q1 2007 to Q2 2026,78
IIAC,Investindustrial Acquisition Corp.,2021,2021,1,2,1,False,1,1,0,0,Q1 2021,1,0,2.5,stock_life_cycles,2026-09-03,Q1 2007 to Q2 2026,78
RPLA,Replay Acquisition Corp.,2021,2021,1,2,1,False,1,1,0,0,Q1 2021,1,0,2.5,stock_life_cycles,2026-09-03,Q1 2007 to Q2 2026,78
RP,RealPage Inc.,2021,2021,1,2,1,False,1,1,0,0,Q1 2021,1,0,2.5,stock_life_cycles,2026-09-03,Q1 2007 to Q2 2026,78
ROVR-OLD,Rover Group Inc.,2021,2021,1,2,1,False,1,1,0,0,Q1 2021,1,0,2.5,stock_life_cycles,2026-09-03,Q1 2007 to Q2 2026,78
ROT.U-OLD,Rotor Acquisition Corp. Units,2021,2021,1,2,1,False,1,1,0,0,Q1 2021,1,0,2.5,stock_life_cycles,2026-09-03,Q1 2007 to Q2 2026,78
IDTI,Integrated Device Technology,2019,2019,1,2,1,False,1,1,0,0,Q1 2019,1,0,2.5,stock_life_cycles,2026-09-03,Q1 2007 to Q2 2026,78
IDIX,Idenix Pharmaceuticals Inc.,2014,2014,1,2,1,False,1,1,0,0,Q2 2014,1,0,2.5,stock_life_cycles,2026-09-03,Q1 2007 to Q2 2026,78
FTCV-OLD,FinTech Acquisition Corp. V,2021,2021,1,2,1,False,1,1,0,0,Q1 2021,1,0,2.5,stock_life_cycles,2026-09-03,Q1 2007 to Q2 2026,78
ARCE-OLD,Arco Platform Ltd,2023,2023,1,2,1,False,1,1,0,0,Q2 2023,1,0,2.5,stock_life_cycles,2026-09-03,Q1 2007 to Q2 2026,78
KBWB,Invesco Kbw Bank ETF,2023,2023,1,2,1,False,1,1,0,0,Q3 2023,1,0,2.5,stock_life_cycles,2026-09-03,Q1 2007 to Q2 2026,78
BCR,Bard (C.R.) Inc.,2012,2013,2,5,1,False,0,1,0,4,,1,-5,2.5,stock_life_cycles,2026-09-03,Q1 2007 to Q2 2026,78
RUE,Rue21 Inc.,2013,2013,1,2,1,False,1,1,0,0,Q3 2013,1,0,2.5,stock_life_cycles,2026-09-03,Q1 2007 to Q2 2026,78
EAT,Brinker International,2025,2025,1,2,1,False,1,1,0,0,Q3 2025,1,0,2.5,stock_life_cycles,2026-09-03,Q1 2007 to Q2 2026,78
MCACU-OLD,Monterey Capital Acquisition,2022,2022,1,2,1,False,1,1,0,0,Q2 2022,1,0,2.5,stock_life_cycles,2026-09-03,Q1 2007 to Q2 2026,78
BBUC,Brookfield Business Partners LP,2016,2016,1,2,1,False,1,1,0,0,Q2 2016,1,0,2.5,stock_life_cycles,2026-09-03,Q1 2007 to Q2 2026,78
BARK.WS,Original BARK Co WTS 050126,2021,2021,1,2,1,False,1,1,0,0,Q2 2021,1,0,2.5,stock_life_cycles,2026-09-03,Q1 2007 to Q2 2026,78
USHY,Ishares Broad Usd High Yield,2025,2025,1,2,1,False,1,1,0,0,Q3 2025,1,0,2.5,stock_life_cycles,2026-09-03,Q1 2007 to Q2 2026,78
PNTM.WS,Pontem Corp. WTS,2021,2021,1,2,1,False,1,1,0,0,Q3 2021,1,0,2.5,stock_life_cycles,2026-09-03,Q1 2007 to Q2 2026,78
PNTM,Pontem Corp.,2021,2021,1,2,1,False,1,1,0,0,Q1 2021,1,0,2.5,stock_life_cycles,2026-09-03,Q1 2007 to Q2 2026,78
PMMF,Ishrs Prime Mmkt ETF,2025,2025,1,2,1,False,1,1,0,0,Q1 2025,1,0,2.5,stock_life_cycles,2026-09-03,Q1 2007 to Q2 2026,78
PMDI,Psychemedics Corp.,2007,2007,1,2,1,False,1,1,0,0,Q3 2007,1,0,2.5,stock_life_cycles,2026-09-03,Q1 2007 to Q2 2026,78
TECD,Tech Data Corp.,2018,2018,1,2,1,False,1,1,0,0,Q3 2018,1,0,2.5,stock_life_cycles,2026-09-03,Q1 2007 to Q2 2026,78
JOUT,Johnson Outdoors Inc.,2025,2025,1,2,1,False,0,0,1,1,,0,0,2.5,stock_life_cycles,2026-09-03,Q1 2007 to Q2 2026,78
NEO,NeoGenomics Inc.,2025,2025,1,2,1,False,1,1,0,0,Q2 2025,1,0,2.5,stock_life_cycles,2026-09-03,Q1 2007 to Q2 2026,78
NDACW,NightDragon Acquisition Corp. WTS,2021,2021,1,2,1,False,1,1,0,0,Q2 2021,1,0,2.5,stock_life_cycles,2026-09-03,Q1 2007 to Q2 2026,78
NDACU,NightDragon Acquisition Corp. Units,2021,2021,1,2,1,False,1,1,0,0,Q1 2021,1,0,2.5,stock_life_cycles,2026-09-03,Q1 2007 to Q2 2026,78
NDAC-OLD,NightDragon Acquisition Corp.,2021,2021,1,2,1,False,1,1,0,0,Q2 2021,1,0,2.5,stock_life_cycles,2026-09-03,Q1 2007 to Q2 2026,78
TCMD,Tactile Systems Technology Inc.,2025,2025,1,2,1,False,1,1,0,0,Q2 2025,1,0,2.5,stock_life_cycles,2026-09-03,Q1 2007 to Q2 2026,78
TBT,ProShares UltraShort 20+ Year Treasury,2021,2021,1,2,1,False,1,1,0,0,Q1 2021,1,0,2.5,stock_life_cycles,2026-09-03,Q1 2007 to Q2 2026,78
TBRA,Tobira Therapeutics Inc.,2016,2016,1,2,1,False,1,1,0,0,Q3 2016,1,0,2.5,stock_life_cycles,2026-09-03,Q1 2007 to Q2 2026,78
JWSMF.U,Jaws Mustang Acquisition Corp. Units,2021,2021,1,2,1,False,1,1,0,0,Q1 2021,1,0,2.5,stock_life_cycles,2026-09-03,Q1 2007 to Q2 2026,78
IIAC.WS,Investindustrial Acquisition Corp. WTS,2021,2021,1,2,1,False,1,1,0,0,Q1 2021,1,0,2.5,stock_life_cycles,2026-09-03,Q1 2007 to Q2 2026,78
CS-OLD,Credit Suisse Group,2022,2022,1,2,1,False,1,1,0,0,Q3 2022,1,0,2.5,stock_life_cycles,2026-09-03,Q1 2007 to Q2 2026,78
ARRY,Array BioPharma Inc.,2019,2019,1,2,1,False,1,1,0,0,Q2 2019,1,0,2.5,stock_life_cycles,2026-09-03,Q1 2007 to Q2 2026,78
ARNC-OLD,Arconic Corp.,2020,2020,1,2,1,False,1,1,0,0,Q1 2020,1,0,2.5,stock_life_cycles,2026-09-03,Q1 2007 to Q2 2026,78
WHWK,Aerpio Pharmaceuticals Inc.,2021,2021,1,2,1,False,1,1,0,0,Q1 2021,1,0,2.5,stock_life_cycles,2026-09-03,Q1 2007 to Q2 2026,78
WM-OLD,Washington Mutual,2008,2008,1,2,1,False,1,1,0,0,Q1 2008,1,0,2.5,stock_life_cycles,2026-09-03,Q1 2007 to Q2 2026,78
WLY,John Wiley & Sons Inc. 'A',2025,2025,1,2,1,False,1,1,0,0,Q1 2025,1,0,2.5,stock_life_cycles,2026-09-03,Q1 2007 to Q2 2026,78
AIZ,Assurant Inc.,2013,2013,1,2,1,False,1,1,0,0,Q1 2013,1,0,2.5,stock_life_cycles,2026-09-03,Q1 2007 to Q2 2026,78
HCICU-OLD,Hennessy Capital Inv Corp. V Units,2021,2021,1,2,1,False,1,1,0,0,Q1 2021,1,0,2.5,stock_life_cycles,2026-09-03,Q1 2007 to Q2 2026,78
DMYD.WS,dMY Technology Group II WTS,2021,2021,1,2,1,False,1,1,0,0,Q1 2021,1,0,2.5,stock_life_cycles,2026-09-03,Q1 2007 to Q2 2026,78
MRX,Marex Group Plc,2025,2025,1,2,1,False,1,1,0,0,Q2 2025,1,0,2.5,stock_life_cycles,2026-09-03,Q1 2007 to Q2 2026,78
SEAH,Sports Entertainment Acquisition Corp.,2021,2021,1,2,1,False,1,1,0,0,Q1 2021,1,0,2.5,stock_life_cycles,2026-09-03,Q1 2007 to Q2 2026,78
SDCCQ,SmileDirectClub Inc.,2023,2023,1,2,1,False,1,1,0,0,Q1 2023,1,0,2.5,stock_life_cycles,2026-09-03,Q1 2007 to Q2 2026,78
EHAB-OLD,Enhabit Inc,2022,2022,1,2,1,False,1,1,0,0,Q3 2022,1,0,2.5,stock_life_cycles,2026-09-03,Q1 2007 to Q2 2026,78
LXK,Lexmark Int'l Inc.,2016,2016,1,2,1,False,1,1,0,0,Q2 2016,1,0,2.5,stock_life_cycles,2026-09-03,Q1 2007 to Q2 2026,78
LVRAU,Levere Holdings Corp. Units,2021,2021,1,2,1,False,1,1,0,0,Q1 2021,1,0,2.5,stock_life_cycles,2026-09-03,Q1 2007 to Q2 2026,78
ARBK,Argo Blockchain Plc,2021,2021,1,2,1,False,1,1,0,0,Q3 2021,1,0,2.5,stock_life_cycles,2026-09-03,Q1 2007 to Q2 2026,78
IMMU,Immunomedics Inc.,2020,2020,1,2,1,False,1,1,0,0,Q3 2020,1,0,2.5,stock_life_cycles,2026-09-03,Q1 2007 to Q2 2026,78
CNSL-OLD,Consolidated Communications Holdings Inc.,2023,2023,1,2,1,False,1,1,0,0,Q2 2023,1,0,2.5,stock_life_cycles,2026-09-03,Q1 2007 to Q2 2026,78
CNR-OLD,Cornerstone Building Brands Inc.,2019,2019,1,2,1,False,1,1,0,0,Q3 2019,1,0,2.5,stock_life_cycles,2026-09-03,Q1 2007 to Q2 2026,78
CS,Credit Suisse Group,2021,2021,1,2,1,False,1,1,0,0,Q2 2021,1,0,2.5,stock_life_cycles,2026-09-03,Q1 2007 to Q2 2026,78
JCAP,Jernigan Capital Inc.,2020,2020,1,2,1,False,0,1,1,0,,1,0,2.5,stock_life_cycles,2026-09-03,Q1 2007 to Q2 2026,78
FLFVU-OLD,Feutune Light Acquisition Co,2022,2022,1,2,1,False,1,1,0,0,Q2 2022,1,0,2.5,stock_life_cycles,2026-09-03,Q1 2007 to Q2 2026,78
TFIN,Triumph Financial Inc.,2025,2025,1,2,1,False,1,1,0,0,Q2 2025,1,0,2.5,stock_life_cycles,2026-09-03,Q1 2007 to Q2 2026,78
DAC,Danaos Corp.,2024,2024,1,2,1,False,1,1,0,0,Q3 2024,1,0,2.5,stock_life_cycles,2026-09-03,Q1 2007 to Q2 2026,78
IILG,Interval Leisure Group Inc.,2008,2008,1,2,1,False,1,1,0,0,Q3 2008,1,0,2.5,stock_life_cycles,2026-09-03,Q1 2007 to Q2 2026,78
ARKK,Ark Innovation ETF,2023,2023,1,2,1,False,1,1,0,0,Q1 2023,1,0,2.5,stock_life_cycles,2026-09-03,Q1 2007 to Q2 2026,78
RONI.U-OLD,Rice Acquisition Corp. II Units,2021,2021,1,2,1,False,1,1,0,0,Q2 2021,1,0,2.5,stock_life_cycles,2026-09-03,Q1 2007 to Q2 2026,78
CCC-OLD,Churchill Capital Corp.,2019,2019,1,2,1,False,1,1,0,0,Q1 2019,1,0,2.5,stock_life_cycles,2026-09-03,Q1 2007 to Q2 2026,78
RHHBY,Roche Holding AG ADR,2023,2023,1,2,1,False,1,1,0,0,Q2 2023,1,0,2.5,stock_life_cycles,2026-09-03,Q1 2007 to Q2 2026,78
ACR,ACRES Commercial Realty Corp.,2025,2025,1,2,1,False,1,1,0,0,Q3 2025,1,0,2.5,stock_life_cycles,2026-09-03,Q1 2007 to Q2 2026,78
ACI-OLD,Arch Coal,2017,2017,1,2,1,False,1,1,0,0,Q3 2017,1,0,2.5,stock_life_cycles,2026-09-03,Q1 2007 to Q2 2026,78
GTIV,Gentiva Health Services,2014,2014,1,2,1,False,1,1,0,0,Q2 2014,1,0,2.5,stock_life_cycles,2026-09-03,Q1 2007 to Q2 2026,78
INTA,Intapp Inc,2025,2025,1,2,1,False,1,1,0,0,Q2 2025,1,0,2.5,stock_life_cycles,2026-09-03,Q1 2007 to Q2 2026,78
INT-OLD,World Fuel Services,2012,2012,1,2,1,False,1,1,0,0,Q2 2012,1,0,2.5,stock_life_cycles,2026-09-03,Q1 2007 to Q2 2026,78
CNGL,Canna Global Acquisitio Cl A,2022,2022,1,2,1,False,0,1,1,0,,1,0,2.5,stock_life_cycles,2026-09-03,Q1 2007 to Q2 2026,78
CMRE,Costamare Inc,2023,2023,1,2,1,False,1,1,0,0,Q2 2023,1,0,2.5,stock_life_cycles,2026-09-03,Q1 2007 to Q2 2026,78
PETQ-OLD,PetIQ Inc.,2019,2019,1,2,1,False,1,1,0,0,Q1 2019,1,0,2.5,stock_life_cycles,2026-09-03,Q1 2007 to Q2 2026,78
DBD,Diebold Nixdorf Inc,2023,2023,1,2,1,False,1,1,0,0,Q3 2023,1,0,2.5,stock_life_cycles,2026-09-03,Q1 2007 to Q2 2026,78
ARHS,Arhaus Inc,2025,2025,1,2,1,False,1,1,0,0,Q2 2025,1,0,2.5,stock_life_cycles,2026-09-03,Q1 2007 to Q2 2026,78
RDEA,Ardea Biosciences Inc.,2009,2009,1,2,1,False,1,1,0,0,Q1 2009,1,0,2.5,stock_life_cycles,2026-09-03,Q1 2007 to Q2 2026,78
AUS.U,Austerlitz Acquisition Corp I Units,2021,2021,1,2,1,False,1,1,0,0,Q1 2021,1,0,2.5,stock_life_cycles,2026-09-03,Q1 2007 to Q2 2026,78
AUS-OLD,Austerlitz Acquisition Corp. I,2021,2021,1,2,1,False,1,1,0,0,Q2 2021,1,0,2.5,stock_life_cycles,2026-09-03,Q1 2007 to Q2 2026,78
TIBX,TIBCO Software,2013,2013,1,2,1,False,1,1,0,0,Q1 2013,1,0,2.5,stock_life_cycles,2026-09-03,Q1 2007 to Q2 2026,78
UDMY-OLD,Udemy Inc,2025,2025,1,2,1,False,1,1,0,0,Q3 2025,1,0,2.5,stock_life_cycles,2026-09-03,Q1 2007 to Q2 2026,78
FOREU,Foresight Acquisition Corp. Units,2021,2021,1,2,1,False,1,1,0,0,Q1 2021,1,0,2.5,stock_life_cycles,2026-09-03,Q1 2007 to Q2 2026,78
INGN,Inogen Inc.,2021,2021,1,2,1,False,1,1,0,0,Q3 2021,1,0,2.5,stock_life_cycles,2026-09-03,Q1 2007 to Q2 2026,78
ASA,ASA Gold and Precious Metals Ltd,2015,2015,1,2,1,False,1,1,0,0,Q3 2015,1,0,2.5,stock_life_cycles,2026-09-03,Q1 2007 to Q2 2026,78
ARYX,ARYx Therapeutics Inc.,2009,2009,1,2,1,False,1,1,0,0,Q1 2009,1,0,2.5,stock_life_cycles,2026-09-03,Q1 2007 to Q2 2026,78
TMC,TMC the metals company Inc.,2023,2023,1,2,1,False,1,1,0,0,Q1 2023,1,0,2.5,stock_life_cycles,2026-09-03,Q1 2007 to Q2 2026,78
IXN,Ishares Global Tech ETF,2025,2025,1,2,1,False,0,0,1,1,,0,0,2.5,stock_life_cycles,2026-09-03,Q1 2007 to Q2 2026,78
NRIM,Northrim BanCorp Inc.,2022,2022,1,2,1,False,1,1,0,0,Q1 2022,1,0,2.5,stock_life_cycles,2026-09-03,Q1 2007 to Q2 2026,78
ASIC,Ategrity Specialty Holdings,2025,2025,1,2,1,False,1,1,0,0,Q2 2025,1,0,2.5,stock_life_cycles,2026-09-03,Q1 2007 to Q2 2026,78
TTM-OLD,Tata Motors Ltd.,2015,2015,1,2,1,False,1,1,0,0,Q3 2015,1,0,2.5,stock_life_cycles,2026-09-03,Q1 2007 to Q2 2026,78
TSIBW,Tishman Speyer Innovation Corp. II WTS,2021,2021,1,2,1,False,1,1,0,0,Q2 2021,1,0,2.5,stock_life_cycles,2026-09-03,Q1 2007 to Q2 2026,78
TSIB-OLD,Tishman Speyer Innovation Corp. II,2021,2021,1,2,1,False,1,1,0,0,Q2 2021,1,0,2.5,stock_life_cycles,2026-09-03,Q1 2007 to Q2 2026,78
UCO,Proshares Ultra Bloomberg Cr,2022,2022,1,2,1,False,1,1,0,0,Q2 2022,1,0,2.5,stock_life_cycles,2026-09-03,Q1 2007 to Q2 2026,78
TUYA,Tuya Inc.,2021,2021,1,2,1,False,1,1,0,0,Q1 2021,1,0,2.5,stock_life_cycles,2026-09-03,Q1 2007 to Q2 2026,78
TLGA-OLD,TLG Acquisition One Corp.,2021,2021,1,2,1,False,1,1,0,0,Q1 2021,1,0,2.5,stock_life_cycles,2026-09-03,Q1 2007 to Q2 2026,78
TKTM,Ticketmaster,2008,2008,1,2,1,False,1,1,0,0,Q3 2008,1,0,2.5,stock_life_cycles,2026-09-03,Q1 2007 to Q2 2026,78
AVBP,Arrivent Biopharma Inc,2025,2025,1,2,1,False,1,1,0,0,Q2 2025,1,0,2.5,stock_life_cycles,2026-09-03,Q1 2007 to Q2 2026,78
AUXL,Auxilium Pharmaceuticals Inc.,2009,2009,1,2,1,False,1,1,0,0,Q1 2009,1,0,2.5,stock_life_cycles,2026-09-03,Q1 2007 to Q2 2026,78
AUS.WS,Austerlitz Acquisition Corp. I WTS 021926,2021,2021,1,2,1,False,1,1,0,0,Q2 2021,1,0,2.5,stock_life_cycles,2026-09-03,Q1 2007 to Q2 2026,78
IYR,iShares U.S. Real Estate ETF,2020,2020,1,2,1,False,1,1,0,0,Q1 2020,1,0,2.5,stock_life_cycles,2026-09-03,Q1 2007 to Q2 2026,78
ASTRW-OLD,Astra Space Inc. WTS,2021,2021,1,2,1,False,1,1,0,0,Q1 2021,1,0,2.5,stock_life_cycles,2026-09-03,Q1 2007 to Q2 2026,78
DNR,Denbury Resources Inc.,2020,2020,1,2,1,False,1,1,0,0,Q2 2020,1,0,2.5,stock_life_cycles,2026-09-03,Q1 2007 to Q2 2026,78
DNMR.WS,Danimer Scientific Inc. WTS,2021,2021,1,2,1,False,1,1,0,0,Q1 2021,1,0,2.5,stock_life_cycles,2026-09-03,Q1 2007 to Q2 2026,78
DSHK-OLD,Drive Shack Inc.,2022,2022,1,2,1,False,1,1,0,0,Q2 2022,1,0,2.5,stock_life_cycles,2026-09-03,Q1 2007 to Q2 2026,78
ACTDU,ArcLight Clean Transition Corp. II Units,2021,2021,1,2,1,False,1,1,0,0,Q1 2021,1,0,2.5,stock_life_cycles,2026-09-03,Q1 2007 to Q2 2026,78
NKLAQ-OLD,Nikola Corp.,2020,2020,1,2,1,False,1,1,0,0,Q2 2020,1,0,2.5,stock_life_cycles,2026-09-03,Q1 2007 to Q2 2026,78
ITA,Ishares U.S. Aerospace & Def,2025,2025,1,2,1,False,1,1,0,0,Q1 2025,1,0,2.5,stock_life_cycles,2026-09-03,Q1 2007 to Q2 2026,78
ISR,IsoRay Inc.,2007,2007,1,2,1,False,1,1,0,0,Q3 2007,1,0,2.5,stock_life_cycles,2026-09-03,Q1 2007 to Q2 2026,78
PHR,Phreesia Inc.,2025,2025,1,2,1,False,1,1,0,0,Q2 2025,1,0,2.5,stock_life_cycles,2026-09-03,Q1 2007 to Q2 2026,78
PHI,Philippine Long Distance Tel. Co.,2008,2008,1,2,1,False,1,1,0,0,Q3 2008,1,0,2.5,stock_life_cycles,2026-09-03,Q1 2007 to Q2 2026,78
NPA,New Providence Acquisition CL A,2021,2021,1,2,1,False,1,1,0,0,Q1 2021,1,0,2.5,stock_life_cycles,2026-09-03,Q1 2007 to Q2 2026,78
CMLTU-OLD,CM Life Sciences III Inc. Units,2021,2021,1,2,1,False,1,1,0,0,Q2 2021,1,0,2.5,stock_life_cycles,2026-09-03,Q1 2007 to Q2 2026,78
CMED,China Medical Technologies Inc.,2009,2009,1,2,1,False,1,1,0,0,Q1 2009,1,0,2.5,stock_life_cycles,2026-09-03,Q1 2007 to Q2 2026,78
NGD-OLD,New Gold Inc.,2021,2021,1,2,1,False,1,1,0,0,Q2 2021,1,0,2.5,stock_life_cycles,2026-09-03,Q1 2007 to Q2 2026,78
NGAB.U,Northern Genesis Acquisition Corp. II Units,2021,2021,1,2,1,False,1,1,0,0,Q1 2021,1,0,2.5,stock_life_cycles,2026-09-03,Q1 2007 to Q2 2026,78
NFE,New Fortress Energy Inc. CL A,2025,2025,1,2,1,False,1,1,0,0,Q1 2025,1,0,2.5,stock_life_cycles,2026-09-03,Q1 2007 to Q2 2026,78
NEX-OLD,NexTier Oilfield Solutions Inc.,2023,2023,1,2,1,False,1,1,0,0,Q2 2023,1,0,2.5,stock_life_cycles,2026-09-03,Q1 2007 to Q2 2026,78
BWCAU-OLD,Blue Whale Acquisition Corp I Units,2021,2021,1,2,1,False,1,1,0,0,Q3 2021,1,0,2.5,stock_life_cycles,2026-09-03,Q1 2007 to Q2 2026,78
AET,Aetna Inc.,2018,2018,1,4,1,False,1,1,1,1,Q1 2018,1,0,2.5,stock_life_cycles,2026-09-03,Q1 2007 to Q2 2026,78
GGB,Gerdau S.A.,2024,2024,1,2,1,False,1,1,0,0,Q2 2024,1,0,2.5,stock_life_cycles,2026-09-03,Q1 2007 to Q2 2026,78
ACEV.WS,ACE Convergence Acq. Corp. WTS,2021,2021,1,2,1,False,1,1,0,0,Q1 2021,1,0,2.5,stock_life_cycles,2026-09-03,Q1 2007 to Q2 2026,78
MLR,Miller Industries Inc.,2025,2025,1,2,1,False,1,1,0,0,Q2 2025,1,0,2.5,stock_life_cycles,2026-09-03,Q1 2007 to Q2 2026,78
GRND,Grindr Inc,2025,2025,1,2,1,False,0,1,1,0,,1,0,2.5,stock_life_cycles,2026-09-03,Q1 2007 to Q2 2026,78
XOG,Extraction Oil & Gas LLC,2021,2021,1,4,1,False,1,1,1,1,Q1 2021,1,0,2.5,stock_life_cycles,2026-09-03,Q1 2007 to Q2 2026,78
TPGY.WS,TPG Pace Beneficial Finance WTS,2021,2021,1,2,1,False,1,1,0,0,Q1 2021,1,0,2.5,stock_life_cycles,2026-09-03,Q1 2007 to Q2 2026,78
TPCO,Tribune Publishing Co.,2019,2019,1,2,1,False,1,1,0,0,Q2 2019,1,0,2.5,stock_life_cycles,2026-09-03,Q1 2007 to Q2 2026,78
TOON,Kartoon Studios Inc.,2022,2022,1,2,1,False,1,1,0,0,Q2 2022,1,0,2.5,stock_life_cycles,2026-09-03,Q1 2007 to Q2 2026,78
ITT,ITT Inc.,2016,2016,1,2,1,False,1,1,0,0,Q2 2016,1,0,2.5,stock_life_cycles,2026-09-03,Q1 2007 to Q2 2026,78
ITRI,Itron Inc.,2025,2025,1,2,1,False,1,1,0,0,Q2 2025,1,0,2.5,stock_life_cycles,2026-09-03,Q1 2007 to Q2 2026,78
ITMN,InterMune Inc.,2009,2009,1,2,1,False,1,1,0,0,Q1 2009,1,0,2.5,stock_life_cycles,2026-09-03,Q1 2007 to Q2 2026,78
FLJP,Franklin FTSE Japan ETF,2023,2023,1,2,1,False,1,1,0,0,Q2 2023,1,0,2.5,stock_life_cycles,2026-09-03,Q1 2007 to Q2 2026,78
ATMV,Alphavest Acquisition Corp,2023,2023,1,2,1,False,1,1,0,0,Q1 2023,1,0,2.5,stock_life_cycles,2026-09-03,Q1 2007 to Q2 2026,78
ATMC,Alphatime Acquisition Corp,2023,2023,1,2,1,False,1,1,0,0,Q1 2023,1,0,2.5,stock_life_cycles,2026-09-03,Q1 2007 to Q2 2026,78
WGL,WGL Holdings Inc.,2018,2018,1,2,1,False,1,1,0,0,Q1 2018,1,0,2.5,stock_life_cycles,2026-09-03,Q1 2007 to Q2 2026,78
WFG,West Fraser Timber Co.,2022,2022,1,2,1,False,1,1,0,0,Q2 2022,1,0,2.5,stock_life_cycles,2026-09-03,Q1 2007 to Q2 2026,78
WEYS,Weyco Group Inc.,2025,2025,1,2,1,False,1,1,0,0,Q1 2025,1,0,2.5,stock_life_cycles,2026-09-03,Q1 2007 to Q2 2026,78
GRPN,Groupon Inc.,2025,2025,1,2,1,False,0,1,1,0,,1,0,2.5,stock_life_cycles,2026-09-03,Q1 2007 to Q2 2026,78
CTRX,Catamaran Corp.,2015,2015,1,2,1,False,1,1,0,0,Q2 2015,1,0,2.5,stock_life_cycles,2026-09-03,Q1 2007 to Q2 2026,78
OCS,Oculis Holding Ag,2025,2025,1,2,1,False,1,1,0,0,Q2 2025,1,0,2.5,stock_life_cycles,2026-09-03,Q1 2007 to Q2 2026,78
GOEVQ,Canoo Inc.,2021,2021,1,2,1,False,1,1,0,0,Q2 2021,1,0,2.5,stock_life_cycles,2026-09-03,Q1 2007 to Q2 2026,78
GODNU-OLD,Golden Star Acquisition Corp,2023,2023,1,2,1,False,1,1,0,0,Q2 2023,1,0,2.5,stock_life_cycles,2026-09-03,Q1 2007 to Q2 2026,78
GO,Grocery Outlet Holding Corp.,2025,2025,1,2,1,False,1,1,0,0,Q3 2025,1,0,2.5,stock_life_cycles,2026-09-03,Q1 2007 to Q2 2026,78
AT,Atlantic Power Corp.,2021,2021,1,2,1,False,1,1,0,0,Q1 2021,1,0,2.5,stock_life_cycles,2026-09-03,Q1 2007 to Q2 2026,78
ASZ.WS,Austerlitz Acquisition Corp. II WTS 021926,2021,2021,1,2,1,False,1,1,0,0,Q2 2021,1,0,2.5,stock_life_cycles,2026-09-03,Q1 2007 to Q2 2026,78
ASZ.U,Austerlitz Acquisition Corp II Units,2021,2021,1,2,1,False,1,1,0,0,Q1 2021,1,0,2.5,stock_life_cycles,2026-09-03,Q1 2007 to Q2 2026,78
ASZ-OLD,Austerlitz Acquisition Corp. II,2021,2021,1,2,1,False,1,1,0,0,Q2 2021,1,0,2.5,stock_life_cycles,2026-09-03,Q1 2007 to Q2 2026,78
TRIL-OLD,Trillium Therapeutics Inc.,2021,2021,1,2,1,False,1,1,0,0,Q3 2021,1,0,2.5,stock_life_cycles,2026-09-03,Q1 2007 to Q2 2026,78
TREE,LendingTree Inc.,2008,2008,1,2,1,False,1,1,0,0,Q3 2008,1,0,2.5,stock_life_cycles,2026-09-03,Q1 2007 to Q2 2026,78
TREC-OLD,Trecora Resources,2022,2022,1,2,1,False,0,1,1,0,,1,0,2.5,stock_life_cycles,2026-09-03,Q1 2007 to Q2 2026,78
AACI-OLD,Armada Acquisition Corp I,2023,2023,1,1,1,False,0,1,0,0,,1,-1,2.4,stock_life_cycles,2026-09-03,Q1 2007 to Q2 2026,78
ACAB-OLD,Atlantic Coast Acquisition A,2023,2023,1,1,1,False,0,1,0,0,,1,-1,2.4,stock_life_cycles,2026-09-03,Q1 2007 to Q2 2026,78
ACAQ-OLD,Athena Consumer Acquisitio A,2022,2022,1,1,1,False,0,1,0,0,,1,-1,2.4,stock_life_cycles,2026-09-03,Q1 2007 to Q2 2026,78
ACAX-OLD,Alset Capital Acquisiti Cl A,2023,2023,1,1,1,False,0,1,0,0,,1,-1,2.4,stock_life_cycles,2026-09-03,Q1 2007 to Q2 2026,78
WYE,Wyeth,2009,2009,1,1,1,False,0,1,0,0,,1,-1,2.4,stock_life_cycles,2026-09-03,Q1 2007 to Q2 2026,78
AFAC-OLD,Arena Fortify Acquisition A,2022,2022,1,1,1,False,0,1,0,0,,1,-1,2.4,stock_life_cycles,2026-09-03,Q1 2007 to Q2 2026,78
WTMA-OLD,Welsbach Technology Metals,2023,2023,1,1,1,False,0,1,0,0,,1,-1,2.4,stock_life_cycles,2026-09-03,Q1 2007 to Q2 2026,78
GGAA-OLD,Genesis Growth Tech Acquis A,2023,2023,1,1,1,False,0,1,0,0,,1,-1,2.4,stock_life_cycles,2026-09-03,Q1 2007 to Q2 2026,78
CCR,CONSOL Coal Resources LP,2020,2020,1,1,1,False,0,1,0,0,,1,-1,2.4,stock_life_cycles,2026-09-03,Q1 2007 to Q2 2026,78
GLLI-OLD,Globalink Investment Inc,2023,2023,1,1,1,False,0,1,0,0,,1,-1,2.4,stock_life_cycles,2026-09-03,Q1 2007 to Q2 2026,78
EGO,Eldorado Gold Corp.,2025,2025,1,1,1,False,0,1,0,0,,1,-1,2.4,stock_life_cycles,2026-09-03,Q1 2007 to Q2 2026,78
EGRVF-OLD,Evergreen Corporation   Cl A,2023,2023,1,1,1,False,0,1,0,0,,1,-1,2.4,stock_life_cycles,2026-09-03,Q1 2007 to Q2 2026,78
BWAQ-OLD,Blue World Acquisition Corp,2023,2023,1,1,1,False,0,1,0,0,,1,-1,2.4,stock_life_cycles,2026-09-03,Q1 2007 to Q2 2026,78
BWAQR-OLD,Blue World Acquisition   Rts,2022,2022,1,1,1,False,0,1,0,0,,1,-1,2.4,stock_life_cycles,2026-09-03,Q1 2007 to Q2 2026,78
MSAC-OLD,Medicus Sciences Acquisition Corp.,2022,2022,1,1,1,False,0,1,0,0,,1,-1,2.4,stock_life_cycles,2026-09-03,Q1 2007 to Q2 2026,78
HCMA-OLD,Hcm Acquisition Corp A,2023,2023,1,1,1,False,0,1,0,0,,1,-1,2.4,stock_life_cycles,2026-09-03,Q1 2007 to Q2 2026,78
HCNEU-OLD,JAWS Hurricane Acquisition Corp. Units,2021,2021,1,3,1,False,1,1,0,1,Q2 2021,1,-1,2.4,stock_life_cycles,2026-09-03,Q1 2007 to Q2 2026,78
WINV,Winvest Acquisition Corp,2022,2022,1,1,1,False,0,1,0,0,,1,-1,2.4,stock_life_cycles,2026-09-03,Q1 2007 to Q2 2026,78
WLH,William Lyon Homes,2020,2020,1,1,1,False,0,1,0,0,,1,-1,2.4,stock_life_cycles,2026-09-03,Q1 2007 to Q2 2026,78
WNNR-OLD,Andretti Acquisition Corp A,2023,2023,1,1,1,False,0,1,0,0,,1,-1,2.4,stock_life_cycles,2026-09-03,Q1 2007 to Q2 2026,78
GVCI-OLD,Green Visor Financial Tech A,2023,2023,1,1,1,False,0,1,0,0,,1,-1,2.4,stock_life_cycles,2026-09-03,Q1 2007 to Q2 2026,78
GWII-OLD,Good Works II Acquisition Corp.,2022,2022,1,1,1,False,0,1,0,0,,1,-1,2.4,stock_life_cycles,2026-09-03,Q1 2007 to Q2 2026,78
WH,Wyndham Hotels & Resorts Inc.,2025,2025,1,1,1,False,0,1,0,0,,1,-1,2.4,stock_life_cycles,2026-09-03,Q1 2007 to Q2 2026,78
AI,C3.ai Inc.,2022,2022,1,1,1,False,0,1,0,0,,1,-1,2.4,stock_life_cycles,2026-09-03,Q1 2007 to Q2 2026,78
AIB-OLD,Aib Acquisition Corp A,2023,2023,1,1,1,False,0,1,0,0,,1,-1,2.4,stock_life_cycles,2026-09-03,Q1 2007 to Q2 2026,78
TTSH,Tile Shop Hldgs Inc,2025,2025,1,1,1,False,0,1,0,0,,1,-1,2.4,stock_life_cycles,2026-09-03,Q1 2007 to Q2 2026,78
TMAC.U-OLD,Music Acquisition Corp. Units,2021,2021,1,1,1,False,0,1,0,0,,1,-1,2.4,stock_life_cycles,2026-09-03,Q1 2007 to Q2 2026,78
NGVC,Natural Grocers by Vitamin Cottage,2025,2025,1,3,1,False,1,1,0,1,Q2 2025,1,-1,2.4,stock_life_cycles,2026-09-03,Q1 2007 to Q2 2026,78
NIO,NIO Inc.,2019,2019,1,1,1,False,0,1,0,0,,1,-1,2.4,stock_life_cycles,2026-09-03,Q1 2007 to Q2 2026,78
DEA,Easterly Government Properties Inc.,2025,2025,1,3,1,False,1,1,0,1,Q1 2025,1,-1,2.4,stock_life_cycles,2026-09-03,Q1 2007 to Q2 2026,78
CMLSQ,Cumulus Media Inc.,2023,2023,1,1,1,False,0,1,0,0,,1,-1,2.4,stock_life_cycles,2026-09-03,Q1 2007 to Q2 2026,78
CMPS,COMPASS Pathways plc,2021,2021,1,1,1,False,0,1,0,0,,1,-1,2.4,stock_life_cycles,2026-09-03,Q1 2007 to Q2 2026,78
PLAO-OLD,Patria Latin American Opport,2023,2023,1,1,1,False,0,1,0,0,,1,-1,2.4,stock_life_cycles,2026-09-03,Q1 2007 to Q2 2026,78
PLAOW-OLD,Patria Latin American WTS27,2022,2022,1,1,1,False,0,1,0,0,,1,-1,2.4,stock_life_cycles,2026-09-03,Q1 2007 to Q2 2026,78
NS-OLD,NuStar Energy,2013,2013,1,3,1,False,1,1,0,1,Q1 2013,1,-1,2.4,stock_life_cycles,2026-09-03,Q1 2007 to Q2 2026,78
CNM,Core & Main Inc Class A,2025,2025,1,1,1,False,0,1,0,0,,1,-1,2.4,stock_life_cycles,2026-09-03,Q1 2007 to Q2 2026,78
PGRE-OLD,Paramount Group Inc.,2024,2024,1,1,1,False,0,1,0,0,,1,-1,2.4,stock_life_cycles,2026-09-03,Q1 2007 to Q2 2026,78
PGRU-OLD,PropertyGuru Group Ltd,2021,2021,1,1,1,False,0,1,0,0,,1,-1,2.4,stock_life_cycles,2026-09-03,Q1 2007 to Q2 2026,78
PHLT-OLD,Performant Healthcare Inc.,2025,2025,1,1,1,False,0,1,0,0,,1,-1,2.4,stock_life_cycles,2026-09-03,Q1 2007 to Q2 2026,78
IRRX-OLD,Integrated Rail And  Class A,2023,2023,1,1,1,False,0,1,0,0,,1,-1,2.4,stock_life_cycles,2026-09-03,Q1 2007 to Q2 2026,78
ISCV,Ishares Morningstar Small Ca,2025,2025,1,1,1,False,0,1,0,0,,1,-1,2.4,stock_life_cycles,2026-09-03,Q1 2007 to Q2 2026,78
CDCO,Comdisco Holding Co.,2012,2012,1,1,1,False,0,1,0,0,,1,-1,2.4,stock_life_cycles,2026-09-03,Q1 2007 to Q2 2026,78
MENT,Mentor Graphics,2016,2016,1,1,1,False,0,1,0,0,,1,-1,2.4,stock_life_cycles,2026-09-03,Q1 2007 to Q2 2026,78
MEOA-OLD,Minority Equality Opportun A,2022,2022,1,1,1,False,0,1,0,0,,1,-1,2.4,stock_life_cycles,2026-09-03,Q1 2007 to Q2 2026,78
MFA,MFA Financial Inc.,2022,2022,1,1,1,False,0,1,0,0,,1,-1,2.4,stock_life_cycles,2026-09-03,Q1 2007 to Q2 2026,78
DVCMY,Davide Campari   U.Sp ADR,2024,2024,1,1,1,False,0,1,0,0,,1,-1,2.4,stock_life_cycles,2026-09-03,Q1 2007 to Q2 2026,78
AVAC-OLD,Avalon Acquisition Inc A,2023,2023,1,1,1,False,0,1,0,0,,1,-1,2.4,stock_life_cycles,2026-09-03,Q1 2007 to Q2 2026,78
TIVO-OLD,TIVO Corp.,2020,2020,1,1,1,False,0,1,0,0,,1,-1,2.4,stock_life_cycles,2026-09-03,Q1 2007 to Q2 2026,78
TLGA.WS-OLD,TLG Acquisition One WTS,2022,2022,1,1,1,False,0,1,0,0,,1,-1,2.4,stock_life_cycles,2026-09-03,Q1 2007 to Q2 2026,78
TLGY-OLD,Tlgy Acquisition Corp   A,2023,2023,1,1,1,False,0,1,0,0,,1,-1,2.4,stock_life_cycles,2026-09-03,Q1 2007 to Q2 2026,78
TS,Tenaris S.A.,2019,2019,1,3,1,False,0,1,1,1,,1,-1,2.4,stock_life_cycles,2026-09-03,Q1 2007 to Q2 2026,78
IPOD.WS,Social Capital Hedosophia Holdings IV WTS,2021,2021,1,1,1,False,0,1,0,0,,1,-1,2.4,stock_life_cycles,2026-09-03,Q1 2007 to Q2 2026,78
IPOF.WS,Social Capital Hedosophia Holdings VI WTS,2021,2021,1,1,1,False,0,1,0,0,,1,-1,2.4,stock_life_cycles,2026-09-03,Q1 2007 to Q2 2026,78
IQMD-OLD,Intelligent Medicine Acqui A,2023,2023,1,1,1,False,0,1,0,0,,1,-1,2.4,stock_life_cycles,2026-09-03,Q1 2007 to Q2 2026,78
FMAC.WS,FirstMark Horizon Acquisition WTS,2022,2022,1,1,1,False,0,1,0,0,,1,-1,2.4,stock_life_cycles,2026-09-03,Q1 2007 to Q2 2026,78
TSIBU,Tishman Speyer Innovation II Units,2021,2021,1,1,1,False,0,1,0,0,,1,-1,2.4,stock_life_cycles,2026-09-03,Q1 2007 to Q2 2026,78
TTF,Thai Fund Inc.,2014,2014,1,3,1,False,1,1,0,1,Q1 2014,1,-1,2.4,stock_life_cycles,2026-09-03,Q1 2007 to Q2 2026,78
FEXD-OLD,Fintech Ecosystem Developm A,2024,2024,1,1,1,False,0,1,0,0,,1,-1,2.4,stock_life_cycles,2026-09-03,Q1 2007 to Q2 2026,78
FGP,Ferrellgas Partners LP,2018,2018,1,1,1,False,0,1,0,0,,1,-1,2.4,stock_life_cycles,2026-09-03,Q1 2007 to Q2 2026,78
FHLT-OLD,Future Health Esg Corp,2022,2022,1,1,1,False,0,1,0,0,,1,-1,2.4,stock_life_cycles,2026-09-03,Q1 2007 to Q2 2026,78
THS-OLD,TreeHouse Foods,2017,2017,1,1,1,False,0,1,0,0,,1,-1,2.4,stock_life_cycles,2026-09-03,Q1 2007 to Q2 2026,78
TIMB,Tim SA ADR,2024,2024,1,1,1,False,0,1,0,0,,1,-1,2.4,stock_life_cycles,2026-09-03,Q1 2007 to Q2 2026,78
RDS.B,Royal Dutch Shell plc B,2021,2021,1,3,1,False,1,1,0,1,Q1 2021,1,-1,2.4,stock_life_cycles,2026-09-03,Q1 2007 to Q2 2026,78
REAX,Real Brokerage Inc,2025,2025,1,3,1,False,1,1,0,1,Q2 2025,1,-1,2.4,stock_life_cycles,2026-09-03,Q1 2007 to Q2 2026,78
RESP-OLD,Respironics Inc.,2008,2008,1,1,1,False,0,1,0,0,,1,-1,2.4,stock_life_cycles,2026-09-03,Q1 2007 to Q2 2026,78
REVE-OLD,Alpine Acquisition Corp,2023,2023,1,1,1,False,0,1,0,0,,1,-1,2.4,stock_life_cycles,2026-09-03,Q1 2007 to Q2 2026,78
CD-OLD,Chindata Group Holdings,2022,2022,1,1,1,False,0,1,0,0,,1,-1,2.4,stock_life_cycles,2026-09-03,Q1 2007 to Q2 2026,78
ARGU-OLD,Argus Capital Corp Cl A,2022,2022,1,1,1,False,0,1,0,0,,1,-1,2.4,stock_life_cycles,2026-09-03,Q1 2007 to Q2 2026,78
ARII,American Railcar Ind.,2018,2018,1,1,1,False,0,1,0,0,,1,-1,2.4,stock_life_cycles,2026-09-03,Q1 2007 to Q2 2026,78
PFCB,P.F. Chang's China Bistro,2007,2007,1,1,1,False,0,1,0,0,,1,-1,2.4,stock_life_cycles,2026-09-03,Q1 2007 to Q2 2026,78
CMRC,Commerce.com Inc.,2022,2022,1,1,1,False,0,1,0,0,,1,-1,2.4,stock_life_cycles,2026-09-03,Q1 2007 to Q2 2026,78
CNDB-OLD,Concord Acquisition Corp  A,2023,2023,1,1,1,False,0,1,0,0,,1,-1,2.4,stock_life_cycles,2026-09-03,Q1 2007 to Q2 2026,78
IOAC-OLD,Innovative International Acquisition Corp.,2023,2023,1,1,1,False,0,1,0,0,,1,-1,2.4,stock_life_cycles,2026-09-03,Q1 2007 to Q2 2026,78
DHCP,Ditech Holding Corp.,2018,2018,1,1,1,False,0,1,0,0,,1,-1,2.4,stock_life_cycles,2026-09-03,Q1 2007 to Q2 2026,78
AWIN,AERWINS Technologies Inc.,2023,2023,1,1,1,False,0,1,0,0,,1,-1,2.4,stock_life_cycles,2026-09-03,Q1 2007 to Q2 2026,78
AXAC-OLD,Axios Sustainable Growth A A,2023,2023,1,1,1,False,0,1,0,0,,1,-1,2.4,stock_life_cycles,2026-09-03,Q1 2007 to Q2 2026,78
TETE-OLD,Technology & Telecommunicati,2023,2023,1,1,1,False,0,1,0,0,,1,-1,2.4,stock_life_cycles,2026-09-03,Q1 2007 to Q2 2026,78
TGR-OLD,Kimbell Tiger Acquisition A,2023,2023,1,1,1,False,0,1,0,0,,1,-1,2.4,stock_life_cycles,2026-09-03,Q1 2007 to Q2 2026,78
TGTX,TG Therapeutics Inc.,2025,2025,1,1,1,False,0,1,0,0,,1,-1,2.4,stock_life_cycles,2026-09-03,Q1 2007 to Q2 2026,78
THAC-OLD,Thrive Acquisition Corp   A,2023,2023,1,1,1,False,0,1,0,0,,1,-1,2.4,stock_life_cycles,2026-09-03,Q1 2007 to Q2 2026,78
JCDXF,JC Decaux SA ACT,2023,2023,1,1,1,False,0,1,0,0,,1,-1,2.4,stock_life_cycles,2026-09-03,Q1 2007 to Q2 2026,78
PEGA,Pegasystems Inc.,2025,2025,1,1,1,False,0,1,0,0,,1,-1,2.4,stock_life_cycles,2026-09-03,Q1 2007 to Q2 2026,78
ASCA-OLD,A Spac I Acquisition Corp A,2023,2023,1,1,1,False,0,1,0,0,,1,-1,2.4,stock_life_cycles,2026-09-03,Q1 2007 to Q2 2026,78
ASCAR,A Spac I Acquisition Co Rts,2022,2022,1,1,1,False,0,1,0,0,,1,-1,2.4,stock_life_cycles,2026-09-03,Q1 2007 to Q2 2026,78
ASCBR-OLD,A Spac Ii Acquisition Right,2022,2022,1,1,1,False,0,1,0,0,,1,-1,2.4,stock_life_cycles,2026-09-03,Q1 2007 to Q2 2026,78
INFN-OLD,Infinera Corp.,2025,2025,1,1,1,False,0,1,0,0,,1,-1,2.4,stock_life_cycles,2026-09-03,Q1 2007 to Q2 2026,78
FNVT-OLD,Finnovate Acquisition Corp A,2023,2023,1,1,1,False,0,1,0,0,,1,-1,2.4,stock_life_cycles,2026-09-03,Q1 2007 to Q2 2026,78
FOGO-OLD,Fogo De Chao Inc.,2018,2018,1,1,1,False,0,1,0,0,,1,-1,2.4,stock_life_cycles,2026-09-03,Q1 2007 to Q2 2026,78
FEOE,First Eagle Overseas Eq ETF,2026,2026,1,1,1,False,0,1,0,0,,1,-1,2.4,stock_life_cycles,2026-09-03,Q1 2007 to Q2 2026,78
GTAC-OLD,Global Technology Acquisit A,2023,2023,1,1,1,False,0,1,0,0,,1,-1,2.4,stock_life_cycles,2026-09-03,Q1 2007 to Q2 2026,78
GFOR-OLD,Graf Acquisition Corp. IV,2023,2023,1,1,1,False,0,1,0,0,,1,-1,2.4,stock_life_cycles,2026-09-03,Q1 2007 to Q2 2026,78
GOSS,Gossamer Bio Inc.,2019,2019,1,3,1,False,1,1,0,1,Q1 2019,1,-1,2.4,stock_life_cycles,2026-09-03,Q1 2007 to Q2 2026,78
GOTU,GSX Techedu Inc.,2021,2021,1,1,1,False,0,1,0,0,,1,-1,2.4,stock_life_cycles,2026-09-03,Q1 2007 to Q2 2026,78
AXON,Axon Enterprise Inc.,2025,2025,1,3,1,False,1,1,0,1,Q2 2025,1,-1,2.4,stock_life_cycles,2026-09-03,Q1 2007 to Q2 2026,78
CCAI-OLD,Cascadia Acquisition Co Cl A,2023,2023,1,1,1,False,0,1,0,0,,1,-1,2.4,stock_life_cycles,2026-09-03,Q1 2007 to Q2 2026,78
ROCG-OLD,Roth CH Acquisition IV Co.,2022,2022,1,1,1,False,0,1,0,0,,1,-1,2.4,stock_life_cycles,2026-09-03,Q1 2007 to Q2 2026,78
ARIZ-OLD,Arisz Acquisition Corp,2023,2023,1,1,1,False,0,1,0,0,,1,-1,2.4,stock_life_cycles,2026-09-03,Q1 2007 to Q2 2026,78
DADA-OLD,Dada Nexus Ltd,2022,2022,1,1,1,False,0,1,0,0,,1,-1,2.4,stock_life_cycles,2026-09-03,Q1 2007 to Q2 2026,78
DAOO-OLD,Crypto 1 Acquisition Cor Cla,2022,2022,1,1,1,False,0,1,0,0,,1,-1,2.4,stock_life_cycles,2026-09-03,Q1 2007 to Q2 2026,78
PCX-OLD2,Parsec Capital Acquisitions Corp.,2022,2022,1,1,1,False,0,1,0,0,,1,-1,2.4,stock_life_cycles,2026-09-03,Q1 2007 to Q2 2026,78
PD,PagerDuty Inc.,2022,2022,1,1,1,False,0,1,0,0,,1,-1,2.4,stock_life_cycles,2026-09-03,Q1 2007 to Q2 2026,78
PD-OLD,Phelps Dodge,2007,2007,1,1,1,False,0,1,0,0,,1,-1,2.4,stock_life_cycles,2026-09-03,Q1 2007 to Q2 2026,78
CLIN-OLD,Clean Earth Acquisitions  A,2023,2023,1,1,1,False,0,1,0,0,,1,-1,2.4,stock_life_cycles,2026-09-03,Q1 2007 to Q2 2026,78
CLOE-OLD,Clover Leaf Capital Corp.,2022,2022,1,1,1,False,0,1,0,0,,1,-1,2.4,stock_life_cycles,2026-09-03,Q1 2007 to Q2 2026,78
DHAC-OLD,Digital Health Acquistion Co,2022,2022,1,1,1,False,0,1,0,0,,1,-1,2.4,stock_life_cycles,2026-09-03,Q1 2007 to Q2 2026,78
SZZL-OLD,Sizzle Acquisition Corp,2023,2023,1,1,1,False,0,1,0,0,,1,-1,2.4,stock_life_cycles,2026-09-03,Q1 2007 to Q2 2026,78
FEGE,First Eagle Gl Equity ETF,2026,2026,1,1,1,False,0,1,0,0,,1,-1,2.4,stock_life_cycles,2026-09-03,Q1 2007 to Q2 2026,78
JUN-OLD,Juniper II Corp Class A,2023,2023,1,1,1,False,0,1,0,0,,1,-1,2.4,stock_life_cycles,2026-09-03,Q1 2007 to Q2 2026,78
JWAC-OLD,Jupiter Wellness Acquisition Corp.,2023,2023,1,1,1,False,0,1,0,0,,1,-1,2.4,stock_life_cycles,2026-09-03,Q1 2007 to Q2 2026,78
USMO,USA Mobility,2007,2007,1,1,1,False,0,1,0,0,,1,-1,2.4,stock_life_cycles,2026-09-03,Q1 2007 to Q2 2026,78
NVEC,NVE Corp.,2025,2025,1,1,1,False,0,0,0,1,,0,-1,2.4,stock_life_cycles,2026-09-03,Q1 2007 to Q2 2026,78
INAQ,Insight Acquisition Corp A,2023,2023,1,1,1,False,0,1,0,0,,1,-1,2.4,stock_life_cycles,2026-09-03,Q1 2007 to Q2 2026,78
ARQ,Arq Inc,2025,2025,1,1,1,False,0,1,0,0,,1,-1,2.4,stock_life_cycles,2026-09-03,Q1 2007 to Q2 2026,78
FRLA-OLD,Fortune Rise Acquisition Cor,2023,2023,1,1,1,False,0,1,0,0,,1,-1,2.4,stock_life_cycles,2026-09-03,Q1 2007 to Q2 2026,78
IGF,Ishares Global Infrastructur,2025,2025,1,1,1,False,0,1,0,0,,1,-1,2.4,stock_life_cycles,2026-09-03,Q1 2007 to Q2 2026,78
IGTA,Inception Growth Acquisition,2023,2023,1,1,1,False,0,1,0,0,,1,-1,2.4,stock_life_cycles,2026-09-03,Q1 2007 to Q2 2026,78
RFAC-OLD,Rf Acquisition Corp   Cl A,2023,2023,1,1,1,False,0,1,0,0,,1,-1,2.4,stock_life_cycles,2026-09-03,Q1 2007 to Q2 2026,78
RFACR-OLD,Rf Acquisition Corp  Rights,2022,2022,1,1,1,False,0,1,0,0,,1,-1,2.4,stock_life_cycles,2026-09-03,Q1 2007 to Q2 2026,78
CSLMF-OLD,Consilium Acquisition Corp I,2023,2023,1,1,1,False,0,1,0,0,,1,-1,2.4,stock_life_cycles,2026-09-03,Q1 2007 to Q2 2026,78
NYAX,Nayax Ltd,2025,2025,1,3,1,False,1,1,0,1,Q2 2025,1,-1,2.4,stock_life_cycles,2026-09-03,Q1 2007 to Q2 2026,78
GSDI-OLD,Global System Dynamics Inc.,2023,2023,1,1,1,False,0,1,0,0,,1,-1,2.4,stock_life_cycles,2026-09-03,Q1 2007 to Q2 2026,78
BCE,BCE Inc.,2016,2016,1,1,1,False,0,1,0,0,,1,-1,2.4,stock_life_cycles,2026-09-03,Q1 2007 to Q2 2026,78
BCSA-OLD,Blockchain Coinvestors  Cl A,2023,2023,1,1,1,False,0,1,0,0,,1,-1,2.4,stock_life_cycles,2026-09-03,Q1 2007 to Q2 2026,78
ICNC-OLD,Iconic Sports Acq Corp A,2023,2023,1,1,1,False,0,1,0,0,,1,-1,2.4,stock_life_cycles,2026-09-03,Q1 2007 to Q2 2026,78
FPAC.WS-OLD,Far Peak Acquisition Corp. WTS,2022,2022,1,1,1,False,0,1,0,0,,1,-1,2.4,stock_life_cycles,2026-09-03,Q1 2007 to Q2 2026,78
RPD,Rapid7 Inc.,2025,2025,1,1,1,False,0,1,0,0,,1,-1,2.4,stock_life_cycles,2026-09-03,Q1 2007 to Q2 2026,78
CAR,Avis Budget Group Inc.,2017,2017,1,3,1,False,1,1,0,1,Q2 2017,1,-1,2.4,stock_life_cycles,2026-09-03,Q1 2007 to Q2 2026,78
USCT-OLD,Tkb Critical Technologies  A,2023,2023,1,1,1,False,0,1,0,0,,1,-1,2.4,stock_life_cycles,2026-09-03,Q1 2007 to Q2 2026,78
KACL-OLD,Kairous Acquisition Corp Ltd,2022,2022,1,1,1,False,0,1,0,0,,1,-1,2.4,stock_life_cycles,2026-09-03,Q1 2007 to Q2 2026,78
KALRQ,Kalera plc,2022,2022,1,1,1,False,0,1,0,0,,1,-1,2.4,stock_life_cycles,2026-09-03,Q1 2007 to Q2 2026,78
AXHI-OLD,Industrial Human Capital Inc,2022,2022,1,1,1,False,0,1,0,0,,1,-1,2.4,stock_life_cycles,2026-09-03,Q1 2007 to Q2 2026,78
NETC-OLD,Nabors Energy Transition   A,2023,2023,1,1,1,False,0,1,0,0,,1,-1,2.4,stock_life_cycles,2026-09-03,Q1 2007 to Q2 2026,78
CLRCF,Climaterock   Class A,2023,2023,1,1,1,False,0,1,0,0,,1,-1,2.4,stock_life_cycles,2026-09-03,Q1 2007 to Q2 2026,78
CLRCR,Climaterock  Rts,2022,2022,1,1,1,False,0,1,0,0,,1,-1,2.4,stock_life_cycles,2026-09-03,Q1 2007 to Q2 2026,78
JMAC-OLD,Maxpro Capital Acquisition A,2023,2023,1,1,1,False,0,1,0,0,,1,-1,2.4,stock_life_cycles,2026-09-03,Q1 2007 to Q2 2026,78
AVHI-OLD2,Achari Ventures Holdings Corp. I,2023,2023,1,1,1,False,0,1,0,0,,1,-1,2.4,stock_life_cycles,2026-09-03,Q1 2007 to Q2 2026,78
CLIM.U-OLD,Climate Real Impact Solutions II Acq. Corp. Units,2021,2021,1,1,1,False,0,1,0,0,,1,-1,2.4,stock_life_cycles,2026-09-03,Q1 2007 to Q2 2026,78
NATR,Nature's Sunshine Products Inc.,2025,2025,1,1,1,False,0,0,0,1,,0,-1,2.4,stock_life_cycles,2026-09-03,Q1 2007 to Q2 2026,78
KDMN,Kadmon Holdings,2021,2021,1,1,1,False,0,1,0,0,,1,-1,2.4,stock_life_cycles,2026-09-03,Q1 2007 to Q2 2026,78
FACA.U-OLD,Figure Acquisition Corp. I Units,2021,2021,1,1,1,False,0,1,0,0,,1,-1,2.4,stock_life_cycles,2026-09-03,Q1 2007 to Q2 2026,78
PRBM-OLD,Parabellum Acquisition Cor A,2023,2023,1,1,1,False,0,1,0,0,,1,-1,2.4,stock_life_cycles,2026-09-03,Q1 2007 to Q2 2026,78
CISG-OLD,Cninsure Inc.,2013,2013,1,1,1,False,0,1,0,0,,1,-1,2.4,stock_life_cycles,2026-09-03,Q1 2007 to Q2 2026,78
SUAC-OLD,Shoulderup Technology Acqu A,2023,2023,1,1,1,False,0,1,0,0,,1,-1,2.4,stock_life_cycles,2026-09-03,Q1 2007 to Q2 2026,78
SUPV,Grupo Supervielle S.A.,2025,2025,1,1,1,False,0,1,0,0,,1,-1,2.4,stock_life_cycles,2026-09-03,Q1 2007 to Q2 2026,78
IBTF-OLD,iShares TR iBonds 2025,2025,2025,1,3,1,False,1,1,0,1,Q2 2025,1,-1,2.4,stock_life_cycles,2026-09-03,Q1 2007 to Q2 2026,78
PAL,Proficient Auto Logistics In,2025,2025,1,1,1,False,0,1,0,0,,1,-1,2.4,stock_life_cycles,2026-09-03,Q1 2007 to Q2 2026,78
CWH-OLD,CommonWealth REIT,2013,2013,1,1,1,False,0,1,0,0,,1,-1,2.4,stock_life_cycles,2026-09-03,Q1 2007 to Q2 2026,78
COLM,Columbia Sportswear Co.,2025,2025,1,1,1,False,0,1,0,0,,1,-1,2.4,stock_life_cycles,2026-09-03,Q1 2007 to Q2 2026,78
PCCT-OD,Perception Capital Corp Ii A,2022,2022,1,1,1,False,0,1,0,0,,1,-1,2.4,stock_life_cycles,2026-09-03,Q1 2007 to Q2 2026,78
DCRNU,Decarbonization Plus Acq. Corp II Units,2021,2021,1,1,1,False,0,1,0,0,,1,-1,2.4,stock_life_cycles,2026-09-03,Q1 2007 to Q2 2026,78
SWSS,Springwater Special Situations Corp.,2023,2023,1,1,1,False,0,1,0,0,,1,-1,2.4,stock_life_cycles,2026-09-03,Q1 2007 to Q2 2026,78
MCAA-OLD,Mountain & Co I Acquisition,2023,2023,1,1,1,False,0,1,0,0,,1,-1,2.4,stock_life_cycles,2026-09-03,Q1 2007 to Q2 2026,78
MCAG,Mountain Crest Acquisition,2022,2022,1,1,1,False,0,1,0,0,,1,-1,2.4,stock_life_cycles,2026-09-03,Q1 2007 to Q2 2026,78
NUBIW-OLD,Nubia Brand Intern  WTS27,2022,2022,1,1,1,False,0,1,0,0,,1,-1,2.4,stock_life_cycles,2026-09-03,Q1 2007 to Q2 2026,78
NUVOQ,Nuvelo Inc.,2008,2008,1,1,1,False,0,1,0,0,,1,-1,2.4,stock_life_cycles,2026-09-03,Q1 2007 to Q2 2026,78
NVAC-OLD,Northview Acquisition Corp.,2023,2023,1,1,1,False,0,1,0,0,,1,-1,2.4,stock_life_cycles,2026-09-03,Q1 2007 to Q2 2026,78
NVACR-OLD,Northview Acquisition Co Rts,2022,2022,1,1,1,False,0,1,0,0,,1,-1,2.4,stock_life_cycles,2026-09-03,Q1 2007 to Q2 2026,78
FSIN,Fushi Copperweld Inc.,2012,2012,1,1,1,False,0,1,0,0,,1,-1,2.4,stock_life_cycles,2026-09-03,Q1 2007 to Q2 2026,78
VHI,Valhi Inc.,2020,2020,1,1,1,False,0,1,0,0,,1,-1,2.4,stock_life_cycles,2026-09-03,Q1 2007 to Q2 2026,78
FPI,Farmland Partners Inc.,2022,2022,1,1,1,False,0,1,0,0,,1,-1,2.4,stock_life_cycles,2026-09-03,Q1 2007 to Q2 2026,78
ARCK-OLD,Arbor Rapha Capital Bioholdi,2022,2022,1,1,1,False,0,1,0,0,,1,-1,2.4,stock_life_cycles,2026-09-03,Q1 2007 to Q2 2026,78
UTSI,UTStarcom,2014,2014,1,1,1,False,0,1,0,0,,1,-1,2.4,stock_life_cycles,2026-09-03,Q1 2007 to Q2 2026,78
VET,Vermilion Energy Inc.,2024,2024,1,1,1,False,0,1,0,0,,1,-1,2.4,stock_life_cycles,2026-09-03,Q1 2007 to Q2 2026,78
RRAC-OLD,Rigel Resource Acquisit Cl A,2023,2023,1,1,1,False,0,1,0,0,,1,-1,2.4,stock_life_cycles,2026-09-03,Q1 2007 to Q2 2026,78
RSH,RadioShack Corp.,2013,2013,1,1,1,False,0,1,0,0,,1,-1,2.4,stock_life_cycles,2026-09-03,Q1 2007 to Q2 2026,78
STPC.U,Star Peak Corp II Units,2021,2021,1,1,1,False,0,1,0,0,,1,-1,2.4,stock_life_cycles,2026-09-03,Q1 2007 to Q2 2026,78
BFTH,Bally Total Fitness Hldg Corp.,2007,2007,1,1,1,False,0,1,0,0,,1,-1,2.4,stock_life_cycles,2026-09-03,Q1 2007 to Q2 2026,78
BFYT-OLD,Benefytt Technologies Inc.,2018,2018,1,1,1,False,0,1,0,0,,1,-1,2.4,stock_life_cycles,2026-09-03,Q1 2007 to Q2 2026,78
PPYA,Papaya Growth Opportuni Cl A,2023,2023,1,1,1,False,0,1,0,0,,1,-1,2.4,stock_life_cycles,2026-09-03,Q1 2007 to Q2 2026,78
CITZ,CFS Bancorp Inc.,2013,2013,1,1,1,False,0,1,0,0,,1,-1,2.4,stock_life_cycles,2026-09-03,Q1 2007 to Q2 2026,78
DFLI,Dragonfly Energy Corp.,2022,2022,1,1,1,False,0,1,0,0,,1,-1,2.4,stock_life_cycles,2026-09-03,Q1 2007 to Q2 2026,78
DFRG-OLD,Del Frisco's Restaurant Group,2019,2019,1,1,1,False,0,1,0,0,,1,-1,2.4,stock_life_cycles,2026-09-03,Q1 2007 to Q2 2026,78
MXIM,Maxim Integrated Products,2021,2021,1,1,1,False,0,1,0,0,,1,-1,2.4,stock_life_cycles,2026-09-03,Q1 2007 to Q2 2026,78
MXL,MaxLinear Inc.,2018,2018,1,1,1,False,0,1,0,0,,1,-1,2.4,stock_life_cycles,2026-09-03,Q1 2007 to Q2 2026,78
CLAY-OLD,Chavant Capital Acquisition Corp.,2022,2022,1,1,1,False,0,1,0,0,,1,-1,2.4,stock_life_cycles,2026-09-03,Q1 2007 to Q2 2026,78
CLBR-OLD,Colombier Acquisition Corp.,2023,2023,1,1,1,False,0,1,0,0,,1,-1,2.4,stock_life_cycles,2026-09-03,Q1 2007 to Q2 2026,78
EXLS,ExlService Holdings Inc.,2025,2025,1,1,1,False,0,1,0,0,,1,-1,2.4,stock_life_cycles,2026-09-03,Q1 2007 to Q2 2026,78
KNSW-OLD,Knightswan Acquisition Cor A,2023,2023,1,1,1,False,0,1,0,0,,1,-1,2.4,stock_life_cycles,2026-09-03,Q1 2007 to Q2 2026,78
KNTE-OLD,Kinnate Biopharma Inc.,2024,2024,1,1,1,False,0,1,0,0,,1,-1,2.4,stock_life_cycles,2026-09-03,Q1 2007 to Q2 2026,78
SSL,Sasol Ltd Sponsored ADR,2025,2025,1,1,1,False,0,1,0,0,,1,-1,2.4,stock_life_cycles,2026-09-03,Q1 2007 to Q2 2026,78
ANDV,Andeavor,2018,2018,1,1,1,False,0,1,0,0,,1,-1,2.4,stock_life_cycles,2026-09-03,Q1 2007 to Q2 2026,78
CXR,Cox Radio Inc.,2009,2009,1,1,1,False,0,1,0,0,,1,-1,2.4,stock_life_cycles,2026-09-03,Q1 2007 to Q2 2026,78
CPAQ-OLD,Counter Press Acquisition Co,2023,2023,1,1,1,False,0,1,0,0,,1,-1,2.4,stock_life_cycles,2026-09-03,Q1 2007 to Q2 2026,78
DAWN-OLD,Day One Biopharmaceuticals Inc.,2024,2024,1,1,1,False,0,1,0,0,,1,-1,2.4,stock_life_cycles,2026-09-03,Q1 2007 to Q2 2026,78
NUBI-OLD,Nubia Brand Internation Cl A,2023,2023,1,1,1,False,0,1,0,0,,1,-1,2.4,stock_life_cycles,2026-09-03,Q1 2007 to Q2 2026,78
SAGA-OLD,Sagaliam Acquisition Corp A,2022,2022,1,1,1,False,0,1,0,0,,1,-1,2.4,stock_life_cycles,2026-09-03,Q1 2007 to Q2 2026,78
CEN-OLD,Ceridian Corp.,2007,2007,1,1,1,False,0,1,0,0,,1,-1,2.4,stock_life_cycles,2026-09-03,Q1 2007 to Q2 2026,78
MOT,Motorola Inc.,2012,2012,1,1,1,False,0,1,0,0,,1,-1,2.4,stock_life_cycles,2026-09-03,Q1 2007 to Q2 2026,78
MPRA-OLD,Mercato Partners Acquisiti A,2023,2023,1,1,1,False,0,1,0,0,,1,-1,2.4,stock_life_cycles,2026-09-03,Q1 2007 to Q2 2026,78
MRACW-OLD,Marquee Raine Acquisition WTS,2021,2021,1,1,1,False,0,1,0,0,,1,-1,2.4,stock_life_cycles,2026-09-03,Q1 2007 to Q2 2026,78
KYCH-OLD,Keyarch Acquisition Corp,2023,2023,1,1,1,False,0,1,0,0,,1,-1,2.4,stock_life_cycles,2026-09-03,Q1 2007 to Q2 2026,78
AOGO,Arogo Capital Acquisition  A,2023,2023,1,1,1,False,0,1,0,0,,1,-1,2.4,stock_life_cycles,2026-09-03,Q1 2007 to Q2 2026,78
HSP,Hospira Inc.,2007,2007,1,1,1,False,0,1,0,0,,1,-1,2.4,stock_life_cycles,2026-09-03,Q1 2007 to Q2 2026,78
VHNA-OLD,Vahanna Tech Edge Acquisi A,2023,2023,1,1,1,False,0,1,0,0,,1,-1,2.4,stock_life_cycles,2026-09-03,Q1 2007 to Q2 2026,78
HUYA,HUYA Inc.,2022,2022,1,1,1,False,0,1,0,0,,1,-1,2.4,stock_life_cycles,2026-09-03,Q1 2007 to Q2 2026,78
HWEL-OLD,Healthwell Acquisition Corp. I,2023,2023,1,1,1,False,0,1,0,0,,1,-1,2.4,stock_life_cycles,2026-09-03,Q1 2007 to Q2 2026,78
IAA-OLD,IAA Inc.,2021,2021,1,1,1,False,0,1,0,0,,1,-1,2.4,stock_life_cycles,2026-09-03,Q1 2007 to Q2 2026,78
EVGRW-OLD,Evergreen Corporation  WTS27,2022,2022,1,1,1,False,0,1,0,0,,1,-1,2.4,stock_life_cycles,2026-09-03,Q1 2007 to Q2 2026,78
SRDX-OLD,SurModics Inc.,2025,2025,1,1,1,False,0,1,0,0,,1,-1,2.4,stock_life_cycles,2026-09-03,Q1 2007 to Q2 2026,78
SRGAQ-OLD,Surgalign Holdings,2022,2022,1,3,1,False,1,1,0,1,Q1 2022,1,-1,2.4,stock_life_cycles,2026-09-03,Q1 2007 to Q2 2026,78
SRNE,Sorrento Therapeutics,2023,2023,1,1,1,False,0,1,0,0,,1,-1,2.4,stock_life_cycles,2026-09-03,Q1 2007 to Q2 2026,78
BJRI,BJ's Restaurants Inc.,2025,2025,1,1,1,False,0,1,0,0,,1,-1,2.4,stock_life_cycles,2026-09-03,Q1 2007 to Q2 2026,78
BLNG-OLD,Belong Acquisition Corp.,2023,2023,1,1,1,False,0,1,0,0,,1,-1,2.4,stock_life_cycles,2026-09-03,Q1 2007 to Q2 2026,78
SPFR.WS,Jaws Spitfire Acquisition WTS,2021,2021,1,1,1,False,0,1,0,0,,1,-1,2.4,stock_life_cycles,2026-09-03,Q1 2007 to Q2 2026,78
SPMD,SuperMedia Inc.,2013,2013,1,1,1,False,0,1,0,0,,1,-1,2.4,stock_life_cycles,2026-09-03,Q1 2007 to Q2 2026,78
BIOS-OLD,Bioplus Acquisition Corp A,2023,2023,1,1,1,False,0,1,0,0,,1,-1,2.4,stock_life_cycles,2026-09-03,Q1 2007 to Q2 2026,78
RVR,White River Capital Inc.,2013,2013,1,1,1,False,0,1,0,0,,1,-1,2.4,stock_life_cycles,2026-09-03,Q1 2007 to Q2 2026,78
RWOD-OLD,Redwoods Acquisition Corp,2023,2023,1,1,1,False,0,1,0,0,,1,-1,2.4,stock_life_cycles,2026-09-03,Q1 2007 to Q2 2026,78
FTEV-OLD,FinTech Evolution Acquisition Grp,2023,2023,1,1,1,False,0,1,0,0,,1,-1,2.4,stock_life_cycles,2026-09-03,Q1 2007 to Q2 2026,78
FTII,Futuretech Ii Acquisiti Cl A,2023,2023,1,1,1,False,0,1,0,0,,1,-1,2.4,stock_life_cycles,2026-09-03,Q1 2007 to Q2 2026,78
FTIIW,Futuretech Ii Acq  WTS27,2022,2022,1,1,1,False,0,1,0,0,,1,-1,2.4,stock_life_cycles,2026-09-03,Q1 2007 to Q2 2026,78
AMWL,American Well Corp.,2022,2022,1,1,1,False,0,1,0,0,,1,-1,2.4,stock_life_cycles,2026-09-03,Q1 2007 to Q2 2026,78
VRDN,Viridian Therapeutics Inc.,2025,2025,1,3,1,False,0,1,1,1,,1,-1,2.4,stock_life_cycles,2026-09-03,Q1 2007 to Q2 2026,78
VRNA-OLD,Verona Pharma Plc   ADR,2025,2025,1,1,1,False,0,1,0,0,,1,-1,2.4,stock_life_cycles,2026-09-03,Q1 2007 to Q2 2026,78
AMLX,Amylyx Pharmaceuticals Inc,2024,2024,1,1,1,False,0,1,0,0,,1,-1,2.4,stock_life_cycles,2026-09-03,Q1 2007 to Q2 2026,78
PACI-OLD,Proof Acquisition Corp I A,2023,2023,1,1,1,False,0,1,0,0,,1,-1,2.4,stock_life_cycles,2026-09-03,Q1 2007 to Q2 2026,78
PAFO-OLD,Pacifico Acquistion Corp,2022,2022,1,1,1,False,0,1,0,0,,1,-1,2.4,stock_life_cycles,2026-09-03,Q1 2007 to Q2 2026,78
MTVC-OLD,Motive Capital Corp Ii Cl A,2023,2023,1,1,1,False,0,1,0,0,,1,-1,2.4,stock_life_cycles,2026-09-03,Q1 2007 to Q2 2026,78
PTGI,Primus Telecom Group Inc.,2013,2013,1,1,1,False,0,1,0,0,,1,-1,2.4,stock_life_cycles,2026-09-03,Q1 2007 to Q2 2026,78
PTRAW-OLD,Proterra Inc. WTS,2021,2021,1,3,1,False,1,1,0,1,Q1 2021,1,-1,2.4,stock_life_cycles,2026-09-03,Q1 2007 to Q2 2026,78
LFAC-OLD,Lf Capital Acquisition  Cla,2023,2023,1,1,1,False,0,1,0,0,,1,-1,2.4,stock_life_cycles,2026-09-03,Q1 2007 to Q2 2026,78
BLZE,Backblaze Inc A,2025,2025,1,1,1,False,0,1,0,0,,1,-1,2.4,stock_life_cycles,2026-09-03,Q1 2007 to Q2 2026,78
FWAC-OLD,Fifth Wall Acquisition Corp. III,2021,2021,1,3,1,False,1,1,0,1,Q2 2021,1,-1,2.4,stock_life_cycles,2026-09-03,Q1 2007 to Q2 2026,78
CCRT,CompuCredit Holdings Corp.,2009,2009,1,1,1,False,0,1,0,0,,1,-1,2.4,stock_life_cycles,2026-09-03,Q1 2007 to Q2 2026,78
RICE.WS,Rice Acquisition Corp. WTS,2021,2021,1,1,1,False,0,1,0,0,,1,-1,2.4,stock_life_cycles,2026-09-03,Q1 2007 to Q2 2026,78
GAS,AGL Resources,2007,2007,1,1,1,False,0,1,0,0,,1,-1,2.4,stock_life_cycles,2026-09-03,Q1 2007 to Q2 2026,78
RWODR-OLD,Redwoods Acquisition Rights,2022,2022,1,1,1,False,0,1,0,0,,1,-1,2.4,stock_life_cycles,2026-09-03,Q1 2007 to Q2 2026,78
SOFIW,"SoFi Technologies, Inc. WTS 060126",2021,2021,1,1,1,False,0,1,0,0,,1,-1,2.4,stock_life_cycles,2026-09-03,Q1 2007 to Q2 2026,78
LAX-OLD,8i Acquisition 2 Corp,2022,2022,1,1,1,False,0,1,0,0,,1,-1,2.4,stock_life_cycles,2026-09-03,Q1 2007 to Q2 2026,78
LBAI-OLD,Lakeland Bancorp Inc.,2024,2024,1,1,1,False,0,1,0,0,,1,-1,2.4,stock_life_cycles,2026-09-03,Q1 2007 to Q2 2026,78
LBBB-OLD,Lakeshore Acquisition Ii Cor,2023,2023,1,1,1,False,0,1,0,0,,1,-1,2.4,stock_life_cycles,2026-09-03,Q1 2007 to Q2 2026,78
LBBBR-OLD,Lakeshore Acquisition  Right,2022,2022,1,1,1,False,0,1,0,0,,1,-1,2.4,stock_life_cycles,2026-09-03,Q1 2007 to Q2 2026,78
LAKE,Lakeland Industries Inc.,2025,2025,1,1,1,False,0,1,0,0,,1,-1,2.4,stock_life_cycles,2026-09-03,Q1 2007 to Q2 2026,78
LGVC-OLD,Lamf Global Ventures Corp I,2023,2023,1,1,1,False,0,1,0,0,,1,-1,2.4,stock_life_cycles,2026-09-03,Q1 2007 to Q2 2026,78
LIANY,Lianbio ADR,2024,2024,1,1,1,False,0,1,0,0,,1,-1,2.4,stock_life_cycles,2026-09-03,Q1 2007 to Q2 2026,78
LIBY,Liberty Resources Acqui Cl A,2023,2023,1,1,1,False,0,1,0,0,,1,-1,2.4,stock_life_cycles,2026-09-03,Q1 2007 to Q2 2026,78
ES-OLD,EnergySolutions Inc.,2012,2012,1,1,1,False,0,1,0,0,,1,-1,2.4,stock_life_cycles,2026-09-03,Q1 2007 to Q2 2026,78
ESAC-OLD,Esgen Acquisition Corp A,2023,2023,1,1,1,False,0,1,0,0,,1,-1,2.4,stock_life_cycles,2026-09-03,Q1 2007 to Q2 2026,78
SMCI,Super Micro Computer Inc.,2022,2022,1,1,1,False,0,1,0,0,,1,-1,2.4,stock_life_cycles,2026-09-03,Q1 2007 to Q2 2026,78
PSN,Parsons Corp.,2019,2019,1,3,1,False,1,1,0,1,Q2 2019,1,-1,2.4,stock_life_cycles,2026-09-03,Q1 2007 to Q2 2026,78
DMAQ-OLD,Deep Medicine Acquisiti Cl A,2023,2023,1,1,1,False,0,1,0,0,,1,-1,2.4,stock_life_cycles,2026-09-03,Q1 2007 to Q2 2026,78
DMKPQ-OLD,DMK Pharmaceuticals Corp.,2021,2021,1,3,1,False,1,1,0,1,Q2 2021,1,-1,2.4,stock_life_cycles,2026-09-03,Q1 2007 to Q2 2026,78
MNTN-OLD,Everest Consolidator Acquisi,2023,2023,1,1,1,False,0,1,0,0,,1,-1,2.4,stock_life_cycles,2026-09-03,Q1 2007 to Q2 2026,78
DOYU,DouYu International Holdings,2022,2022,1,1,1,False,0,1,0,0,,1,-1,2.4,stock_life_cycles,2026-09-03,Q1 2007 to Q2 2026,78
FXCO,Financial Strategies Acquisition Corp.,2022,2022,1,1,1,False,0,1,0,0,,1,-1,2.4,stock_life_cycles,2026-09-03,Q1 2007 to Q2 2026,78
ALSAW-OLD,Alpha Star Acquisition  WTS23,2022,2022,1,1,1,False,0,1,0,0,,1,-1,2.4,stock_life_cycles,2026-09-03,Q1 2007 to Q2 2026,78
ALXN,Alexion Pharmaceuticals Inc.,2019,2019,1,1,1,False,0,1,0,0,,1,-1,2.4,stock_life_cycles,2026-09-03,Q1 2007 to Q2 2026,78
VSAC-OLD,Vision Sensing Acquisition A,2023,2023,1,1,1,False,0,1,0,0,,1,-1,2.4,stock_life_cycles,2026-09-03,Q1 2007 to Q2 2026,78
ALSAR-OLD,Alpha Star Acq Corp   Rights,2022,2022,1,1,1,False,0,1,0,0,,1,-1,2.4,stock_life_cycles,2026-09-03,Q1 2007 to Q2 2026,78
OSI-OLD,Osiris Acquisition Corp.,2022,2022,1,1,1,False,0,1,0,0,,1,-1,2.4,stock_life_cycles,2026-09-03,Q1 2007 to Q2 2026,78
OXAC-OLD,Oxbridge Acquisition Corp,2022,2022,1,1,1,False,0,1,0,0,,1,-1,2.4,stock_life_cycles,2026-09-03,Q1 2007 to Q2 2026,78
OXM,Oxford Industries Inc.,2025,2025,1,1,1,False,0,1,0,0,,1,-1,2.4,stock_life_cycles,2026-09-03,Q1 2007 to Q2 2026,78
CPUH.WS,Compute Health Acquisition Corp. WTS,2023,2023,1,1,1,False,0,1,0,0,,1,-1,2.4,stock_life_cycles,2026-09-03,Q1 2007 to Q2 2026,78
CWX.TO,CanWel Building Materials Grp Ltd,2010,2010,1,3,1,False,1,1,0,1,Q1 2010,1,-1,2.4,stock_life_cycles,2026-09-03,Q1 2007 to Q2 2026,78
ALM,Almonty Industries Inc,2025,2025,1,1,1,False,0,1,0,0,,1,-1,2.4,stock_life_cycles,2026-09-03,Q1 2007 to Q2 2026,78
ALPA-OLD,Alpha Healthcare Acquisition Corp. III,2023,2023,1,1,1,False,0,1,0,0,,1,-1,2.4,stock_life_cycles,2026-09-03,Q1 2007 to Q2 2026,78
ALSA-OLD,Alpha Star Acquisition Corp,2023,2023,1,1,1,False,0,1,0,0,,1,-1,2.4,stock_life_cycles,2026-09-03,Q1 2007 to Q2 2026,78
GDNR-OLD,Gardiner Healthcare Acquis,2023,2023,1,1,1,False,0,1,0,0,,1,-1,2.4,stock_life_cycles,2026-09-03,Q1 2007 to Q2 2026,78
DSAQ-OLD,Direct Selling Acquisition A,2023,2023,1,1,1,False,0,1,0,0,,1,-1,2.4,stock_life_cycles,2026-09-03,Q1 2007 to Q2 2026,78
DSEY-OLD,Diversey Holdings Ltd,2021,2021,1,1,1,False,0,1,0,0,,1,-1,2.4,stock_life_cycles,2026-09-03,Q1 2007 to Q2 2026,78
CBY,Cadbury PLC,2008,2008,1,1,1,False,0,1,0,0,,1,-1,2.4,stock_life_cycles,2026-09-03,Q1 2007 to Q2 2026,78
RNER-OLD,Mount Rainier Acquisition Co,2022,2022,1,1,1,False,0,1,0,0,,1,-1,2.4,stock_life_cycles,2026-09-03,Q1 2007 to Q2 2026,78
ROC-OLD,ROC Energy Acquisition Corp.,2023,2023,1,1,1,False,0,1,0,0,,1,-1,2.4,stock_life_cycles,2026-09-03,Q1 2007 to Q2 2026,78
BMAC-OLD,Black Mountain Acquisition A,2023,2023,1,1,1,False,0,1,0,0,,1,-1,2.4,stock_life_cycles,2026-09-03,Q1 2007 to Q2 2026,78
BMAQ-OLD,Blockchain Moon Acquisition,2022,2022,1,1,1,False,0,1,0,0,,1,-1,2.4,stock_life_cycles,2026-09-03,Q1 2007 to Q2 2026,78
PVBC,Provident Bancorp Inc.,2013,2013,1,1,1,False,0,1,0,0,,1,-1,2.4,stock_life_cycles,2026-09-03,Q1 2007 to Q2 2026,78
PWUP-OLD,Powerup Acquisition Cor Cl A,2023,2023,1,1,1,False,0,1,0,0,,1,-1,2.4,stock_life_cycles,2026-09-03,Q1 2007 to Q2 2026,78
MSP-OLD,Datto Holding Corp.,2022,2022,1,1,1,False,0,1,0,0,,1,-1,2.4,stock_life_cycles,2026-09-03,Q1 2007 to Q2 2026,78
SLAMU,Slam Corp. Units,2021,2021,1,1,1,False,0,1,0,0,,1,-1,2.4,stock_life_cycles,2026-09-03,Q1 2007 to Q2 2026,78
SLE-OLD,Sara Lee Corp.,2012,2012,1,1,1,False,0,1,0,0,,1,-1,2.4,stock_life_cycles,2026-09-03,Q1 2007 to Q2 2026,78
SLGN,Silgan Holdings Inc.,2013,2013,1,1,1,False,0,1,0,0,,1,-1,2.4,stock_life_cycles,2026-09-03,Q1 2007 to Q2 2026,78
BOAC.WS-OLD,Buescape Opportunities Acquisition Corp. WTS,2023,2023,1,1,1,False,0,1,0,0,,1,-1,2.4,stock_life_cycles,2026-09-03,Q1 2007 to Q2 2026,78
HMCOW,HumanCo Acquisition Corp. WTS,2021,2021,1,1,1,False,0,1,0,0,,1,-1,2.4,stock_life_cycles,2026-09-03,Q1 2007 to Q2 2026,78
HME,Home Properties Inc.,2014,2014,1,1,1,False,0,1,0,0,,1,-1,2.4,stock_life_cycles,2026-09-03,Q1 2007 to Q2 2026,78
HMN,Horace Mann Educators,2024,2024,1,1,1,False,0,1,0,0,,1,-1,2.4,stock_life_cycles,2026-09-03,Q1 2007 to Q2 2026,78
HNRA.WS-OLD,Hnr Acquisition Corp  WTS23,2022,2022,1,1,1,False,0,1,0,0,,1,-1,2.4,stock_life_cycles,2026-09-03,Q1 2007 to Q2 2026,78
HLAHU-OLD,Hamilton Lane Alliance Holdings I Units,2021,2021,1,1,1,False,0,1,0,0,,1,-1,2.4,stock_life_cycles,2026-09-03,Q1 2007 to Q2 2026,78
GATE-OLD,Marblegate Acquisition Cor A,2022,2022,1,1,1,False,0,1,0,0,,1,-1,2.4,stock_life_cycles,2026-09-03,Q1 2007 to Q2 2026,78
GB.WS,Global Blue Group Holding AG WTS,2025,2025,1,1,1,False,0,1,0,0,,1,-1,2.4,stock_life_cycles,2026-09-03,Q1 2007 to Q2 2026,78
WAVSW-OLD,Western Acquisition Ven WTS27,2022,2022,1,1,1,False,0,1,0,0,,1,-1,2.4,stock_life_cycles,2026-09-03,Q1 2007 to Q2 2026,78
OSH-OLD,Oak Street Health Inc.,2022,2022,1,1,1,False,0,1,0,0,,1,-1,2.4,stock_life_cycles,2026-09-03,Q1 2007 to Q2 2026,78
BRD-OLD,Beard Energy Transition Ac A,2023,2023,1,1,1,False,0,1,0,0,,1,-1,2.4,stock_life_cycles,2026-09-03,Q1 2007 to Q2 2026,78
BRKH-OLD,Burtech Acquisition Corp A,2023,2023,1,1,1,False,0,1,0,0,,1,-1,2.4,stock_life_cycles,2026-09-03,Q1 2007 to Q2 2026,78
ENER-OLD,Accretion Acquisition Corp.,2023,2023,1,1,1,False,0,1,0,0,,1,-1,2.4,stock_life_cycles,2026-09-03,Q1 2007 to Q2 2026,78
LOGCD,ContextLogic Inc.,2021,2021,1,1,1,False,0,1,0,0,,1,-1,2.4,stock_life_cycles,2026-09-03,Q1 2007 to Q2 2026,78
HHLA.U-OLD,HH&L Acquisition Co. Units,2021,2021,1,1,1,False,0,1,0,0,,1,-1,2.4,stock_life_cycles,2026-09-03,Q1 2007 to Q2 2026,78
WEL-OLD,Integrated Wellness Acq   A,2023,2023,1,1,1,False,0,1,0,0,,1,-1,2.4,stock_life_cycles,2026-09-03,Q1 2007 to Q2 2026,78
HLNE,Hamilton Lane Inc. CL A,2025,2025,1,1,1,False,0,1,0,0,,1,-1,2.4,stock_life_cycles,2026-09-03,Q1 2007 to Q2 2026,78
HMA-OLD,Heartland Media Acquisitio A,2023,2023,1,1,1,False,0,1,0,0,,1,-1,2.4,stock_life_cycles,2026-09-03,Q1 2007 to Q2 2026,78
ENZN-OLD,Enzon Pharmaceuticals Inc.,2016,2016,1,1,1,False,0,1,0,0,,1,-1,2.4,stock_life_cycles,2026-09-03,Q1 2007 to Q2 2026,78
EPR,EPR Properties,2012,2012,1,1,1,False,0,1,0,0,,1,-1,2.4,stock_life_cycles,2026-09-03,Q1 2007 to Q2 2026,78
LINX,Linx SA,2021,2021,1,1,1,False,0,1,0,0,,1,-1,2.4,stock_life_cycles,2026-09-03,Q1 2007 to Q2 2026,78
LION-OLD,Lionheart III Corp Class A,2023,2023,1,1,1,False,0,1,0,0,,1,-1,2.4,stock_life_cycles,2026-09-03,Q1 2007 to Q2 2026,78
LIVB-OLD,Liv Capital Acquisition Co A,2023,2023,1,1,1,False,0,1,0,0,,1,-1,2.4,stock_life_cycles,2026-09-03,Q1 2007 to Q2 2026,78
ENCP,Energem Corp   Class A,2022,2022,1,1,1,False,0,1,0,0,,1,-1,2.4,stock_life_cycles,2026-09-03,Q1 2007 to Q2 2026,78
CHT,Chunghwa Telecom Co. Ltd.,2015,2015,1,1,1,False,0,1,0,0,,1,-1,2.4,stock_life_cycles,2026-09-03,Q1 2007 to Q2 2026,78
MTRY-OLD,Monterey Bio Acquisition Cor,2022,2022,1,1,1,False,0,1,0,0,,1,-1,2.4,stock_life_cycles,2026-09-03,Q1 2007 to Q2 2026,78
SHLS,Shoals Technologies Group Inc. CL A,2023,2023,1,1,1,False,0,1,0,0,,1,-1,2.4,stock_life_cycles,2026-09-03,Q1 2007 to Q2 2026,78
MRKR,Marker Therapeutics Inc.,2026,2026,1,1,1,False,0,1,0,0,,1,-1,2.4,stock_life_cycles,2026-09-03,Q1 2007 to Q2 2026,78
MSSAR-OLD,Metal Sky Star Acquisi Right,2022,2022,1,1,1,False,0,1,0,0,,1,-1,2.4,stock_life_cycles,2026-09-03,Q1 2007 to Q2 2026,78
WRAC-OLD,Williams Rowland Acquisition Corp.,2023,2023,1,1,1,False,0,1,0,0,,1,-1,2.4,stock_life_cycles,2026-09-03,Q1 2007 to Q2 2026,78
AGCUU,Altimeter Growth Corp. Units,2021,2021,1,1,1,False,0,1,0,0,,1,-1,2.4,stock_life_cycles,2026-09-03,Q1 2007 to Q2 2026,78
AGCWW,Altimeter Growth Corp WTS,2021,2021,1,1,1,False,0,1,0,0,,1,-1,2.4,stock_life_cycles,2026-09-03,Q1 2007 to Q2 2026,78
ONYX-OLD2,Onyx Acquisition Co I Cl A,2023,2023,1,1,1,False,0,1,0,0,,1,-1,2.4,stock_life_cycles,2026-09-03,Q1 2007 to Q2 2026,78
CRYP-OLD,CryptoLogic Ltd.,2009,2009,1,1,1,False,0,1,0,0,,1,-1,2.4,stock_life_cycles,2026-09-03,Q1 2007 to Q2 2026,78
WBMD,WebMD Health Corp.,2013,2013,1,1,1,False,0,1,0,0,,1,-1,2.4,stock_life_cycles,2026-09-03,Q1 2007 to Q2 2026,78
SAGAR-OLD,Sagaliam Acquisition Corp,2022,2022,1,1,1,False,0,1,0,0,,1,-1,2.4,stock_life_cycles,2026-09-03,Q1 2007 to Q2 2026,78
SANB-OLD,Sanaby Health Acq Corp   A,2022,2022,1,1,1,False,0,1,0,0,,1,-1,2.4,stock_life_cycles,2026-09-03,Q1 2007 to Q2 2026,78
SBBX,SB One Bancorp,2020,2020,1,1,1,False,0,1,0,0,,1,-1,2.4,stock_life_cycles,2026-09-03,Q1 2007 to Q2 2026,78
SHQA-OLD,Shelter Acquisition Corp.,2022,2022,1,1,1,False,0,1,0,0,,1,-1,2.4,stock_life_cycles,2026-09-03,Q1 2007 to Q2 2026,78
SIER-OLD,Sierra Lake Acquisition Co A,2022,2022,1,1,1,False,0,1,0,0,,1,-1,2.4,stock_life_cycles,2026-09-03,Q1 2007 to Q2 2026,78
BPAC-OLD,Bullpen Parlay Acquisition A,2023,2023,1,1,1,False,0,1,0,0,,1,-1,2.4,stock_life_cycles,2026-09-03,Q1 2007 to Q2 2026,78
BRAC-OLD,Broad Capital Acquisition Co,2023,2023,1,1,1,False,0,1,0,0,,1,-1,2.4,stock_life_cycles,2026-09-03,Q1 2007 to Q2 2026,78
MSSAW-OLD,Metal Sky Star Acq  WTS27,2022,2022,1,1,1,False,0,1,0,0,,1,-1,2.4,stock_life_cycles,2026-09-03,Q1 2007 to Q2 2026,78
DLB,Dolby Laboratories Inc.,2023,2023,1,1,1,False,0,1,0,0,,1,-1,2.4,stock_life_cycles,2026-09-03,Q1 2007 to Q2 2026,78
LSPR-OLD,Larkspur Health Acquisitio A,2022,2022,1,1,1,False,0,1,0,0,,1,-1,2.4,stock_life_cycles,2026-09-03,Q1 2007 to Q2 2026,78
LTG.L,LT Group Inc.,2024,2024,1,1,1,False,0,1,0,0,,1,-1,2.4,stock_life_cycles,2026-09-03,Q1 2007 to Q2 2026,78
LTRX,Lantronix Inc.,2025,2025,1,1,1,False,0,1,0,0,,1,-1,2.4,stock_life_cycles,2026-09-03,Q1 2007 to Q2 2026,78
SEPA-OLD,SEP Acquisition Corp.,2022,2022,1,1,1,False,0,1,0,0,,1,-1,2.4,stock_life_cycles,2026-09-03,Q1 2007 to Q2 2026,78
SGII-OLD,Seaport Global Acquisition A,2023,2023,1,1,1,False,0,1,0,0,,1,-1,2.4,stock_life_cycles,2026-09-03,Q1 2007 to Q2 2026,78
AIU-OLD,Meta Data Ltd,2022,2022,1,1,1,False,0,1,0,0,,1,-1,2.4,stock_life_cycles,2026-09-03,Q1 2007 to Q2 2026,78
GENQ-OLD,Genesis Unicorn Capital Co A,2023,2023,1,1,1,False,0,1,0,0,,1,-1,2.4,stock_life_cycles,2026-09-03,Q1 2007 to Q2 2026,78
CRHC.WS,Cohn Robbins Holdings Corp. WTS,2022,2022,1,1,1,False,0,1,0,0,,1,-1,2.4,stock_life_cycles,2026-09-03,Q1 2007 to Q2 2026,78
GDST,Goldenstone Acquisition Ltd,2023,2023,1,1,1,False,0,1,0,0,,1,-1,2.4,stock_life_cycles,2026-09-03,Q1 2007 to Q2 2026,78
GDSTW,Goldenstone Acquisitio  WTS23,2022,2022,1,1,1,False,0,1,0,0,,1,-1,2.4,stock_life_cycles,2026-09-03,Q1 2007 to Q2 2026,78
LOVLQ-OLD,Spark Networks Inc.,2022,2022,1,1,1,False,0,1,0,0,,1,-1,2.4,stock_life_cycles,2026-09-03,Q1 2007 to Q2 2026,78
LPS,Lender Processing Services Inc.,2012,2012,1,1,1,False,0,1,0,0,,1,-1,2.4,stock_life_cycles,2026-09-03,Q1 2007 to Q2 2026,78
SHAP-OLD,Spree Acquisition Corp 1 Ltd,2023,2023,1,1,1,False,0,1,0,0,,1,-1,2.4,stock_life_cycles,2026-09-03,Q1 2007 to Q2 2026,78
SHFS,SHF Holdings Inc.,2022,2022,1,1,1,False,0,1,0,0,,1,-1,2.4,stock_life_cycles,2026-09-03,Q1 2007 to Q2 2026,78
DUET-OLD,Duet Acquisition Corp Cl A,2023,2023,1,1,1,False,0,1,0,0,,1,-1,2.4,stock_life_cycles,2026-09-03,Q1 2007 to Q2 2026,78
ACDI-OLD,Ascendant Digital Acqu Cl A,2023,2023,1,1,1,False,0,1,0,0,,1,-1,2.4,stock_life_cycles,2026-09-03,Q1 2007 to Q2 2026,78
GPRE,Green Plains Inc.,2025,2025,1,1,1,False,0,1,0,0,,1,-1,2.4,stock_life_cycles,2026-09-03,Q1 2007 to Q2 2026,78
GROV,Grove Collaborative Holdings,2022,2022,1,3,1,False,1,1,0,1,Q2 2022,1,-1,2.4,stock_life_cycles,2026-09-03,Q1 2007 to Q2 2026,78
YOTAU-OLD,Yotta Acquisition Corp,2022,2022,1,1,1,False,0,1,0,0,,1,-1,2.4,stock_life_cycles,2026-09-03,Q1 2007 to Q2 2026,78
GMFI-OLD,Aetherium Acquisition Corp A,2023,2023,1,1,1,False,0,1,0,0,,1,-1,2.4,stock_life_cycles,2026-09-03,Q1 2007 to Q2 2026,78
ZUMZ,Zumiez Inc.,2025,2025,1,1,1,False,0,1,0,0,,1,-1,2.4,stock_life_cycles,2026-09-03,Q1 2007 to Q2 2026,78
ACAXR-OLD,Alset Capital Acquisitio Rts,2022,2022,1,1,1,False,0,1,0,0,,1,-1,2.4,stock_life_cycles,2026-09-03,Q1 2007 to Q2 2026,78
HCAT,Health Catalyst Inc.,2022,2022,1,1,1,False,0,1,0,0,,1,-1,2.4,stock_life_cycles,2026-09-03,Q1 2007 to Q2 2026,78
XLS,Exelis Inc.,2014,2014,1,3,1,False,1,1,0,1,Q2 2014,1,-1,2.4,stock_life_cycles,2026-09-03,Q1 2007 to Q2 2026,78
SBOW,SilverBow Resources Inc.,2024,2024,1,1,1,False,0,1,0,0,,1,-1,2.4,stock_life_cycles,2026-09-03,Q1 2007 to Q2 2026,78
YALA,Yalla Group Ltd,2021,2021,1,1,1,False,0,1,0,0,,1,-1,2.4,stock_life_cycles,2026-09-03,Q1 2007 to Q2 2026,78
DSI,Ishares Esg Msci Kld 400 ETF,2024,2024,1,1,1,False,0,1,0,0,,1,-1,2.4,stock_life_cycles,2026-09-03,Q1 2007 to Q2 2026,78
DNK,Phoenix Tree Holdings,2021,2021,1,1,1,False,0,1,0,0,,1,-1,2.4,stock_life_cycles,2026-09-03,Q1 2007 to Q2 2026,78
DNQAF-OLD,Denali Capital Acquisition A,2023,2023,1,1,1,False,0,1,0,0,,1,-1,2.4,stock_life_cycles,2026-09-03,Q1 2007 to Q2 2026,78
QYLD,Global X Nasd 100 Cov Call,2025,2025,1,1,1,False,0,1,0,0,,1,-1,2.4,stock_life_cycles,2026-09-03,Q1 2007 to Q2 2026,78
ITAQ-OLD,Industrial Tech Acquisitio A,2023,2023,1,1,1,False,0,1,0,0,,1,-1,2.4,stock_life_cycles,2026-09-03,Q1 2007 to Q2 2026,78
NLC,Nalco Holding Co.,2010,2010,1,3,1,False,0,1,1,1,,1,-1,2.4,stock_life_cycles,2026-09-03,Q1 2007 to Q2 2026,78
FLAG,First Light Acquisition Gr A,2022,2022,1,1,1,False,0,1,0,0,,1,-1,2.4,stock_life_cycles,2026-09-03,Q1 2007 to Q2 2026,78
TMKR-OLD,Tastemaker Acquisition Corp.,2022,2022,1,1,1,False,0,1,0,0,,1,-1,2.4,stock_life_cycles,2026-09-03,Q1 2007 to Q2 2026,78
FLYA-OLD,Soar Technology Acquisitio A,2022,2022,1,1,1,False,0,1,0,0,,1,-1,2.4,stock_life_cycles,2026-09-03,Q1 2007 to Q2 2026,78
ATAK-OLD,Aurora Technology Acquisi A,2023,2023,1,1,1,False,0,1,0,0,,1,-1,2.4,stock_life_cycles,2026-09-03,Q1 2007 to Q2 2026,78
ATAKW-OLD,Aurora Technology Acquis  28,2022,2022,1,1,1,False,0,1,0,0,,1,-1,2.4,stock_life_cycles,2026-09-03,Q1 2007 to Q2 2026,78
TRAQ-OLD,Trine Ii Acquisition Corp  A,2023,2023,1,1,1,False,0,1,0,0,,1,-1,2.4,stock_life_cycles,2026-09-03,Q1 2007 to Q2 2026,78
TRC,Tejon Ranch Co.,2019,2019,1,1,1,False,0,1,0,0,,1,-1,2.4,stock_life_cycles,2026-09-03,Q1 2007 to Q2 2026,78
ZTAQU-OLD,Zimmer Energy Transition Acquisition Corp. Units,2021,2021,1,3,1,False,1,1,0,1,Q2 2021,1,-1,2.4,stock_life_cycles,2026-09-03,Q1 2007 to Q2 2026,78
GOAC.WS,GO Acquisition Corp. WTS,2022,2022,1,1,1,False,0,1,0,0,,1,-1,2.4,stock_life_cycles,2026-09-03,Q1 2007 to Q2 2026,78
GOGN-OLD,Gogreen Investments Corp,2023,2023,1,1,1,False,0,1,0,0,,1,-1,2.4,stock_life_cycles,2026-09-03,Q1 2007 to Q2 2026,78
CUROQ-OLD,CURO Group Holdings Corp.,2022,2022,1,3,1,False,1,1,0,1,Q2 2022,1,-1,2.4,stock_life_cycles,2026-09-03,Q1 2007 to Q2 2026,78
OLIT-OLD,Omnilit Acquisition Corp A,2023,2023,1,1,1,False,0,1,0,0,,1,-1,2.4,stock_life_cycles,2026-09-03,Q1 2007 to Q2 2026,78
DTCR,Global X Data Center & Digit,2025,2025,1,1,1,False,0,1,0,0,,1,-1,2.4,stock_life_cycles,2026-09-03,Q1 2007 to Q2 2026,78
DTRT-OLD,Dtrt Health Acq Corp A,2022,2022,1,1,1,False,0,1,0,0,,1,-1,2.4,stock_life_cycles,2026-09-03,Q1 2007 to Q2 2026,78
ABCM-OLD,Abcam Plc Spon ADR,2023,2023,1,2,1,False,0,1,0,1,,1,-2,2.3,stock_life_cycles,2026-09-03,Q1 2007 to Q2 2026,78
WLFC,Willis Lease Finance Corp.,2025,2025,1,2,1,False,0,1,0,1,,1,-2,2.3,stock_life_cycles,2026-09-03,Q1 2007 to Q2 2026,78
HNRA-OLD,HNR Acquisition Corp.,2024,2024,1,2,1,False,0,1,0,1,,1,-2,2.3,stock_life_cycles,2026-09-03,Q1 2007 to Q2 2026,78
FYBR-OLD,Frontier Communications Parent Inc.,2023,2023,1,2,1,False,0,1,0,1,,1,-2,2.3,stock_life_cycles,2026-09-03,Q1 2007 to Q2 2026,78
NWLI,National Western Life Group Inc.,2024,2024,1,2,1,False,0,1,0,1,,1,-2,2.3,stock_life_cycles,2026-09-03,Q1 2007 to Q2 2026,78
CPLG-OLD,CorePoint Lodging Inc.,2019,2019,1,2,1,False,0,1,0,1,,1,-2,2.3,stock_life_cycles,2026-09-03,Q1 2007 to Q2 2026,78
UMC,United Microelectronics Corp.,2024,2024,1,2,1,False,0,1,0,1,,1,-2,2.3,stock_life_cycles,2026-09-03,Q1 2007 to Q2 2026,78
AY-OLD,Atlantica Yield plc,2016,2016,1,2,1,False,0,1,0,1,,1,-2,2.3,stock_life_cycles,2026-09-03,Q1 2007 to Q2 2026,78
DVY,Ishares Select Dividend ETF,2025,2025,1,2,1,False,0,1,0,1,,1,-2,2.3,stock_life_cycles,2026-09-03,Q1 2007 to Q2 2026,78
DFAE,Dimensional Emerging Core Eq,2025,2025,1,2,1,False,0,1,0,1,,1,-2,2.3,stock_life_cycles,2026-09-03,Q1 2007 to Q2 2026,78
CLMT,Calumet Specialty Products,2007,2007,1,4,1,False,1,1,0,2,Q1 2007,1,-2,2.3,stock_life_cycles,2026-09-03,Q1 2007 to Q2 2026,78
BIVV,Bioverativ Inc.,2017,2017,1,4,1,False,1,1,0,2,Q1 2017,1,-2,2.3,stock_life_cycles,2026-09-03,Q1 2007 to Q2 2026,78
STRYQ-OLD,Starry Group Holdings Inc A,2022,2022,1,4,1,False,1,1,0,2,Q1 2022,1,-2,2.3,stock_life_cycles,2026-09-03,Q1 2007 to Q2 2026,78
EADSY,Airbus SE Unsp ADR,2019,2019,1,2,1,False,0,1,0,1,,1,-2,2.3,stock_life_cycles,2026-09-03,Q1 2007 to Q2 2026,78
SWMAF,Swedish Match AB,2022,2022,1,2,1,False,0,1,0,1,,1,-2,2.3,stock_life_cycles,2026-09-03,Q1 2007 to Q2 2026,78
NEOG,Neogen Corp.,2025,2025,1,2,1,False,0,1,0,1,,1,-2,2.3,stock_life_cycles,2026-09-03,Q1 2007 to Q2 2026,78
TAL-OLD,TAL International Group Inc.,2010,2010,1,4,1,False,1,1,0,2,Q1 2010,1,-2,2.3,stock_life_cycles,2026-09-03,Q1 2007 to Q2 2026,78
FDMT,4D Molecular Therapeutics Inc.,2024,2024,1,2,1,False,0,1,0,1,,1,-2,2.3,stock_life_cycles,2026-09-03,Q1 2007 to Q2 2026,78
BOAC-OLD,Buescape Opportunities Acquisition Corp.,2021,2021,1,4,1,False,1,1,0,2,Q1 2021,1,-2,2.3,stock_life_cycles,2026-09-03,Q1 2007 to Q2 2026,78
LVLT,Level 3 Communications Inc.,2013,2013,1,2,1,False,0,1,0,1,,1,-2,2.3,stock_life_cycles,2026-09-03,Q1 2007 to Q2 2026,78
MTRBF,Metro Bank Holdings Plc,2024,2024,1,2,1,False,0,1,0,1,,1,-2,2.3,stock_life_cycles,2026-09-03,Q1 2007 to Q2 2026,78
SLG,SL Green Realty Corp.,2024,2024,1,2,1,False,0,1,0,1,,1,-2,2.3,stock_life_cycles,2026-09-03,Q1 2007 to Q2 2026,78
SGEN-OLD2,Seattle Genetics Inc.,2009,2009,1,2,1,False,0,1,0,1,,1,-2,2.3,stock_life_cycles,2026-09-03,Q1 2007 to Q2 2026,78
KIN,Kindred Biosciences Inc.,2016,2016,1,2,1,False,0,1,0,1,,1,-2,2.3,stock_life_cycles,2026-09-03,Q1 2007 to Q2 2026,78
ASAPQ,Waitr Holdings Inc.,2020,2020,1,3,1,False,0,1,0,2,,1,-3,2.2,stock_life_cycles,2026-09-03,Q1 2007 to Q2 2026,78
ALE-OLD,ALLETE Inc.,2025,2025,1,3,1,False,0,1,0,2,,1,-3,2.2,stock_life_cycles,2026-09-03,Q1 2007 to Q2 2026,78
FCFS,FirstCash Inc.,2022,2022,1,3,1,False,0,1,0,2,,1,-3,2.2,stock_life_cycles,2026-09-03,Q1 2007 to Q2 2026,78
JNPR-OLD,Juniper Networks,2025,2025,1,3,1,False,0,1,0,2,,1,-3,2.2,stock_life_cycles,2026-09-03,Q1 2007 to Q2 2026,78
UFCS,United Fire Group Inc.,2025,2025,1,3,1,False,0,0,0,3,,0,-3,2.2,stock_life_cycles,2026-09-03,Q1 2007 to Q2 2026,78
ATSG-OLD,Air Transport Services Group Inc.,2010,2011,2,8,1,False,0,1,0,7,,1,-8,2.2,stock_life_cycles,2026-09-03,Q1 2007 to Q2 2026,78
VIV,Telefonica Brasil,2024,2024,1,3,1,False,0,1,0,2,,1,-3,2.2,stock_life_cycles,2026-09-03,Q1 2007 to Q2 2026,78
AZEK-OLD,AZEK Co. Inc. CL A,2025,2025,1,3,1,False,0,1,0,2,,1,-3,2.2,stock_life_cycles,2026-09-03,Q1 2007 to Q2 2026,78
AVID-OLD,Avid Technology,2022,2022,1,3,1,False,0,1,0,2,,1,-3,2.2,stock_life_cycles,2026-09-03,Q1 2007 to Q2 2026,78
SAIL-OLD,SailPoint Technologies Holdings,2020,2020,1,3,1,False,0,1,0,2,,1,-3,2.2,stock_life_cycles,2026-09-03,Q1 2007 to Q2 2026,78
